shap_Hour,shap_Day,shap_DayOfWeek,shap_IsWeekend,shap_Sender Bank ID,shap_Receiver Bank ID,shap_is_cross_bank,shap_is_self_transfer,shap_Amount_Paid_Log,shap_Amount_Received_Log,shap_Amount_Diff_Log,shap_amount_vs_account_median,shap_Payment_Currency_Encoded,shap_Receiving_Currency_Encoded,shap_is_currency_mismatch,shap_is_amount_outlier_iqr,shap_is_amount_outlier_zscore,shap_is_account_level_outlier,shap_outlier_score,shap_is_outlier,shap_txn_count_per_sender_hour,shap_txn_count_per_sender_day,shap_is_high_velocity,shap_fmt_ACH,shap_fmt_Bitcoin,shap_fmt_Cash,shap_fmt_Cheque,shap_fmt_Credit Card,shap_fmt_Reinvestment,shap_fmt_Wire,actual_label,predicted_proba
-0.6551801,-0.74778277,-0.13000652,-0.011015801,-0.29440144,-0.25013548,-1.5075539,-0.50083417,-0.051612277,-0.09398279,0.0030824114,-0.1504632,-0.034274857,-0.114113875,0.01334457,-0.06461234,-0.0002463661,0.00013622743,-0.032082055,0.0064755254,-0.8363607,-0.4445849,-0.071000196,-2.1769776,-0.053519975,0.0135819325,0.06879514,0.059597004,0.0016734061,0.003099145,0,0.00032159287
-1.252617,0.0046418463,-0.06524878,0.050144218,-0.45649043,-0.17728311,0.02122934,0.008828371,-0.22672676,-0.6013974,0.0016490662,-0.03761973,-0.13812405,0.003303831,0.0009952735,0.0292743,-8.64364e-06,-0.018075522,-0.08304746,0.009447828,-1.39883,-0.8849272,0.075952254,-1.5592792,-0.06348518,0.006524552,0.05010075,-0.5908358,-0.00047626812,0.0022042019,0,0.0006879354
-0.85386086,-1.1087793,-0.13753094,-0.020189324,0.000683922,0.23740415,0.06365283,0.04320263,0.22340043,0.3216073,0.006609679,-0.027975364,-0.043836247,0.033429153,0.0037913106,0.07509474,-9.558551e-05,0.0008684866,0.010911932,-0.013556477,-0.075128905,-0.29118386,-0.026237281,2.118514,-0.01404689,0.026543282,0.20868993,0.12318444,-0.0017268881,0.0071220826,1,0.71087056
-1.2687019,-0.27616623,-0.3611028,-0.013971554,-0.025590304,-0.03265805,0.023693275,0.008323055,-0.22316788,-0.54587644,0.0017024884,-0.27391878,0.030167254,-0.019784097,0.0011286918,0.047495443,-2.2618437e-05,-0.015353715,0.009917691,-0.04203836,-1.3932989,-0.6745785,-0.049644288,-1.5634605,-0.062376123,0.009393434,-0.565805,0.036893595,-0.0002471186,0.0021707695,0,0.0007255715
-1.423616,-0.7157367,-0.15041143,-0.018740032,-0.12553097,-0.009480323,-1.525957,-0.33163702,-0.24842761,-0.51064944,0.0017223248,0.046924744,0.02243532,-0.02160001,0.0073603485,0.052704696,-4.044135e-05,-0.0075601256,-0.06802219,-0.029563956,-1.2022269,-0.49968523,-0.042057738,-1.2998216,-0.041829787,0.009856311,0.038106747,0.021940172,0.0028071892,0.00224216,0,0.0003166358
-1.26118,-0.36233744,-0.23272432,-0.011619302,-0.01242831,0.06583371,0.043467645,0.02899497,0.009551162,0.1823602,0.0072628222,-0.52354515,-0.07323546,0.026316594,0.0039600194,0.05376912,-9.260577e-06,-0.09345896,-0.004445604,0.0025474762,-0.094164856,-0.34032506,-0.029865267,2.1774945,-0.01714044,0.021504179,0.21753122,0.122568496,-0.000534807,0.0071220826,1,0.48059043
-0.7565903,-0.17755179,-0.32346746,-0.011865485,-0.07194261,-0.039068677,0.027984727,0.009607165,-0.20976868,-0.64087075,0.0017288864,0.08904017,0.034385454,-0.022101162,0.0010344521,0.048878137,-1.322949e-05,-0.014428112,0.010385227,-0.034157585,-1.0968634,-0.8810967,-0.051241133,-2.2461846,-0.058013592,0.0077878283,0.06337008,-0.81380206,-0.0005800308,0.0022402124,0,0.0007888738
-0.84096986,-0.03870414,-0.35700464,-0.02035141,-0.16964185,-0.06798201,0.031189071,0.014086449,-0.9003569,-1.8710061,0.0030605516,0.04559915,-0.037517108,-0.065558404,0.0019293964,0.03909843,-8.64364e-06,-0.026701711,0.00017957232,-0.025579983,-1.3152957,-0.5238566,-0.029667724,1.2401967,-0.01706011,0.019937983,0.1391787,0.07412091,-0.00020785796,0.004417057,0,0.009144421
-0.8179387,-0.6936168,-0.030185763,-0.036949217,-0.65444875,0.029824499,0.019522479,0.011842294,-0.106325045,-0.1579308,0.0021929445,-0.06632414,-0.08428334,-0.21643165,0.001314359,-0.27254838,-4.044135e-05,-0.061443496,-0.12606268,0.012568761,-1.1218151,-0.82168037,-0.06752143,-1.7301406,-0.039706778,0.0059167338,-0.671842,0.058240797,-0.0006898213,0.00293994,0,0.00048809504
-0.6441489,-0.035477784,-0.48481962,-0.017755449,0.0188048,0.064675465,0.041172516,0.020126987,0.26198032,0.4144339,0.007114222,-0.52309245,-0.0022039148,-0.03048597,0.0041472977,0.15432523,-8.64364e-06,-0.009403913,0.0035351627,-0.01853984,-1.3243635,-0.56922865,-0.033368442,2.101534,-0.016102284,0.029428424,0.21773846,0.123206854,-0.00031255817,0.007343122,1,0.44258204
-0.59541506,-0.3217642,-0.3397356,-0.06280538,-0.15853556,0.1540279,0.028545942,0.0092094,-0.048981987,-0.1347638,0.0026351914,0.028174197,-0.5187271,-0.17632632,0.0016741314,-0.18989705,-8.64364e-06,-0.03175937,-0.07327031,0.013231179,-1.513926,-0.5996434,-0.07923439,-1.9308344,-0.037590403,0.009528462,-0.70756567,0.044811245,-0.00029153086,0.0029202527,0,0.00073326955
-0.11060254,6.756354e-05,-0.09096156,0.04910904,-0.05283124,0.049027205,0.04588134,0.021731967,-0.047509376,0.12939815,0.007399032,0.11848536,0.010466378,0.0043253014,0.0042799963,0.09725073,-4.9424183e-05,-0.013334058,0.0012101865,-0.007887034,-0.31471446,-0.24040444,-0.024658365,2.2721066,-0.016310053,0.029779077,0.23871568,0.13674256,-0.00038612523,0.007343122,1,0.9099254
-0.6861448,-0.44450837,-0.23798276,-0.010613281,0.320069,0.005569102,0.02820806,0.009245415,-0.059585452,-0.19365984,0.0024995655,0.07181313,0.033581667,0.010050433,0.0014376662,0.04602755,-8.643641e-06,-0.0039414153,-0.010638767,0.028058983,0.57307446,0.5993227,0.14385533,-1.094058,-0.01617431,-0.021384537,-0.06052435,-0.64637506,-0.00025592314,0.00263106,1,0.16779184
-0.088618256,-0.19526672,-0.2422491,-0.025334297,-0.20824294,0.062251102,0.055661466,0.017840737,0.2908641,0.41550976,0.008342075,-0.0012007201,0.0023644767,-0.029754555,0.0055598514,0.16332208,-8.64364e-06,-0.02944932,0.006592099,-0.018444467,-1.8394445,-0.24394219,-0.023943752,2.0151632,-0.015121693,0.028585557,0.20744874,0.12823497,-0.0002780885,0.007039069,1,0.6136146
-1.4115764,-0.22499433,-0.20195471,-0.013559439,-0.07186064,-0.019497713,0.027661668,0.008383562,-0.17316717,-0.45768103,0.0016598009,0.054459997,0.033027913,-0.009953198,0.0010189125,0.05786089,-8.64364e-06,-0.017619884,-0.1027683,0.010183693,-1.540731,-0.7338213,0.07518415,-1.6202222,-0.04526117,0.0068947766,0.047033522,-0.73094,-0.00045466505,0.0022042019,0,0.0008740932
-1.2195807,-0.40775445,-0.14977767,-0.017356195,-0.07855762,-0.013891295,0.029201167,0.010201716,-0.03713883,-0.015980292,0.0022801606,0.04367956,-0.042085238,0.0015742575,0.0014669835,0.040502895,-8.64364e-06,-0.0055150962,0.0017130859,-0.043410003,-1.4868635,-0.63870156,-0.05643277,-1.8520728,-0.04502269,0.010418141,-0.6696591,0.05348327,-0.0003316427,0.0028597396,0,0.0013946639
-1.4784529,0.07275811,-0.25083652,-0.010512704,-0.6221562,0.03407025,0.07640247,0.031586245,0.29973987,0.17771675,0.0014098532,0.16072437,0.0710559,0.01870482,0.0010016622,0.017043406,-4.9424183e-05,-0.0017732373,-0.00035792918,-0.018959155,0.17045948,-0.22675134,0.005382028,-0.5278631,1.0188966,0.016690504,0.10799178,0.08773349,-0.00028848226,0.004417057,1,0.31969738
-1.1030648,-0.11283617,-0.16360697,-0.0242445,-0.23767431,-0.030144433,0.038892973,0.018657252,0.24244037,0.38156417,0.007096042,-0.08240074,0.049892407,0.0144391125,0.0041405107,0.13888943,-6.685659e-06,0.021533784,0.0203415,0.0070816292,-1.0884775,-0.4099107,-0.025527056,2.0032568,-0.014524004,0.027296953,0.15667026,0.12790532,-0.0002920428,0.007343122,1,0.49594665
-0.7172262,-0.11427908,-0.34007114,-0.01756533,-0.121712655,0.087403394,0.04664012,0.018541893,-0.12645298,-0.3450287,0.006838221,0.14212179,0.019329837,0.010551004,0.003578968,0.06962152,-4.9424183e-05,-0.016292047,0.018635431,-0.012495921,-0.31697232,-0.25789163,-0.023298608,2.1751788,-0.015451981,0.030843455,0.22616434,0.12588976,-0.00037351233,0.007343122,1,0.63935685
-0.7496946,-0.0021332293,-0.12697606,0.06704388,-0.010802072,0.060498916,0.05528735,0.019643012,0.25317302,0.5074793,0.007678017,0.13244526,-0.00015778924,0.05355064,0.0043144454,0.0819952,-1.322949e-05,-0.012166514,0.0019063416,-0.0035824194,-0.20557491,-0.16984616,-0.025217982,2.4679806,-0.014988628,0.03103275,0.2370958,0.12541926,-0.00039142574,0.007343122,1,0.9427512
-0.58625543,-0.74947846,-0.10585143,-0.023964062,-0.36824608,-0.63101894,-1.3675977,-0.38542077,-0.07581499,-0.17237006,0.0025011532,-0.2422504,-0.020888902,-0.046255633,0.010677166,0.01379283,-0.0010200533,-0.009875135,-0.0049042613,-0.032426342,-0.78071594,-0.6212752,-0.033550117,-1.8059927,-0.052075796,0.011452049,0.04559079,0.053810757,0.009175418,0.0024028458,0,0.0003494536
-1.621947,-0.23402119,-0.11125331,-0.01584716,0.28237078,-0.50307864,0.0274264,0.0071316604,-0.15893537,-0.41453624,0.0014567532,0.01257034,-0.092454314,0.022691628,0.00095381413,0.026085146,-8.643641e-06,0.013608828,-0.13023242,0.017386276,0.5242616,0.49648005,0.15144293,-0.4726751,-0.01667084,-0.021240534,-0.51526105,-0.021406267,-0.00022893348,0.002110256,0,0.060952716
-0.83846,-0.27368355,-0.27763715,-0.042265292,-0.120983236,-0.5566527,0.04605203,0.025521826,0.20535417,0.42817912,0.007534066,0.08987641,-0.06830412,0.06870131,0.0041686194,0.07596668,-1.322949e-05,-0.0015816013,0.0052028755,-0.012914398,-0.04604459,-0.39371416,-0.031490132,2.2976952,-0.019508354,0.0303563,0.21823075,0.12507996,-0.00038355135,0.007343122,1,0.723258
-0.41239086,-0.091202945,-0.35197696,-0.023705902,-0.03715851,0.34634656,0.04594496,0.023291443,0.20288166,0.40160385,0.0075136703,0.11095718,0.009211879,0.0072058635,0.0042572403,0.10597603,-4.9424183e-05,-0.016075669,0.02816385,-0.01136705,-0.17687866,-0.26619238,-0.024872616,2.3771584,-0.01545627,0.03341017,0.24003214,0.13715301,-0.00037351233,0.007343122,1,0.935221
-1.5353155,-0.8503761,-0.20550816,-0.02924885,-0.25619707,-0.46759817,-1.472307,-0.49758428,-0.046730798,-0.17305171,0.0016267883,-0.044036105,-0.27664572,-0.038266145,0.010846664,-0.2717659,-0.0010200533,-0.017011527,-0.15466808,-0.00308056,-0.8603691,-0.5189294,-0.061609972,-1.8595808,-0.043169424,0.012579101,0.059409197,0.04094515,0.0011668052,0.003099145,0,7.1528e-05
-0.7738271,3.0924268,-0.02909994,0.047991663,-0.021700088,0.023838464,0.036519583,0.021480042,0.21640326,0.27639237,0.011120593,-0.31751978,-0.011705383,-0.0742735,0.005134515,0.08196632,-4.9424183e-05,-0.004701956,0.0029424594,-0.012350336,-0.22977313,-0.47382703,-0.021971948,2.183651,-0.01607977,0.031166766,0.21327485,0.13508898,-0.00040701288,0.007343122,1,0.987973
-0.50638634,-0.45131588,-0.11027671,-0.011929267,0.3422362,0.06840544,0.03105966,0.009164564,-0.11981479,-0.21809429,0.0019568207,0.07969955,-0.069025695,0.018497886,0.0011485205,0.032619722,-4.044135e-05,0.012391,-0.031722154,0.04136577,0.74066174,0.8893057,0.17149585,-0.6169372,-0.012639556,-0.0168054,-0.5665697,-0.010678488,-0.0003588773,0.002260101,1,0.4276922
-0.25522563,3.079083,-0.15763468,-0.018116165,0.071631014,-0.24450807,0.03264523,0.021171637,0.17808521,0.2840977,0.011023028,-0.40256333,0.022269236,-0.024482952,0.005000913,0.08412631,-4.9424183e-05,-0.02478935,0.00039745006,0.0038889297,-0.5217559,-0.63606364,-0.024537412,2.13817,-0.016235407,0.031273033,0.15801434,0.13597822,-0.00041644892,0.007343122,1,0.98105097
-0.56236863,0.052722815,-0.87718624,-0.018160878,-0.6770259,-0.04712076,0.04384298,0.02008301,0.21628696,0.41822353,0.007506624,-0.20294611,-0.13340561,-0.22158182,0.0039856755,0.08282529,-1.322949e-05,0.01976329,-0.014803517,0.00603697,-0.23638259,-0.39589182,-0.036717292,2.2726421,-0.014360315,0.026961396,0.23235407,0.11829427,-0.00039709487,0.007343122,1,0.52487075
-0.7376425,-0.3292655,-0.30346966,-0.010350627,0.2438356,-0.26975286,0.03406548,0.009920052,-0.27724734,-0.5406045,0.0017118098,-0.06500552,-0.035079334,0.036727928,0.0011202395,0.012542625,-8.643641e-06,-0.021469198,-0.06882693,0.02918649,0.4307389,0.3819359,0.15728153,-0.76087916,-0.021651622,-1.0431298,0.010110049,-0.0475564,-0.00026999926,0.0025372817,1,0.040254563
-0.47210604,4.2016015,0.146252,-0.014081574,-0.28366172,0.1252107,0.029400362,0.018014044,0.24980041,0.31887373,0.012417062,-0.13087589,0.06983682,0.01534442,0.006307548,0.13965674,-2.2618437e-05,0.014029026,0.015926583,0.005281858,-0.9569392,-0.26122087,-0.031449605,2.2213323,-0.012816076,0.02938185,0.21232156,0.11597082,-0.00027903958,0.007039069,1,0.99698037
-0.9760841,-0.14882131,-0.24607125,0.05955723,-0.17067514,0.02333085,0.042238764,0.023413984,-0.068219796,-0.01529267,0.007019687,-0.35982034,0.02147909,0.050574057,0.0040003886,-0.06742433,-2.516625e-05,-0.011606749,-0.013651939,0.0017681477,-0.02433668,-0.5088966,-0.0111811785,1.9740198,-0.015764503,0.030337859,0.1982591,0.13547723,-0.00040398358,0.007343122,1,0.48740152
-1.3108248,-1.6367155,-0.05302476,-0.0364086,-0.123846665,-0.37333485,0.04466007,0.024046486,-0.02735297,-0.026780898,0.0053322427,-0.10352995,-0.1730181,0.09294096,0.0034331684,-0.27219063,-4.044135e-05,-0.09099405,-0.028069165,-0.0034326336,-1.6300178,-0.21850339,-0.030097703,1.4162024,-0.015563872,0.02311516,0.1508653,0.10236122,-0.00068228674,0.00681803,0,0.01371305
-0.8012347,-0.020679884,-0.18998903,0.060515475,0.20605482,-0.16335513,0.042858806,0.017193323,-0.35158,-0.8973235,0.003603377,0.15125217,-0.08083238,-0.008393485,0.0024444617,0.057710916,-4.9424183e-05,-0.015798815,-0.0016748648,-0.011524045,-0.22810358,-0.15350483,-0.034706667,2.0952697,-0.014290896,0.024403471,0.18624827,0.10608099,-0.0002750117,0.004971542,1,0.49858597
-0.083040856,0.049121745,-0.5140946,-0.011796912,-0.005429773,0.053182486,0.052880738,0.020471094,0.22255033,0.51169866,0.00764471,-0.22270991,-0.0019908985,0.045742773,0.004186356,0.076496996,-1.322949e-05,-0.011474059,0.0027605477,-0.012799305,-0.1604298,-0.40530342,-0.031739805,2.3805146,-0.015250086,0.030019509,0.23814815,0.12984467,-0.00040086178,0.007343122,1,0.91413385
-0.7192558,-0.23680046,-0.24963625,-0.00012792129,-0.03295761,0.020582141,0.03176392,0.013381617,-0.06975085,-0.10331335,0.0024814694,0.19276404,-0.32114294,-0.04442814,0.0014163032,-0.2320462,-2.516625e-05,0.0022769067,-0.03719184,0.010240958,-0.6072138,-0.3003061,-0.052018974,-2.0406656,-0.054901816,0.015032406,-0.5561092,0.07247197,-0.0005543789,0.00293994,0,0.0050463025
-1.1279044,-0.010123309,-0.546236,-0.011379278,0.031854536,-0.006185412,0.049385976,0.01741586,0.23115553,0.37834603,0.008125053,-0.12254244,0.0042525725,-0.03215623,0.0055626477,0.13253517,-6.685659e-06,-0.028696872,0.008864145,-0.0018992239,-1.7904468,-0.6906816,-0.016525207,1.8646181,-0.015763287,0.027641587,0.21183597,0.11489478,-0.00030013744,0.007039069,1,0.21445706
-0.801117,-0.6355937,-0.109925166,-0.02350455,-0.018958127,0.14801526,-1.6948678,-0.35790437,-0.27831098,-0.57062835,0.0020175725,0.0727652,-0.113139085,0.032010484,0.0069535356,0.04106873,-0.0010200533,-0.0003348128,0.0050543733,-0.03502181,-0.797352,-0.57696915,-0.05013488,-1.78916,-0.04753393,0.011296887,0.05407339,0.048720047,0.0029247182,0.00224216,0,0.00057229726
-0.61163664,-0.017540075,-0.44093195,-0.014963488,-0.03938887,-0.30604938,0.022470921,0.009366978,-0.18795115,-0.47025546,0.0017906046,-0.30896318,0.04354283,-0.051798474,0.0011236464,0.010659028,-8.64364e-06,-0.012848261,-0.0025953273,-0.05350745,-1.5178596,-0.961424,-0.04686273,-1.7407808,-0.07374683,0.009693616,0.07213098,-0.7249984,-0.0005728772,0.002392764,0,0.0006093808
-0.8262704,0.07012186,-0.3009157,-0.019331526,-0.08083232,0.025762618,0.033553213,0.023157306,0.033070747,0.084148735,0.0075113205,0.0014767163,0.028734846,0.03903511,0.004262819,-0.07706121,-4.9424183e-05,-0.021799227,-0.03301372,0.0014737125,-0.14365539,-0.22102049,-0.030370807,2.1968517,-0.015020736,0.030464318,0.24736917,0.13199537,-2.530871e-05,0.007343122,1,0.7695942
-0.19029957,-0.016660001,-0.061673507,0.04609563,-0.029741392,-0.044384886,0.027350686,0.009951747,-0.003411875,0.08204664,0.0029028347,-0.07499108,-0.09829126,0.011355335,0.0017515288,0.052895647,-8.64364e-06,-0.018456291,-0.0014473719,-0.053333793,-1.4147443,-0.89584064,-0.04817618,-2.4245167,-0.07109982,0.013442349,0.08800038,-0.87694365,-0.0005999868,0.0029794767,0,0.0025305203
-0.85214865,-0.078480005,-0.14924224,0.07478738,-0.030239984,0.09485195,0.069922656,0.032815907,-0.2996545,-0.6725634,0.0036125549,0.20321076,-0.08045059,0.00021980787,0.0025454804,0.04815709,-1.322949e-05,-0.007661318,0.00019009974,-0.013404755,0.32738882,-0.30003336,-0.027355243,2.1432712,-0.020038601,0.023344142,0.1997329,0.11458935,-0.0002950715,0.004971542,1,0.69446623
-0.5669272,0.0042267907,-0.38133976,-0.012759794,-0.042767208,0.013460075,0.027695779,0.008646407,-0.1925449,-0.5505113,0.0019537383,0.075916484,-0.12161167,-0.00029510015,0.001110854,0.03645033,-8.64364e-06,-0.020035487,-0.00054656895,-0.05460426,-1.5793372,-0.6829544,-0.05263374,-1.7763715,-0.052828904,0.010135289,0.045543976,-0.76355386,-0.0005647902,0.0022042019,0,0.0013372552
-0.5155392,-0.21981484,-0.20046383,-0.031870533,0.089620054,0.072308116,0.051014535,0.014857576,-0.5625442,-1.1535296,0.0036429602,0.09878027,-0.14907852,-0.003332058,0.0022088601,0.067101166,-8.64364e-06,-0.033836126,0.0021220187,-0.030185744,-2.0653985,-0.44736406,-0.029138181,1.4636906,-0.013678191,0.019417051,0.1334506,0.083285354,-0.00024244607,0.004334671,0,0.034186542
-0.6197875,-0.30638337,-0.12140046,-0.016025923,-0.72414476,-0.47914886,0.01566345,0.009399917,-0.1325669,-0.20348303,0.0025827866,0.019570947,-0.048277065,0.0012555423,0.0016277831,-0.06415517,-8.64364e-06,-0.039656047,-0.015581927,0.010615532,-1.1970128,-0.6002342,-0.05359023,-2.021958,-0.045696773,0.010776244,-0.72833663,0.05367853,-0.00028528826,0.0029202527,0,0.00068830367
-0.5671303,-0.14095336,-0.26200962,-0.04833806,-0.35399118,-0.08313029,0.020403566,0.010212759,0.08421183,0.15246382,0.0023630843,-0.011903217,0.009527656,-0.01928015,0.0015127978,0.046849344,-8.64364e-06,-0.021266807,-0.003175914,-0.05218134,-1.2082809,-0.49468324,-0.048856866,-2.4607027,-0.046512708,0.015080783,-0.8166942,0.06267894,-0.00029275008,0.003000453,0,0.0019812663
-1.1172323,-0.3356189,-0.19043568,-0.0076151965,-0.11093796,-0.33259326,0.04949808,0.020853704,-0.06942049,-0.22855066,0.0074619628,-0.039179698,-0.07211109,-0.10392849,0.004247318,0.026550215,-4.9424183e-05,-0.012479463,-0.008551214,-0.010628461,-0.21827611,-0.16041805,-0.044108674,2.1675193,-0.019972702,0.027562521,0.21108332,0.121312805,-0.00037296765,0.007343122,1,0.39412764
-0.61410713,-0.5534042,-0.08844068,-0.013086081,0.00048225772,-0.011254708,0.030940646,0.00848058,-0.06636066,-0.27399144,0.0021487772,-0.3564989,-0.09299025,-0.01232549,0.0013079253,0.04044623,-4.044135e-05,-0.011493012,0.0022271199,-0.054651067,-1.5520011,-0.54107285,-0.048081137,-1.6664501,-0.031851426,0.011042355,-0.64508134,0.043150652,-0.0004198171,0.0025296272,0,0.0015287254
-0.16693136,-0.1261088,-0.19530086,-0.020151334,0.083855525,0.08420417,0.06714582,0.035192143,-0.21648173,-0.5151679,0.003962882,0.34096098,-0.08909651,0.014958521,0.0024423357,0.04695927,-4.9424183e-05,-0.0067344476,-0.0007212998,-0.013775817,0.28255382,-0.3124467,-0.023769734,2.097664,-0.019088926,0.021965872,0.19842932,0.13072757,-0.00032489968,0.004971542,1,0.84798664
-0.57150334,-0.5772517,-0.1118614,-0.022822008,-0.10249902,-0.021997709,-1.5686339,-0.31229708,-0.24346949,-0.548427,0.0019310915,0.03208745,-0.12502678,-0.0138609875,0.00686018,0.04005913,-4.044135e-05,-0.007226227,0.0048082587,-0.044433188,-1.2964035,-0.50368285,-0.046613093,-1.4278556,-0.033063903,0.0104845585,0.044086557,0.043832187,0.003381392,0.0022046738,0,0.00062310055
-0.41312405,-0.41008195,-0.2906163,-0.02345824,0.27444237,0.032722652,0.028261052,0.010206619,-0.051235944,-0.1186156,0.0022859653,-0.019564234,-0.09040284,-0.14371985,0.0015253023,-0.30583137,-8.643641e-06,-0.29466337,-0.014455101,0.03441562,0.5978091,0.63239723,0.17920491,-0.9579204,-0.01455152,-0.042641953,-0.64498603,0.015834201,-0.00027070288,0.0028597396,1,0.117623426
-1.166181,-0.19182749,-0.3505456,-0.014361587,-0.44580698,0.023329858,0.019101279,0.0077929916,-0.2617611,-0.6110561,0.0016042817,0.083013065,0.03110419,-0.0011171469,0.0010219823,0.0554321,-8.64364e-06,-0.016384777,0.0061865523,-0.040316965,-1.2148929,-0.60398567,-0.04707791,-1.5501066,-0.04887482,0.010768668,-0.527649,0.036782887,-0.00025306665,0.0022062548,0,0.0011072009
-1.64411,-0.206339,-0.14116237,-0.00045483717,0.2805433,-0.28695115,0.029191146,0.008906753,-0.069514014,-0.1172862,0.002250658,0.06838198,-0.06796282,0.007987903,0.0013368103,0.01993544,-6.685659e-06,-0.004686995,-0.027826656,0.028408589,0.51747376,0.5317978,0.15864761,-0.7579711,-0.019865297,-0.019617299,-0.7268862,0.00633755,-0.00027446978,0.0028597396,0,0.08182527
-0.1274594,-0.13949677,-0.21231037,-0.02530358,0.037068732,0.042714108,0.042717766,0.019650541,-0.08307792,-0.028787542,0.0070944815,0.11429742,0.008865153,0.009127333,0.004154128,0.090938434,-8.64364e-06,-0.026617514,0.0019272901,-0.030881833,-1.4398677,-0.544793,-0.024307314,1.9812559,-0.015525529,0.027266545,0.20121585,0.11957395,-0.00029050923,0.007343122,1,0.5063838
-0.1532874,0.04807202,-0.29161745,-0.052094042,0.06641465,0.12322922,0.052071,0.020702206,0.07935502,0.28230783,0.0075120013,0.0818938,-0.08274688,-0.5349046,0.004237502,0.06828657,-4.9424183e-05,-0.0055158483,0.005357936,-0.004299603,-0.23568967,-0.13301572,-0.024757545,2.2681231,-0.013977969,0.031496424,0.23249796,0.13988796,-0.00037351233,0.007343122,1,0.8803249
-0.7767628,0.051205635,-0.5131513,0.00322177,-0.017759854,-0.53985804,0.05401927,0.015707543,0.0105930315,-0.042578094,0.0075302664,-0.03370207,-0.22245592,-0.07026861,0.0052553653,-0.35460916,-8.64364e-06,-0.05033714,-0.0066894526,0.03263306,-1.5752527,-0.70323,-0.031924665,1.8018616,-0.020210193,0.025965543,0.20166044,0.112431064,-0.00030013744,0.007039069,1,0.06780397
-0.07554813,0.01808476,-0.10100895,0.083736,-0.034303073,0.0979437,0.03945812,0.019438388,0.2391034,0.42915955,0.007023915,0.08566338,-0.008935153,0.007597722,0.0042295167,0.15879005,-8.64364e-06,-0.017866103,0.006723487,-0.017739953,-1.2109064,-0.48794907,-0.024604145,2.1491497,-0.017088942,0.028836677,0.22162557,0.12773116,-0.00022538539,0.007343122,1,0.8512587
-1.111163,-0.16536555,-0.17120703,-0.015671832,-0.1878835,-0.14136039,0.027058247,0.008575349,-0.2327905,-0.63905734,0.0016194703,0.091255784,-0.0069113737,-0.084588885,0.0010426624,0.03837968,-4.9424183e-05,0.0038776181,0.001571729,-0.03421793,-1.0303738,-0.6075026,-0.048572,-1.7929888,-0.059309352,0.009282231,-0.58060116,0.034618396,-0.0003378591,0.0021457414,0,0.0012523595
-0.07818989,0.0472525,-0.30819303,-0.011885077,0.009186389,0.093384296,0.045790058,0.023157356,0.223675,0.46775767,0.0075120013,-0.05837626,0.00599307,-0.010947337,0.00426235,0.09621345,-4.9424183e-05,-0.012075352,0.011921683,-0.008146956,-0.10253404,-0.16251393,-0.022944931,2.3771586,-0.015401179,0.0331993,0.25890577,0.13579096,-0.00039556128,0.007343122,1,0.9554641
-0.81361735,-0.15846856,-0.2076783,-0.018631842,-0.5519343,0.14532001,0.046032738,0.018446166,0.24168555,0.39324912,0.008342104,-0.11969715,0.06460636,0.0027941654,0.0052914647,0.15490192,-8.64364e-06,-0.0413203,0.0065748952,-0.018078417,-1.1699373,-0.069568805,-0.023564002,2.0648108,-0.013307989,0.029225256,0.2071974,0.12290613,-0.0002780885,0.007039069,1,0.57966155
-1.0084343,0.029203465,-0.11530542,0.09116646,0.06348677,0.020783186,0.049505588,0.023971155,0.20008986,0.32782724,0.0071674585,-0.48176524,-0.06837051,0.016186427,0.0039211093,0.07189972,-4.9424183e-05,-0.049633674,-0.014100264,0.0050172927,-0.55496776,-0.65843374,-0.031112246,2.1062393,-0.019312223,0.029057788,0.20431645,0.13899486,-0.00049329794,0.007343122,1,0.5994687
-0.76544845,3.719186,0.067345984,0.09570622,-0.11690414,0.035885654,0.034095738,0.01696009,0.1962575,0.32679972,0.012520401,-0.09184648,-0.009701986,-0.039297573,0.0069033043,0.11911178,-2.2618437e-05,-0.004457065,0.008534503,0.004990556,-0.88035905,-0.2714853,-0.027363518,2.2412972,-0.013392778,0.026241314,0.20959383,0.116335124,-0.00026960354,0.007039069,1,0.9935249
-0.93015194,-0.14968899,-0.27265385,-0.04048117,-0.10942375,0.01551902,0.028782291,0.012689462,0.0816592,0.19210556,0.0026965311,-0.09876964,0.0060478845,-0.03200572,0.0018108293,0.06584438,-6.685659e-06,-0.049280826,0.01109382,-0.00084431196,-1.3098844,-0.4929357,-0.053924046,-2.4116988,-0.0445272,0.016997036,0.090838335,0.08074605,-0.00058869296,-0.35063255,0,0.0032313555
-0.55172837,0.0102488,-0.52538455,-0.015486998,-0.060946222,0.0068463823,0.02745148,0.009478157,0.087044075,0.18957464,0.0029032535,-0.4542383,-0.04571044,0.023943951,0.0017400336,0.0558792,-8.64364e-06,-0.020088196,0.001823988,-0.052218087,-1.6620834,-0.75407046,-0.047883756,-2.4368174,-0.06251192,0.0151197715,0.081736736,-0.89709574,-0.0006041996,0.0029794767,0,0.00085713784
-1.0288987,-0.28851587,-0.32006747,-0.05059222,-0.12543081,-0.6488563,0.04601068,0.017740367,0.23464446,0.4739175,0.0070594694,0.0016672867,-0.0049490063,-0.04849298,0.0042074043,0.1578932,-8.64364e-06,-0.009743309,0.002566308,-0.017908197,-1.3593965,-0.25736728,-0.030927975,1.8943423,-0.014457777,0.027522732,0.18739052,0.12416822,-0.00029421796,0.007343122,1,0.26690534
-1.2887181,-0.6225328,-0.17389633,-0.021177525,-0.42563546,0.009262893,0.022228725,0.011514946,-0.20384018,-0.41710076,0.0015957574,0.03807221,-0.37526,-0.10385467,0.00092277885,-0.0018958919,-0.00020848622,-0.015237946,-0.08785463,-0.039983448,-1.6527423,-0.69100857,-0.04309591,-1.3542336,-0.048280157,0.0078436015,0.01251326,-0.6940426,-0.00064307253,0.0021424429,0,0.00028978073
-0.73037153,-0.3446215,-0.29291692,-0.032192633,0.102153696,0.4021101,0.05171803,0.028982902,-0.06823336,0.014420982,0.006971105,0.0045714066,-0.65161335,-0.16599321,0.0037909152,-0.2213097,-4.9424183e-05,-0.0022490697,-0.01744275,0.0034775024,-0.010446019,-0.47579807,-0.03151997,1.849121,-0.016376276,0.026074642,0.17008947,0.13271555,-0.00063595513,0.0071220826,1,0.43797177
-0.58809614,-0.41850078,-0.15453146,-0.023125239,-0.058832046,0.042551205,0.051484708,0.026259156,-0.065091535,0.11764449,0.007100202,-0.34507278,-0.09832216,-0.11182866,0.004034202,0.05259869,-1.322949e-05,0.0013646726,0.004919066,-0.017378056,-0.21114789,-0.38552222,-0.024072027,2.207209,-0.017087651,0.02483989,0.2195279,0.12848312,-0.0005285612,0.0071220826,1,0.59508824
-0.55563056,-0.2861378,-0.34635222,-0.017506946,0.29714945,0.042111564,0.024956908,0.00894785,-0.24647339,-0.51250964,0.0017685004,0.047057196,0.018641345,-0.0010087139,0.00112339,0.043809645,-8.643641e-06,-0.007690188,-0.04158042,0.030121854,0.6460407,0.5668979,0.16015933,-0.71215624,-0.01688578,-0.020949807,-0.063588984,-0.48559964,-0.00025592314,0.0022042019,0,0.19555809
-0.5174569,-1.111354,-0.12015561,-0.021935444,0.08079014,0.039087422,0.06225188,0.033056583,-0.05768521,0.07107364,0.0064106593,-0.11176837,-0.011603987,-0.029976292,0.0038506924,0.075677685,-0.0010200533,-6.143251e-05,0.0049639335,-0.014856152,-0.12991667,-0.26904038,-0.024095295,2.0647478,-0.013772161,0.026832461,0.1994821,0.13076198,-0.0017206423,0.0071220826,1,0.5935698
-1.180644,-0.27205002,-0.17714833,-0.0156077575,-0.02097184,-0.021199381,0.029100124,0.011563112,-0.034034938,0.03905949,0.0025952659,-0.030623324,-0.07387543,0.03586533,0.0016141776,0.061346874,-8.64364e-06,-0.0032969806,0.0006082834,-0.040285233,-1.4912567,-0.6768702,-0.04311126,-2.2069106,-0.044468515,0.011780672,0.07271265,-0.83190054,-0.0006587978,0.0029177177,0,0.0010202277
-0.19926466,-0.18707365,-0.32445034,-0.059209753,-0.5121173,-0.07157425,0.019396048,0.009121329,-0.124543846,-0.18754637,0.0027593388,-0.008573374,-0.36190218,-0.10197077,0.0016757003,-0.23282866,-8.64364e-06,-0.04079376,-0.009022167,0.011732539,-1.3255596,-0.56656265,-0.05503082,-2.091064,-0.04316994,0.012996157,-0.774646,0.054012157,-0.00028905517,0.0029202527,0,0.0007814837
-1.3540057,-0.6080801,-0.115292795,-0.0129846465,-0.09121675,-0.024384443,0.027576871,0.009475984,-0.20652427,-0.54676795,0.0017019592,0.05752243,-0.110338934,-0.020340728,0.00097107043,0.049584683,-4.044135e-05,-0.004291065,0.00019820764,-0.03761132,-1.3633268,-0.87069577,-0.04700348,-1.5138842,-0.043253683,0.007694618,-0.49549848,0.033398587,-0.00043636386,0.0021457414,0,0.0006979586
-0.80040073,-0.13346021,-0.1973833,-0.03319979,0.116158634,0.067191094,0.043535084,0.020306652,0.23481926,0.46752995,0.0072516454,-0.054932263,-0.055591736,0.015737291,0.0040895576,0.12316901,-8.64364e-06,-0.02123414,0.005506087,-0.018085884,-1.2048955,-0.54758203,-0.024077453,2.120559,-0.01573177,0.028697757,0.21912748,0.11572431,-0.000296755,0.007343122,1,0.6222049
-0.87110084,-0.70371664,-0.10167698,-0.021972202,-0.027282596,-0.05389253,0.03902398,0.018833514,-0.015162982,0.02542933,0.0022412713,0.04982509,0.0074944017,-0.010124146,0.0015955771,0.061191127,-4.044135e-05,-0.013984421,0.005534411,-0.049561035,-1.3657105,-0.45156485,-0.05473122,-2.0554547,-0.033588964,-0.9243016,0.07426161,0.075082205,-0.0009894249,0.0039406796,0,0.001689972
-1.3472182,-0.064363,-0.117861934,0.06575526,0.04409137,0.034586657,0.049073573,0.023596449,-0.08708195,0.11488977,0.007503424,-0.32264912,-0.10092728,0.05787591,0.004235707,0.058476016,-4.9424183e-05,-0.0049200025,-0.0045237923,-0.0121829985,-0.11792856,-0.2505157,-0.02395247,2.2179797,-0.020142771,0.029602012,0.2260825,0.12327244,-0.00039214984,0.007343122,1,0.6453605
-0.31534448,0.02131403,-0.32416135,-0.005352597,-0.17008035,-0.2970105,0.027731284,0.009037701,-0.1359236,-0.39614823,0.0022579369,0.1013646,-0.14853166,0.015834179,0.0011610858,0.041075636,-4.9424183e-05,-0.013290513,0.0020812787,-0.03617174,-0.95000887,-0.5439451,-0.047639556,-2.329863,-0.064603865,0.011051167,-0.69091725,0.050205667,-0.00031775696,0.0023560994,0,0.0020768344
-1.4388723,0.02931396,-0.55818063,-0.009585736,0.008451745,-0.02139637,0.029639615,0.008468976,-0.22895786,-0.5067997,0.0016723861,-0.22507419,0.023097876,-0.011137229,0.0010393687,0.05019617,-8.64364e-06,-0.020049812,-0.064582705,-0.03641916,-1.6908889,-0.62678826,-0.06354265,-1.5727999,-0.051705185,-0.8461963,0.060597815,0.010841343,-0.0005713325,0.0025372817,0,0.00043547052
-0.729329,-0.027373647,-0.14605147,0.10944699,0.047739208,0.08465235,0.05029719,0.019505523,0.23093241,0.51192313,0.007643409,-0.09645983,-0.059286233,0.025767583,0.0042108786,0.078926384,-1.322949e-05,-0.011245882,-0.0010220124,-0.012684639,-0.14846532,-0.3309832,-0.023059135,2.3299654,-0.013981801,0.03026699,0.21650465,0.13537817,-0.0003693768,0.007343122,1,0.9088134
-1.2912053,-0.06509988,-0.45738474,0.03571603,-0.29023916,-0.041471988,0.02652892,0.008731897,-0.30007777,-0.66331714,0.001667209,0.02904404,-0.11780929,-0.0020289149,0.0010688106,0.014516474,-2.2618437e-05,-0.019404696,-0.08147035,-0.041097097,-1.4914799,-0.70976716,-0.045319375,-1.6282312,-0.0763144,0.008520893,0.02044582,-0.708222,-0.00066118094,0.0022042019,0,0.00038069647
-1.6594677,-0.27715117,-0.25344655,-0.02809677,0.2836328,-0.33939186,0.028388916,0.009381016,-0.08306767,-0.16848706,0.0021178871,-0.009619307,-0.059502434,0.019915616,0.001319947,-0.4488696,-8.643641e-06,-0.009232071,-0.03764669,0.008478257,0.29393387,0.40832758,0.1679121,-0.79006565,-0.015585299,-0.02013113,-0.705191,-0.008358279,-0.00027070288,0.0028597396,1,0.024643987
-0.20490715,3.5414698,0.2006546,-0.013977635,-0.19321907,-0.038169663,-1.5842531,0.06207601,-0.06611361,0.048085783,0.021860143,0.25776544,0.04276589,0.022414666,0.03490729,0.053867362,-4.9424183e-05,-0.006080941,0.00064341025,-0.012096894,-0.15925302,-0.35793886,-0.021687832,2.139559,-0.015377131,0.024179839,0.19280685,0.11686655,-0.0029301534,0.004290281,1,0.9836527
-0.19828261,-0.30550542,-0.14308654,-0.012583483,-0.624456,-0.0084554795,0.022184143,0.00960486,-0.11171457,-0.21399017,0.002708509,-0.001950198,0.03312795,-0.04143669,0.001642491,-0.10547218,-8.64364e-06,-0.032029223,-0.020371314,0.011460305,-1.4044974,-0.6258314,-0.064954914,-2.1557689,-0.05756822,0.008976104,0.07710576,-0.87253165,-0.00058215065,0.0029794767,0,0.0010880968
-1.0194805,0.0067915446,-0.036155708,0.0839321,-0.10577796,0.029230142,0.046145756,0.021903234,0.23093712,0.48722082,0.007678764,-0.18561842,-0.06934419,0.03598387,0.0043329955,0.07723035,-4.9424183e-05,-0.017243266,-0.017894397,0.0027130337,-0.10905377,-0.19197449,-0.03026581,2.288102,-0.016021533,0.027979422,0.23506364,0.12259918,-0.00039182632,0.007343122,1,0.8726914
-0.7708875,-0.21419121,-0.31511807,-0.048166614,-0.05067649,-0.66355133,0.049123768,0.017634388,0.22605398,0.49134573,0.007196893,-0.028974574,-0.059026632,0.038008887,0.0040857065,0.12782644,-8.64364e-06,-0.0119453,0.0061836457,-0.01821603,-1.3632294,-0.5908762,-0.031561483,1.97218,-0.019709324,0.028652674,0.19966118,0.121905684,-0.0002958097,0.007343122,1,0.29314065
-1.5566903,-0.7036216,-0.14891507,-0.019043908,-0.005876915,0.047166247,-1.6944182,-0.29011208,-0.07537075,-0.21302558,0.0022975642,0.07309249,-0.09500185,0.014818022,0.009754928,0.043047875,-9.558551e-05,-0.006570152,-0.08269436,-0.031698663,-0.7616595,-0.7078236,-0.04331637,-1.9670699,-0.045917686,0.011673736,0.047709893,0.0319129,0.003358693,0.0027391273,0,0.00028798883
-0.21707591,-0.19658367,-0.17109893,-0.015556596,-0.24695952,0.0018104167,0.03055464,0.009728123,0.078610115,0.14329,0.0025827812,-0.007784414,0.01740142,-0.022253664,0.0017868611,0.05544975,-8.64364e-06,-0.011476364,0.010408065,0.019205721,-1.2485925,-0.7316466,-0.0701894,-2.5732079,-0.05690567,0.008147927,-0.7985358,0.06365587,-0.00028528826,0.0029202527,0,0.0026952676
-0.86123544,-0.30334786,-0.34274277,-0.0052154274,0.30322805,-0.17707938,0.02850242,0.009934585,-0.044626858,0.0013848981,0.0028629315,-0.14479172,-0.066766806,-0.030377245,0.0017372379,0.027468933,-6.685659e-06,-0.04454314,-0.06270141,0.024498582,0.4435023,0.66603357,0.14099029,-1.2602566,-0.016885335,-0.011366217,-0.083066575,-0.64895874,-0.00029909937,0.0029794767,1,0.080018885
-1.3975457,-0.34932154,-0.36939856,-0.04139819,0.2744924,0.05374139,0.02848125,0.009921659,0.048011117,0.08880523,0.002870253,0.057789404,-0.47134143,-0.2520367,0.0017447659,0.03012285,-6.685659e-06,-0.017389152,-0.0075229374,0.019512845,0.071510926,0.63652974,0.15743214,-1.3732989,-0.01932262,-0.025724487,0.001692071,-0.7941907,-0.00029909937,0.0029794767,1,0.025979968
-1.0077751,0.027990485,-0.1126184,0.09089666,0.07946471,0.11980309,0.049235545,0.024085015,0.201112,0.3480734,0.0071674585,-0.46415308,-0.06873334,-0.0012817691,0.0039211093,0.07157941,-4.9424183e-05,-0.055269826,-0.011318468,0.00467684,-0.55836654,-0.6722097,-0.03134236,2.1079643,-0.019312223,0.031605035,0.20289077,0.13902272,-0.00049329794,0.007343122,1,0.6278398
-0.9797797,3.946457,0.17225884,-0.023518085,0.05341496,-0.3796773,0.035316523,0.018673774,-0.03534908,-0.0032692638,0.01155763,-0.06767897,-0.26679015,-0.019254792,0.0051668864,-0.18365349,-4.9424183e-05,-0.024531296,0.03889382,-0.007193346,-0.3006435,-0.10037861,-0.052567653,2.2876854,-0.013391554,0.02907849,0.20521304,0.11269085,-0.00038494292,0.007343122,1,0.98873454
-0.59998906,-0.31300458,-0.19706352,-0.021627914,-0.06357003,-0.007696947,0.03140265,0.015501528,-0.06396965,-0.05942178,0.0024327203,-0.017440395,-0.0145182675,-0.015309194,0.0014593516,0.061779987,-8.64364e-06,-0.007344174,0.0049967906,-0.05254787,-1.4713016,-0.9332275,-0.07266738,-2.202525,-0.054582357,-0.8667962,0.093659125,0.07492705,-0.0007563837,0.0042447317,0,0.0011860852
-0.6289343,-0.11484455,-0.34384546,-0.018636515,-0.6296493,0.26014593,0.035324447,0.02377424,0.25011215,0.4230206,0.0075120195,-0.051663622,0.08664976,0.042757757,0.003979282,0.11337564,-4.9424183e-05,-0.022436114,0.02764624,-0.01276292,-0.2310588,-0.22250783,-0.03423865,2.2568688,-0.015224749,0.03236647,0.24013494,0.12969173,-0.00037351233,0.007343122,1,0.83528155
-0.57476276,-0.5646627,-0.11728521,-0.018084941,-0.066293485,0.3268469,0.040495697,0.0135602355,0.08646935,0.19654724,0.0024179094,0.13942976,-0.069096446,0.022729117,0.0014296606,0.05536422,-9.558551e-05,-0.0056734686,0.0164601,-0.03490137,-0.8985698,-0.85414124,-0.051124137,-2.5506203,-0.036999807,0.012739627,-0.7980235,0.069027126,-0.001644588,0.00293994,0,0.003517542
-0.64899665,-0.39852533,-0.21209645,-0.013916514,0.28174263,-0.47933415,0.028719176,0.010595104,0.08582735,0.108378045,0.0022129987,-0.08033177,-0.119024985,0.04273685,0.0016020214,-0.018230114,-6.685659e-06,-0.43469933,-0.15621068,0.032996863,0.31435183,0.49691772,0.1564415,-1.2706021,-0.019573448,-0.04910963,-0.6364751,0.028819434,-0.00027694547,0.0028597396,0,0.050490778
-1.176618,0.03892888,-0.29819927,-0.016457994,-0.13854732,0.06575523,0.04240246,0.024968283,-0.087846965,-0.0013585589,0.006929295,0.37829402,0.022568898,-0.023198768,0.0039078607,0.05810914,-4.9424183e-05,-0.0045278077,0.00082896627,-0.011728128,0.04559155,-0.46015072,-0.024703374,2.109808,-0.019325783,0.031566694,0.21038115,0.13381088,-0.00031901413,0.007343122,1,0.71651024
-1.5107113,0.05158546,-0.3077336,-0.014485991,-0.02206318,0.05310948,0.04427318,0.02297475,0.20931685,0.39937717,0.007103975,0.027645227,0.007802168,-0.029478846,0.004046782,0.08379507,-4.9424183e-05,-0.008618356,0.0021273338,-0.006864755,-0.27973622,-0.6548871,-0.022174926,2.0493314,-0.016289758,0.031499762,0.1463965,0.1321544,-0.00049670937,0.007343122,1,0.6023692
-0.55943125,-0.029625513,-0.07164058,0.06355373,-0.024543393,-0.019127684,0.03317136,0.010618133,-0.15067372,-0.39191037,0.0020861465,0.04719192,0.07379604,0.04755556,0.0012988582,0.022270467,-8.64364e-06,-0.01703185,-0.010642298,0.02846147,-1.4926364,-0.9340683,0.09022294,-1.9285852,-0.06346484,0.009072229,0.07398109,0.04934073,-0.00046070523,-0.22871974,0,0.0046747397
-0.2890874,-0.16189724,-0.47098902,-0.008112208,-0.2850585,-0.03626429,0.02958703,0.008365538,-0.1540703,-0.4220976,0.0017686125,0.066501856,-0.121600546,-0.64449084,0.0011285422,0.033545505,-8.64364e-06,-0.017351283,-0.00023904478,-0.053132813,-1.6622751,-0.57388705,-0.048107367,-1.8545136,-0.062431127,0.009927571,0.045744017,-0.7895754,-0.0005610233,0.0023567537,0,0.00058239856
-1.4649056,-0.3059068,-0.25672778,-0.015291455,-0.5107378,-1.0119234,0.07843751,0.031219577,0.2993873,0.3210567,0.0014866357,0.05252715,0.06044413,0.003720542,0.0009767411,0.009895779,-2.516625e-05,-0.0030685633,-0.0028521526,-0.028061727,0.25785834,-0.31256723,-0.021677895,-0.6730561,0.8547546,0.01338318,0.08962967,0.092242494,-0.00026606617,0.004417057,1,0.08116824
-0.8372273,-0.059810016,-0.2069167,0.025137272,-0.013873609,0.07752375,0.047264747,0.023132933,-0.13791877,-0.02518222,0.0071444875,-0.43354425,-0.08668872,0.02523632,0.0039059576,0.04768093,-4.9424183e-05,-0.007765779,-0.0037710401,-0.014652904,-0.13797155,-0.4740525,-0.02205952,2.0766323,-0.017601775,0.028397294,0.21910726,0.13329133,-0.00041077402,0.007343122,1,0.5625093
-1.2879051,0.00779926,-0.43330717,-0.016234763,-0.3483407,-1.4687387,0.026813528,0.02393992,-0.10171887,0.006491735,0.007148293,-0.17525853,-0.15480404,0.071642,0.0037143875,0.053467166,-4.9424183e-05,-0.0137877865,-0.013205706,-0.0107630305,-0.40863565,-0.6905878,-0.044251524,1.8781677,-0.019784024,0.030546937,0.15161867,0.1189581,-0.000502734,0.007343122,1,0.057803087
-0.10382831,-0.027087532,-0.12683085,0.021268427,-0.028509798,-0.082307674,0.05266915,0.019364325,0.22208714,0.48761547,0.007448424,-0.4332087,-0.0076326774,-0.04073815,0.0042125247,0.042433355,-1.322949e-05,-0.011618076,0.0015062586,-0.0029887722,-0.24016173,-0.28698546,-0.02157722,2.410071,-0.014467207,0.031905275,0.23754948,0.13634905,-0.0003693768,0.007343122,1,0.90572757
-0.61890435,-0.022512088,-0.5070909,-0.021313114,-0.72910964,-0.67809063,0.035916932,0.011847324,-0.40343317,-1.1200284,0.003295932,-0.49692616,-0.087229684,-0.21766952,0.0021418976,0.062823586,-8.64364e-06,-0.0317524,-0.0031020495,-0.036695275,-1.8020561,-0.59138554,-0.02931549,1.3482194,-0.017020036,0.018208386,0.12170416,0.07095397,-0.0002632038,0.0048891553,0,0.0032532243
-1.5625788,-0.25151172,-0.3353484,-0.057550095,0.0019959551,0.02908742,0.028268157,0.008133113,-0.09751117,-0.17373793,0.002587238,-0.3403408,-0.32553503,-0.03862584,0.0014489373,-0.2927375,-8.64364e-06,-0.053680375,-0.059380207,-0.004774577,-1.7102735,-0.91486067,-0.071265765,-1.7080942,-0.050408345,0.010552946,-0.8043759,0.019406829,-0.00028905517,0.0029202527,0,0.00016011883
-1.1219087,-0.02913128,-0.09368799,0.060785003,-0.097754106,-0.05993809,0.042350195,0.012800529,-0.1680415,-0.37321118,0.0017816309,0.1043125,-0.1964413,-0.018427169,0.000988024,0.040320076,-4.9424183e-05,-0.0003665991,0.002247996,-0.03730634,-0.5167917,-0.5025913,-0.059229415,-2.209266,-0.0839837,0.009905943,-0.63528144,0.051403143,-0.0004095736,0.0022062548,0,0.0028271286
-0.24101938,0.05719176,-0.30441213,-0.0119221015,-0.12150209,0.057459198,0.043587368,0.024957832,-0.10500992,-0.04938712,0.0068967915,0.36522704,0.01854522,0.0074407943,0.0035998193,0.056163274,-4.9424183e-05,-0.0051697744,0.0018335576,-0.014652289,-0.0029313092,-0.44620508,-0.024381628,2.1637938,-0.01932178,0.03140919,0.21710992,0.13756584,-0.00031901413,0.007343122,1,0.8656339
-0.8882302,-0.007897702,-0.50042224,-0.0065360814,-0.042541586,0.09725177,0.035056587,0.011047966,-0.1775625,-0.47913292,0.0017711123,0.06679782,0.040999163,0.010372239,0.0011449986,0.051554065,-8.64364e-06,-0.015194468,0.012632912,-0.04609536,-1.4296111,-0.52392614,-0.050150935,-2.058816,-0.051662352,0.016828088,0.10288373,0.05469994,-0.0005713325,-0.22871974,0,0.0024850233
-1.2577071,-0.41723013,-0.2575068,-0.049205612,-0.011430251,-0.23551543,0.02422325,0.008638345,-0.18764845,-0.5661004,0.0018380183,-0.31482574,-0.12984447,0.014579691,0.00100511,0.05124387,-4.9424183e-05,-0.006065271,-0.0010469984,-0.032768555,-1.1586151,-0.5613723,-0.054823693,-1.941837,-0.059909154,0.009471373,-0.61401254,0.040024497,-0.0002916936,0.0023560994,0,0.00045472034
-0.7544806,-0.21930708,-0.28308484,-0.04961412,-0.51437336,-0.536677,0.036981534,0.023067849,0.28529906,0.55250096,0.0075994153,-0.3981332,-0.017420132,0.053521086,0.0041728807,0.10055962,-4.9424183e-05,-0.011883659,0.004588022,-0.003525191,-0.34445655,-0.16234389,-0.03225543,2.2206864,-0.019055102,0.029834373,0.22369124,0.11866906,-0.00037975813,0.007343122,1,0.5818879
-0.22570527,-0.19788718,-0.3160109,-0.013931422,-0.034649465,-0.56685853,0.025513344,0.012083139,-0.25269344,-0.4251175,0.0018516299,-0.10169901,-0.12951426,-0.0010959173,0.0010210854,0.042324565,-8.64364e-06,-0.017813032,0.00804964,-0.05000638,-1.2906778,-0.8531801,-0.067583695,-1.7803437,-0.07017887,-0.80086964,0.06377535,0.049345803,-0.00056569657,0.002780712,0,0.00092889095
-0.31148472,3.0035434,-0.19847748,-0.008829892,-0.134438,-0.28207856,0.031976324,0.02085781,0.20289719,0.35398966,0.011043641,-0.094381884,-0.08877162,0.05698006,0.004953437,0.0647143,-4.9424183e-05,-0.004221032,0.0026019837,-0.012414614,-0.2837002,-0.5535636,-0.020860065,2.1897738,-0.017517867,0.030801857,0.18046121,0.13203113,-0.0003265132,0.007343122,1,0.9865058
-0.46381733,-0.20479733,-0.3375009,-0.023124816,-0.26960936,0.01664571,0.044222977,0.011737427,-0.7176854,-1.6484481,0.0034726155,0.054772835,0.07604173,0.021760482,0.0022171198,0.07303757,-8.64364e-06,-0.029329643,0.013665776,-0.030409133,-1.7089497,-0.15924971,-0.0311372,1.2675107,-0.014540875,0.019842675,0.13114057,0.07882362,-0.00019733059,0.004334671,0,0.021657111
-0.07886204,-0.14029469,-0.15928014,-0.029443277,-0.46870402,-0.29023737,0.0494059,0.018430553,0.2737801,0.4235214,0.008478837,0.09606021,-0.1741584,-0.00068213814,0.005016438,0.1277389,-8.64364e-06,0.12414087,0.047701854,0.007297149,-1.1524019,-0.10468041,-0.025624212,2.0368032,-0.013313874,0.028030325,0.20023166,0.11889241,-0.0002818554,0.007039069,1,0.7198359
-0.7505902,-0.46852353,-0.08135919,-0.012713227,0.03769674,-0.31815556,0.043682683,0.011516437,-0.01842574,-0.320336,0.0016456755,-0.004853502,0.07789598,0.05073984,0.0010809576,0.048859507,-8.64364e-06,-0.0066122445,0.008080577,-0.051508617,-1.423427,-0.600065,-0.024734931,-1.1626209,0.43467593,0.01862077,0.07738775,0.073620036,-0.00030958978,0.0041136323,0,0.012798138
-0.78860885,-0.18559082,-0.17532164,-0.032968625,0.29938123,0.012718273,0.028696533,0.008132277,-0.13622618,-0.3100841,0.0019758884,0.07856278,-0.10629163,-0.02645609,0.0012119061,0.031695943,-8.643641e-06,-0.0027736048,-0.036703464,0.03813922,0.5909844,0.72749543,0.17033583,-0.7839722,-0.015931642,-0.014482116,-0.6175882,0.01079623,-0.0001914793,0.0023206142,1,0.22763745
-1.064848,-0.58395606,-0.16164626,-0.015592169,0.31166926,-0.5640711,0.026421756,0.008713958,-0.21030484,-0.47189227,0.0014665865,-0.30438063,0.01439163,-0.025095306,0.0010365448,0.041474372,-4.044135e-05,0.03020816,-0.04519965,0.028322972,0.6898879,0.58323044,0.15137322,-0.46751133,-0.0136740105,-0.025609769,-0.4262919,0.0075220624,-0.00035758608,0.002110256,1,0.077730455
-0.6669245,0.007020566,-0.5369135,-0.014646829,-0.09765449,-0.9696514,0.032353934,0.022283347,-0.099146985,0.08185837,0.007541865,-0.6398375,-0.095699035,0.05551009,0.0039848657,0.06356154,-2.516625e-05,-0.021747505,-0.004900524,-0.011259557,-0.44388503,-0.20602746,-0.025765179,2.1423025,-0.015707508,0.030206941,0.22024715,0.12993403,-0.00040180708,0.007343122,1,0.26173082
-0.19386896,-0.2665591,-0.15401141,-0.014124576,-0.21853228,-0.06373921,0.029642003,0.008146532,-0.1292398,-0.4601472,0.0017366085,0.0884309,-0.15365902,0.03475696,0.0011077545,0.023739595,-1.322949e-05,-0.0010872913,0.008013332,-0.03853625,-1.0228115,-0.86840343,-0.05097295,-2.2048044,-0.047775257,0.007965101,-0.70561534,0.051695906,-0.0002776641,0.0022955863,0,0.001783139
-0.2063485,0.029861704,-0.09570684,0.13528395,0.15727401,0.06957453,0.04881404,0.022165077,0.016821606,-0.02212154,0.0072037484,-0.5391671,-0.32435316,-0.028952988,0.0042270087,-0.29449493,-4.9424183e-05,-0.06580464,-0.15426086,0.0037181864,-0.50765693,-0.69246745,-0.029056307,2.0979357,-0.019763555,0.028855797,0.19916813,0.13461685,-0.00049329794,0.007343122,1,0.4978048
-0.8873401,-0.17935407,-0.1973316,-0.002485906,-0.75213534,-0.34697962,0.017878205,0.0100976685,0.055044685,0.14355426,0.0025710866,0.008303341,-0.05196384,-0.030360073,0.0017335748,0.036678232,-6.685659e-06,-0.016273994,-0.0054885186,-0.049732417,-1.390726,-0.62239975,-0.036921587,-2.126005,-0.06914351,0.010521209,0.033385564,-0.9066483,-0.00057838374,0.0029794767,0,0.00064857997
-0.17506781,-0.108851805,-0.35869774,-0.015581678,-0.11955473,0.011435173,0.04576859,0.02203423,-0.09285586,-0.021709444,0.0074061104,0.13841273,0.029968517,0.01733223,0.004468047,0.07078188,-4.9424183e-05,-0.016723985,0.016360149,-0.013304511,-0.34160852,-0.253011,-0.024870722,2.2502353,-0.015690738,0.030369274,0.23920247,0.13483001,-0.00037351233,0.007343122,1,0.81412673
-1.3256062,-0.2460621,-0.18994145,-0.016929792,-0.042496834,0.27240542,0.024978649,0.009887925,-0.18956305,-0.47607222,0.0015509934,0.0088837575,0.011096947,-0.010576261,0.0009845687,0.064408794,-8.64364e-06,-0.007256585,-0.069945745,-0.036015708,-1.5711846,-0.87569445,-0.045344908,-1.6219733,-0.05475195,0.0093176905,0.048741404,-0.6292166,-0.00058260025,0.0021424429,0,0.0009617681
-0.7989676,-0.17844705,-0.18023986,-0.032429338,0.28616822,-0.052917514,0.027167527,0.007587914,-0.22848281,-0.5503155,0.0018847914,-0.16314466,-0.110971175,-0.031119673,0.0011207896,0.031781025,-8.643641e-06,-0.0027793027,-0.037409753,0.03784762,0.6462737,0.67486984,0.17290035,-0.5160736,-0.015979148,-0.01930071,-0.682981,0.003077956,-0.0001914793,0.0021707695,1,0.1544842
-0.7106648,-0.28099445,-0.3597444,-0.010343384,0.3169233,0.00088574144,0.02651655,0.009562644,-0.06351702,-0.1080673,0.0026403079,0.003438295,0.010878503,-0.012321016,0.0014371927,0.041843597,-8.643641e-06,-0.0022274433,-0.059851248,0.031438403,0.4990254,0.6352806,0.16259395,-1.1239477,-0.016601644,-0.016920043,-0.028225139,-0.61080223,-0.00029533246,0.0029794767,1,0.16110463
-0.2005541,-0.06200812,-0.53802484,-0.03015889,-0.21233314,-0.007383941,-1.7549093,-0.035974145,-0.36430514,-1.0893859,-0.39037964,0.008350943,-0.80938643,-0.04877402,-0.20864141,0.015152497,-8.64364e-06,-0.032439925,-0.0005525412,-0.03296172,-1.5928173,-0.7322828,-0.03137812,0.88993263,-0.019274378,0.013461686,0.08419235,0.052255817,-0.0026195294,0.002552022,0,0.00080682064
-0.9121447,-1.3895532,-0.15021205,-0.019931113,-0.11975049,0.054966155,0.04873429,0.04246513,-0.10213153,0.04230655,0.006533648,-0.36946067,-0.071756914,0.018186465,0.0036588353,0.051769294,-0.0010200533,-0.00029035076,0.00053925335,-0.015157393,-0.22795106,-0.83222854,-0.025809247,1.7375168,-0.0143345455,0.025502056,0.18342231,0.12959373,-0.0018280363,0.0071220826,1,0.1309951
-0.8089666,3.0943987,0.04085563,0.076876834,-0.1461707,0.0334934,0.037329946,0.018360842,-0.05131211,0.094921455,0.011639717,0.1024886,-0.11169074,0.006516966,0.005351082,0.06009117,-4.9424183e-05,-0.013225149,-0.001663359,-0.010432598,-0.28326702,-0.20893529,-0.021811655,2.3874927,-0.013302722,0.03226077,0.23217143,0.122931324,-0.00028221522,0.007343122,1,0.9910087
-0.80708677,-0.48209155,-0.2646994,-0.008227517,0.3192297,-0.017789416,0.029946873,0.009958134,-0.03167072,-0.0028357212,0.0027516452,-0.023446187,-0.10279387,-0.027456103,0.0017368211,0.03682961,-8.643641e-06,-0.010532001,-0.03554479,0.038803034,0.41125578,0.6463813,0.17820549,-1.230603,-0.015767504,-0.017742038,-0.7399143,0.022432929,-0.00022811537,0.0029202527,1,0.10823157
-0.49330282,-0.83810204,-0.10553249,-0.021054795,-0.38463286,-0.43874663,-1.4767627,-0.44022563,-0.083191924,-0.15168735,0.0016729957,-0.04878268,-0.10662389,-0.22580515,0.012429737,-0.18997096,-4.044135e-05,-0.075538345,-0.08751277,0.0027189949,-1.1980035,-0.42249447,-0.060132675,-1.6607951,-0.036580145,0.0077863797,0.05222176,0.05022094,0.0012827461,0.0030132602,0,0.0002236683
-0.09272089,0.08679669,-0.30380887,-0.019846475,0.041189402,0.23415886,0.048001546,0.02237932,0.02557078,0.09286232,0.0076487437,-0.06261879,-0.26539987,-0.029579379,0.0041592466,-0.27129802,-4.9424183e-05,-0.020137528,-0.07107805,-0.005971315,-0.17004876,-0.20000681,-0.030629557,2.2627356,-0.015012681,0.030669823,0.25684407,0.13113283,-0.00040180708,0.007343122,1,0.84578764
-0.11937726,0.11087898,-0.5875203,-0.02146706,0.052588854,-0.61542594,0.050674047,0.01706452,-0.085014716,-0.03369412,0.0075285984,-0.120680764,-0.02022969,0.06389792,0.0052552605,-0.13070025,-8.64364e-06,0.005263677,-0.020042438,0.0017122012,-1.2790365,-0.24189512,-0.041727204,1.998482,-0.014371981,0.025361644,0.18626545,0.12154623,-0.00030261313,0.007039069,1,0.33874696
-1.0159122,-0.23047154,-0.22055434,-0.035996083,0.035592787,0.034091264,0.033203654,0.015094102,-0.52623683,-0.9367766,0.0048892777,-0.54215914,0.050368596,-0.0055780173,0.002677295,0.077581085,-8.64364e-06,-0.030465908,0.0005389257,-0.03165443,-2.075836,-0.6620261,-0.02638833,1.3467288,-0.015505526,0.015889972,0.12972514,0.06517788,-0.00023714555,0.0048891553,0,0.010662466
-0.92631906,-0.19288556,-0.16991,-0.024343967,-0.1667449,0.23341157,0.023567768,0.008913895,-0.13149786,-0.39043382,0.0023778449,-0.30706114,-0.09391815,0.032768127,0.0012292861,0.053613346,-4.9424183e-05,0.00069169956,0.0031590424,-0.033621002,-1.0950215,-0.6011787,-0.05080028,-2.112877,-0.0488515,0.011026104,-0.6988984,0.048246525,-0.00025847627,0.0022955863,0,0.0013392358
-0.6978474,-0.085929684,-0.33579454,0.06067012,-0.7260606,-0.5528152,0.01768447,0.009359637,-0.06959273,-0.15305004,0.002792357,-0.007968639,-0.32917303,-0.06540747,0.0017434978,-0.2867796,-1.4532401e-05,-0.04717461,-0.021848328,0.011312419,-1.270887,-0.672656,-0.05630138,-2.187106,-0.0653871,0.012106789,-0.74765223,0.049370557,-0.00030695356,0.0029202527,0,0.00027382738
-0.6242632,-0.13372329,-0.30300602,-0.074235655,-0.37971276,0.012270048,0.046318207,0.024598252,-0.426903,-1.1489333,0.0033884284,-0.58959794,-0.14179894,0.0034423308,0.00191614,0.029445978,-1.322949e-05,-0.006892776,-0.0011382315,-0.014612685,0.16074605,-0.373535,-0.02974434,1.8040166,-0.017782414,0.01922326,0.16870895,0.090650775,-0.00028422655,0.004417057,0,0.13147481
-1.0837069,0.026315821,-0.14962251,0.055308003,-0.16237554,-0.33100194,0.061555725,0.030926073,-0.07315387,-0.2634154,0.0063158087,0.27295563,0.070292085,-0.009427253,0.0035190661,0.0634542,-4.9424183e-05,-0.0018630078,0.0015343654,-0.01176142,0.11534818,-0.3507955,-0.038850952,2.0412917,-0.024788046,0.022916071,0.18176962,0.12326466,-0.00029647016,0.0061393166,1,0.6435606
-0.494678,-0.27139828,-0.27043965,-0.016665963,0.2962665,0.06487297,0.028143767,0.0097311735,0.02842213,-0.029872617,0.0027593286,-0.04696637,-0.06507357,-0.048383813,0.0016675724,0.05468838,-8.643641e-06,-0.12825187,0.065666616,0.03374047,0.39814615,0.63461906,0.17916134,-1.2060916,-0.015851086,-0.03739848,-0.71265393,0.0033710878,-0.00022811537,0.0029202527,1,0.17788659
-0.88707566,-0.7333497,-0.113973476,-0.023030926,-0.09466409,0.09146087,-1.6919018,-0.5324758,0.10148683,0.13050532,0.0028653548,-0.18488728,-0.116432555,0.023948252,0.010535506,0.04217573,-0.0010200533,0.00014149859,0.015822833,-0.034650262,-0.779215,-0.5685062,-0.04586629,-2.0892487,-0.04742588,0.014619556,0.065624915,0.0645328,0.010912541,0.003099145,0,0.00063774164
-0.9257249,-0.9763856,-0.124190375,-0.0074725263,-0.044742964,0.13110867,0.059316818,0.042716164,-0.056730147,0.0419361,0.006405111,-0.054514233,-0.016608186,-0.015459816,0.0038625435,0.072253376,-4.5451732e-05,0.0013184581,0.0012306724,-0.014452309,0.060874037,-0.27388886,-0.023921357,1.9778602,-0.014030035,0.026842583,0.13054803,0.124577,-0.0017206423,0.0071220826,1,0.5367182
-0.8839353,-0.06281418,-0.32428506,0.042585395,-0.28833005,0.00047494128,0.024331722,0.008764478,0.07870775,0.16179866,0.0028780142,-0.31766695,-0.09573129,0.043291885,0.0018283817,0.047696438,-6.685659e-06,-0.021829555,-0.008471016,-0.052661408,-1.7024807,-1.0033467,-0.03550937,-2.514579,-0.070392326,0.012681633,0.065593846,-0.8493986,-0.0005414379,0.0029794767,0,0.00043955163
-0.6570128,0.022909403,-0.387358,-0.0028270683,-0.023467412,0.009060387,0.05281161,0.019746894,-0.0684782,0.12305413,0.00753715,-0.10383162,-0.09016725,0.024275657,0.004186991,0.0563137,-9.260577e-06,-0.014382215,0.012709212,-0.01362774,-0.24197863,-0.33034956,-0.024685346,2.2438977,-0.015263825,0.02859066,0.24370767,0.13040434,-0.00040086178,0.007343122,1,0.73531586
-0.71465975,-0.12657472,-0.2989591,-0.014804724,-0.10496974,0.13948469,0.040070366,0.020162884,0.24171615,0.42706323,0.008263351,-0.068363465,-0.025864664,-0.0199951,0.005757217,0.13301356,-6.685659e-06,0.0058355792,-0.01907184,0.007379496,-1.2122773,-0.38685483,-0.027691716,2.1391904,-0.015689928,0.028121216,0.19120741,0.121924125,-0.00021057064,0.007039069,1,0.61993855
-0.88482785,-0.40104538,-0.22169723,-0.0148425205,-0.0016639656,-0.34012666,0.048551686,0.028878525,-0.07000058,0.092582986,0.0069189686,0.0071939146,-0.074016884,0.022738984,0.0038331316,0.054602295,-4.9424183e-05,0.0013417569,0.0041553574,-0.014968011,-0.14139852,-0.5088301,-0.024023805,1.8987772,-0.02076885,0.026339525,0.18266134,0.13446312,-0.00063595513,0.0071220826,1,0.45272174
-0.5708935,3.4433165,0.012645823,0.10492946,-0.028352471,0.0136677865,0.030702781,0.016814973,0.20024814,0.37640116,0.011461471,-0.39422718,-0.036075905,-0.05303174,0.005352012,0.13425599,-8.64364e-06,-0.014393865,0.003330482,-0.0144198565,-0.95128137,-0.41704172,-0.022332473,2.290144,-0.013625446,0.029364677,0.21691374,0.115155734,-0.00028355783,0.007343122,1,0.9890687
-0.9658466,0.019679261,-0.32051352,-0.009411029,-0.13472849,-0.36499253,0.045945212,0.025317423,-0.06616583,0.023548292,0.007099814,0.15966697,-0.11475596,0.046741717,0.004006569,0.054580916,-4.9424183e-05,-0.0068030437,0.00051137275,-0.014427524,-0.08361989,-0.41240796,-0.024096647,2.1281962,-0.023686979,0.029948732,0.23277023,0.12883495,-0.00050218933,0.007343122,1,0.59417146
-0.254233,-0.16000189,-0.3695917,-0.078192025,-1.2586231,0.057151414,0.053293455,0.021884635,-0.5630234,-1.2004613,0.0025180343,-0.15141694,-0.11286513,0.027035093,0.0018051646,0.04743405,-4.9424183e-05,-0.005063857,-0.0005962071,-0.014620709,-0.21380496,-0.680237,-0.02501497,1.2165154,-0.019159494,0.02025688,0.15502529,0.1158039,-0.00023901227,0.004417057,0,0.033085935
-0.080650136,0.027681107,-0.53238404,-0.013776901,-0.30999798,-0.23392287,0.048344404,0.018257152,0.22451848,0.39891258,0.008343771,0.06677859,0.08587134,0.050487988,0.0055628894,0.16861601,-8.64364e-06,-0.026294887,-0.0034689733,-0.017696816,-1.1778117,-0.03722749,-0.033417515,2.1673994,-0.013878687,0.029870018,0.20571643,0.11827793,-0.00030013744,0.007039069,1,0.76131326
-1.0527772,-0.07658585,-0.21544152,0.019101268,-0.67123127,-0.75629216,0.042450715,0.016081419,-0.15339401,-0.16622981,0.0070777796,0.059448373,0.04321248,-0.03410985,0.003811241,0.04915513,-8.64364e-06,-0.028213749,-0.0030478158,-0.026018193,-1.604459,-0.6372773,-0.023533344,1.5469309,-0.019462308,0.022424987,0.16979492,0.10656507,-0.00027241936,0.007039069,1,0.03336833
-0.83404124,-0.12327802,-0.31686896,-0.030721422,-0.14332926,0.25289237,0.04318287,0.017756421,-0.13723582,-0.34819743,0.0065123914,-0.5632596,0.02068488,-0.01492532,0.0036166338,0.056032326,-4.9424183e-05,-0.016314873,0.012310341,-0.010267068,-0.5868151,-0.49701023,-0.023451319,1.9768716,-0.016392233,0.030168163,0.20613535,0.12183299,-0.0004141855,0.007343122,1,0.28942472
-0.8557193,-0.06844881,-0.32318234,0.034829542,-0.08153726,-1.2843527,0.04779881,0.022777218,0.11211919,0.1922298,0.006926699,0.25146046,0.005676692,-0.13674584,0.0039479877,0.034670476,-4.9424183e-05,-0.0149231665,0.00822596,-0.013072517,-0.062023945,-0.40212598,-0.022214001,2.1443007,-0.018217074,0.030692687,0.20950614,0.14548646,-0.0004147885,0.007343122,1,0.496004
-0.22374886,0.032442406,-0.12427433,0.030351205,-0.20398906,-0.33645234,0.05141693,0.022023674,-0.054173633,0.088027224,0.0068981894,0.2569962,0.011379384,-0.053427216,0.004125656,0.025512945,-4.9424183e-05,-0.0045750216,-0.00063275616,-0.014322484,-0.12072384,-0.47298133,-0.023906076,2.1325536,-0.024149872,0.029759893,0.21767715,0.13715523,-0.00049329794,0.007343122,1,0.8029469
-0.746059,-0.00645258,-0.3800082,0.0034627207,0.29925784,-0.5533353,0.025393043,0.008673187,-0.19606322,-0.5371393,0.0018922674,0.04006193,-0.072476804,0.0068636164,0.0011175579,0.016920282,-6.685659e-06,-0.019704128,-0.029176023,0.017809948,0.5791345,0.63312614,0.13181004,-0.55664444,-0.01851778,-0.027330922,-0.07235524,-0.54830885,-0.00028421468,0.0022042019,0,0.1205659
-0.12717272,-1.5433537,-0.14043044,-0.022174858,-0.3464682,0.17655243,0.047797725,0.025098478,0.20319161,0.34122857,0.005634384,-0.08262701,-0.09060868,-0.017520443,0.004296209,0.12957738,-4.044135e-05,-0.04954082,0.029947164,0.009371809,-1.5510838,-0.10765313,-0.04546758,1.728963,-0.010564882,0.026523007,0.18032365,0.115288004,-0.00068258727,0.00681803,1,0.25054184
-0.49476066,-0.12597746,-0.33298782,-0.034102425,-0.11890182,0.015243984,0.038112972,0.019442607,-0.15798084,-0.23180318,0.0069195963,-0.15781114,-0.12500204,0.003814599,0.0035442421,0.03846879,-8.64364e-06,-0.027239569,0.01449125,-0.03135307,-1.3621979,-0.5400251,-0.024671324,1.8985866,-0.016355844,0.027319279,0.19845158,0.11466585,-0.0002307707,0.007343122,1,0.20005491
-0.90030634,-0.295087,-0.2668077,-0.01568976,0.22433433,-0.6012282,0.038999293,0.012978655,-0.027629966,-0.0334122,0.0023503972,0.06763455,-0.14545551,0.014568152,0.0014831241,0.040670436,-8.64364e-06,0.0015792004,-0.03259689,0.05079288,0.15202506,0.44095758,0.14291246,-1.2051653,-0.019807998,-0.96133405,-0.052483026,0.061177004,-0.00038476457,0.0039406796,1,0.035848714
-0.780201,-0.13361405,-0.15623602,-0.0069377,0.02429262,0.20845492,0.04678247,0.022595176,-0.09359073,-0.08186316,0.0072863963,-0.37701288,-0.0020104058,-0.033863,0.003403894,0.058179453,-2.516625e-05,-0.006267595,-0.00025919688,-0.01024828,-0.027699301,-0.18952098,-0.016106958,2.0816064,-0.018360553,0.030126382,0.22875118,0.12777539,-0.00037329114,0.007343122,1,0.7153393
-1.4633231,-0.013965555,-0.36104116,-0.01421423,0.08618966,0.051097132,0.04830906,0.02503372,-0.06531504,0.07005398,0.007149962,0.26601896,-0.09253432,0.026815912,0.003914172,0.058080338,-4.9424183e-05,-0.0053563756,0.0012536617,-0.011894074,-0.031258445,-0.5351099,-0.024097174,2.1308625,-0.019754596,0.030262878,0.23008433,0.12752263,-0.000502734,0.007343122,1,0.63195866
-1.819907,-0.41452757,-0.145665,-0.00091258704,0.27842554,0.09606452,0.031175146,0.009072483,-0.1517925,-0.27392688,0.0016766026,-0.023549903,-0.07492801,-0.02168407,0.00097139715,0.008022256,-2.4539833e-05,0.0014496817,-0.027013736,0.02720953,0.5008315,0.670504,0.16587687,-0.5393145,-0.013331786,-0.019819085,-0.64129245,0.008365655,-0.0003588773,0.002260101,0,0.086503886
-0.12360218,0.087372385,-0.15578924,0.05776955,-0.19951381,-0.097546026,0.052406576,0.015748048,-0.17225157,-0.0009996108,0.008320633,0.11039854,-0.07664924,-0.5149125,0.0043385588,0.05885961,-8.64364e-06,-0.027033817,-0.01174625,-0.020431,-1.2447801,-0.13231249,-0.02076023,2.0867054,-0.013473736,0.029473474,0.19056682,0.123865634,-0.00026865245,0.007039069,1,0.5074586
-0.7229535,3.6709106,0.123687916,0.17413035,0.029084867,-0.026877064,0.03300054,0.0147543065,-0.0021111988,0.0094291,0.01242429,-0.122770466,-0.14418548,-0.24773602,0.006506777,-0.39995337,-2.2618437e-05,0.010629644,-0.099163234,0.0031584213,-0.7706404,-0.27288404,-0.024957407,2.0251896,-0.013375301,0.027883874,0.12541714,0.11153033,-0.00031027666,0.007039069,1,0.9719657
-1.1216387,0.05082993,-0.30330098,-0.014251356,-0.117645785,0.033772048,0.043895416,0.024078155,-0.09080175,0.038082574,0.007010869,-0.37675998,0.03178618,-0.0234187,0.0039874325,0.07552651,-4.9424183e-05,-0.0065637636,0.0018970215,-0.015209142,-0.24155599,-0.5270933,-0.022719791,1.8601412,-0.019261276,0.027237782,0.1646592,0.12526204,-0.0004964882,0.007343122,1,0.40704277
-0.4816935,-1.5073608,-0.15369767,-0.017064335,0.10928605,-0.76870483,0.050908156,0.025343701,0.19051862,0.37039784,0.0051391697,0.057066903,0.066393524,-0.01890811,0.0043228813,0.055428065,-4.044135e-05,-0.0061122607,0.0023287137,-0.018004846,-1.7701248,-0.26834318,-0.028122175,1.621692,-0.013562492,0.02605649,0.17263259,0.12639092,-0.00068506296,0.00681803,1,0.10408409
-0.12788095,-0.009699041,-0.08182711,0.05340313,-0.056109067,0.04681331,0.04903703,0.021899873,0.23160678,0.49008352,0.0076794447,-0.3804728,-0.059179533,0.031983066,0.0043080556,0.08632471,-4.9424183e-05,-0.012063743,0.003109226,-0.0030975812,-0.22454792,-0.15239649,-0.023175584,2.4291039,-0.016457263,0.032411303,0.23883012,0.132617,-0.00039237103,0.007343122,1,0.9386735
-0.70202583,0.015317209,-0.09805963,0.074812636,-0.10106355,0.4070799,0.054076165,0.019590322,0.23418957,0.53569716,0.007676553,-0.12817077,-0.06822565,0.048006147,0.004305569,0.072922125,-1.322949e-05,-0.009963544,-0.017196517,0.0027293053,-0.17062211,-0.28594774,-0.030685034,2.4064097,-0.015803147,0.031118855,0.23352015,0.12443952,-0.00039142574,0.007343122,1,0.934632
-1.5019631,-0.911549,-0.20500214,-0.035031088,-0.29731128,-0.30369493,-1.5300968,-0.5362216,0.15570515,0.18343373,0.0015926575,-0.17411323,-0.13466892,0.049866315,0.01021195,0.04827522,-0.0010200533,-0.0066929893,-0.07661576,-0.028625954,-0.7080526,-0.5252035,-0.041470982,-1.7711587,-0.052883916,0.012569552,0.050031453,0.04129644,0.002708954,0.003099145,0,0.00025511658
-0.7336014,-0.22567865,-0.30959728,-0.038417056,-0.013658242,-0.3900728,0.058670532,0.033294532,-0.12893277,-0.3868325,0.0066107325,0.27709487,-0.19060448,0.064284794,0.003438529,0.021846924,-2.516625e-05,-0.00032549564,0.0017590492,-0.010274933,0.17609546,-0.23361477,-0.020045549,2.1016073,-0.02302707,0.022360075,0.18924429,0.108496584,-0.00028422655,0.004971542,1,0.5923856
-1.1110018,-0.38575998,-0.28644165,-0.025844097,-0.013201606,0.02818944,0.036398035,0.012482866,-0.102380656,-0.13140328,0.0024193984,-0.08695301,-0.07307971,-0.18865426,0.0015444625,-0.32404894,-8.64364e-06,-0.059424315,-0.122808106,-0.0016729464,-1.5641748,-0.57842976,-0.10716143,-1.7963814,-0.040957123,-0.83697,0.06161989,0.056122363,-0.0006653401,0.0039406796,0,0.0004875382
-1.1193802,-0.9779855,-0.14680144,-0.0065001757,0.1247821,0.04912381,-1.5748543,-0.3358751,-0.20588502,-0.4826376,0.0018772843,-0.14281008,-0.004035881,0.03446698,0.007973724,0.012796593,-0.0002463661,0.00071335555,0.0057746205,-0.025178635,-0.6603973,-0.21723655,-0.0273503,-1.13112,0.55473876,0.0048388056,-0.032079555,0.05022243,-0.013879967,0.00224216,0,0.0019351182
-0.7873291,-0.28687325,-0.20269907,-0.021595012,-0.39697182,-0.973124,0.026331186,0.008496102,-0.12296794,-0.34235036,0.0021075576,-0.34127784,-0.0008631948,-0.091443315,0.0013435005,0.023922363,-8.64364e-06,-0.01660783,-0.006280796,-0.054519966,-1.6252474,-0.50316197,-0.04701964,-1.6668638,-0.048705835,0.0080818245,0.04590782,-0.7885274,-0.0005538906,0.0022949944,0,0.00027527756
-1.1682899,-0.5680493,-0.1944309,-0.013714972,0.29414225,-0.30842012,0.02751395,0.009249216,-0.030187238,-0.23246895,0.0026368594,-0.0043932283,-0.20491049,-0.041758426,0.0016682504,-0.20336562,-8.64364e-06,-0.029574944,0.0012454331,0.017819911,0.2697957,0.5023237,0.18042539,-1.0790864,-0.020304052,-0.033035062,-0.7350303,0.051024947,-0.00022811537,0.0029202527,1,0.029385218
-1.1779908,-0.16024664,-0.24317741,-0.047911953,0.030796751,-0.010823063,0.02832048,0.007279099,-0.11333783,-0.2716817,0.002541313,-0.07895606,-0.1241629,0.0053733382,0.0014228713,0.056253612,-8.64364e-06,-0.0124418,0.001067359,-0.041030575,-1.2742708,-0.63687766,-0.048658855,-1.9264127,-0.043504898,0.010276895,-0.5614569,0.039940584,-0.0002524191,0.0023206142,0,0.0013879243
-1.0183179,-0.15502092,-0.1737287,-0.0133892335,-0.08215432,-0.007875087,0.028170357,0.008082922,-0.13118479,-0.35737053,0.0020793125,-0.12363199,0.057852447,0.016574878,0.0011479115,0.045702178,-1.322949e-05,-0.029513935,-0.0088187335,0.0056403507,-0.99421537,-0.57971567,-0.06545007,-2.1526003,-0.044140786,0.0067572873,-0.61984193,0.04482516,-0.0002869814,0.0023560994,0,0.0017805861
-1.2124746,3.8964944,0.12751073,-0.018993938,0.16625611,-0.24629009,0.031924333,0.018542657,0.014152875,0.013702337,0.011450119,-0.1136664,0.026628254,0.04183461,0.0052395663,-0.059273906,-4.9424183e-05,-0.027859341,-0.008260456,-0.007933577,-0.25063542,-0.1351121,-0.030907309,2.3031154,-0.016547868,0.02847539,0.21545503,0.119193025,-0.00037599698,0.007343122,1,0.9926669
-1.5383108,-0.11804778,-0.32373148,-0.052694365,0.010854091,0.17175995,0.04817565,0.017939094,0.21392104,0.40195006,0.007232139,-0.080295965,-0.06935343,0.0011408305,0.004084558,0.11074747,-6.685659e-06,-0.03328613,0.0010362047,-0.0031616916,-1.2400111,-0.45278516,-0.027734809,2.0683842,-0.014789042,0.025400698,0.18686481,0.12143843,-0.0002958097,0.007343122,1,0.3665195
-1.3426901,-0.101710945,-0.30003256,0.07586468,-0.18561983,0.052035995,0.041649606,0.011185982,-0.7677243,-1.7503369,0.0036242567,0.0029445367,-0.16422683,-0.025527148,0.0023223604,0.058021434,-6.685659e-06,-0.038154803,-0.0011565606,-0.015401412,-1.6093374,-0.32209566,-0.030423233,1.294173,-0.015791232,0.016329007,0.11895067,0.077362984,-0.00025505899,0.004334671,0,0.0073721944
-0.25702995,-0.22258414,-0.17360258,-0.037767142,0.27526146,-0.30195227,0.023447301,0.007671218,-0.18877515,-0.5006543,0.0016514369,-0.22671568,0.043469265,-0.005579468,0.0011292443,0.03648916,-8.643641e-06,0.007971576,-0.026751025,0.03844384,0.7304242,0.5449673,0.18033187,-0.6225893,-0.020476772,-0.014644995,-0.54050285,0.0072662407,-0.00018771239,0.0021707695,0,0.22616865
-0.31045702,-0.013380728,-0.6845296,-0.0032444058,0.24558835,0.036119588,0.033834882,0.009760167,-0.27742335,-0.51592666,0.0017220231,0.027481193,0.020386571,-0.0011637334,0.0011288696,0.04113229,-8.643641e-06,-0.01312275,-0.034314252,0.029333998,0.50250965,0.32822844,0.15451574,-0.733484,0.00014015753,-1.1285031,0.0063040094,-0.0347299,-0.000290757,0.0025372817,0,0.091056526
-0.64665174,-0.3283767,-0.1919186,-0.02116489,0.14547414,0.036173448,0.046997897,0.027701886,-0.041649945,0.08892905,0.0070948065,-0.40963325,0.013827359,0.020624336,0.0040138676,0.06819518,-1.322949e-05,-0.081878856,0.0077364123,0.006553051,-0.20323654,-0.2324861,-0.029915465,2.1330905,-0.016768059,0.023990612,0.22036634,0.13453887,-0.00052927213,0.0071220826,1,0.68938816
-0.67765146,-0.13214265,-0.2605224,0.06670487,-0.11579086,-0.3609062,0.050532144,0.019066818,-0.09864968,-0.29125097,0.006539084,-0.40831864,-0.10495151,0.043941986,0.003272381,0.045383193,-4.9424183e-05,-0.0060787043,-0.004053706,-0.014893813,-0.08644079,-0.5084321,-0.021604681,1.943489,-0.020942897,0.027899666,0.20489322,0.12893654,-0.00041077402,0.007343122,1,0.36446506
-1.1694179,-0.23011346,-0.46090084,-0.089503326,-0.030409161,-0.5173423,0.04710497,0.020114021,-0.01989427,0.02773665,0.007456567,-0.12191106,0.0074644466,-0.03558475,0.0042337617,-0.15850717,-1.322949e-05,-0.051438678,-0.039063558,-0.0079174135,-0.27203992,-0.20197465,-0.036833618,2.1385467,-0.017249329,0.029289877,0.20676167,0.1266775,-0.00037504593,0.007343122,1,0.30391857
-1.0305676,-0.022265673,-0.38356847,-6.233754e-05,-0.9185223,-0.5062037,0.031016827,0.0238241,0.17364877,0.39433634,0.007393203,0.041127104,-0.00081645005,-0.047857318,0.0039728866,0.05683009,-2.516625e-05,-0.010478248,0.008194356,-0.0038757476,-0.15248023,-0.15238158,-0.017596567,2.1258411,-0.02051018,0.030156668,0.25081453,0.12460371,-0.00040180708,0.007343122,1,0.50513554
-0.8160977,-0.20224656,-0.28236374,-0.013041085,0.32178628,-0.2942763,0.02446998,0.009759669,-0.03011426,-0.111988835,0.0027262813,-0.032946154,-0.04913292,0.036790177,0.0016945903,-0.0039870874,-8.64364e-06,-0.023152353,0.028324947,0.017424557,0.30001143,0.33704212,0.1426093,-1.2658296,-0.016325807,-0.018068481,-0.04852775,-0.8648971,-0.00029533246,0.0029794767,1,0.055272195
-0.85588264,0.093833774,-0.27117893,-0.020307763,-0.023238353,0.068664685,0.044379916,0.022413645,0.015207941,-0.017068153,0.0075113205,-0.48333117,-0.076387234,-0.2549292,0.0042229732,-0.41180822,-4.9424183e-05,-0.025060656,-0.032896925,-0.021421902,-0.3390012,-0.20018402,-0.030178478,2.2058797,-0.014856924,0.030024597,0.23751912,0.1231902,-0.00039556128,0.007343122,1,0.44795626
-0.63150567,0.08073639,-0.06252116,0.083496824,-0.47336143,0.19505414,0.049476307,0.017637104,0.27047056,0.40949142,0.00833822,-0.01171702,0.032803405,0.009312927,0.0054525738,0.14712568,-8.64364e-06,0.02332213,0.04007631,0.0075909644,-0.80276144,-0.17856345,-0.029016463,2.1494205,-0.016226126,0.029023003,0.20448099,0.119022146,-0.0002907014,0.007039069,1,0.84454644
-0.22747833,0.02103415,-0.75628555,-0.007566715,0.27967495,0.1037997,0.028894657,0.007820703,-0.09152111,-0.21177863,0.0021775998,0.057180785,0.08175176,0.04826083,0.0014572503,0.0072189774,-8.64364e-06,0.0040862025,-0.025030049,0.04068227,0.41222674,0.51897156,0.17183043,-1.0251977,-0.016479589,-0.026801756,-0.70697737,0.03815346,-0.00019287941,0.0023206142,1,0.22119375
-0.14936726,3.1666093,-0.21367852,-0.023042336,-0.25869635,0.063188724,0.046271153,0.014932686,0.22863348,0.39319348,0.012489524,0.06520598,-0.071305305,0.008907878,0.0067397794,0.106072195,-8.64364e-06,-0.014420448,0.0064179213,-0.014013732,-1.0058852,-0.14595659,-0.022171447,2.3121383,-0.01144677,0.029802922,0.22082052,0.12229378,-0.00024199234,0.007039069,1,0.9925316
-0.661681,-0.062304202,-0.041629076,0.09875742,0.10086286,-0.378256,0.051573053,0.018130697,0.1704329,0.4039435,0.007479329,-0.058416933,-0.16309859,-0.6586991,0.0043964796,0.06412357,-4.9424183e-05,-0.010398918,0.007381253,-0.004809233,-0.22806802,-0.19422463,-0.024231963,2.2794535,-0.021467093,0.031952128,0.19536328,0.13086262,-0.00038612523,0.007343122,1,0.74524075
-0.31658608,-0.8142562,-0.18454152,-0.018937772,-0.31828034,-0.21333258,-1.5653623,-0.50399697,-0.05336897,-0.026981845,0.002680038,-0.19635478,-0.24419059,0.017715665,0.011088367,0.003348464,-0.0010200533,-0.00015455074,0.0036967392,-0.036112595,-0.92253387,-0.48458686,-0.043511048,-2.233407,-0.055116035,0.013068559,0.07095093,0.05837035,0.0030545932,0.003099145,0,0.0003233329
-0.6646462,0.027138904,-0.1596254,0.042682342,-0.1230549,-0.37466136,0.04084299,0.023227219,-0.051342767,0.12759365,0.0070922654,0.2475074,-0.09263192,0.047842212,0.004007882,0.054387707,-4.9424183e-05,-0.003620303,-0.0013789034,-0.014297365,-0.09226536,-0.48481068,-0.023980552,2.1073909,-0.024755314,0.0296764,0.22387117,0.13238674,-0.0004927533,0.007343122,1,0.7350566
-0.15173687,-0.06997437,-0.19263467,0.084686555,0.01545869,0.23905337,0.060453355,0.01945779,-0.12108837,-0.28817138,0.00658001,-0.45385203,-0.11019468,0.018888755,0.003274652,0.04678238,-4.9424183e-05,-0.0065468373,-0.0036010917,-0.014305255,-0.068211265,-0.48055422,-0.021529684,2.0469832,-0.017595794,0.027698362,0.21084878,0.13548476,-0.00041077402,0.007343122,1,0.7173975
-0.8459437,-0.06997652,-0.16266277,0.10419621,-0.3057342,-0.53970057,0.048018508,0.020807836,-0.09001406,-0.052876387,0.00690641,-0.2031914,-0.000806177,-0.0644546,0.0038255763,0.01862057,-4.9424183e-05,-0.008298444,-0.0037575115,-0.011904281,-0.13452077,-0.4706119,-0.018639874,1.9638152,-0.02081695,0.029508432,0.16267921,0.1205833,-0.0004978571,0.007343122,1,0.3754044
-0.86452353,3.1847758,0.011679614,0.18708658,-0.08508479,0.005744509,0.040948268,0.014927409,0.052938633,0.07225863,0.011594832,-0.072896324,0.0044547985,0.025894515,0.0056063007,-0.055277627,-1.322949e-05,-0.012211746,-0.003055478,-0.019746609,-0.21171722,-0.35336414,-0.028644778,2.3974144,-0.012417177,0.027702354,0.22944747,0.11234637,-0.00036680046,0.007343122,1,0.9908235
-1.2581015,-0.30031055,-0.19054012,-0.018784883,-0.06444809,-0.45211545,0.029485885,0.009354515,-0.17726704,-0.44034097,0.0018973767,-0.31465465,-0.13543849,0.0058623725,0.001157284,0.052847885,-8.64364e-06,-0.00061709905,-0.00400006,-0.036838494,-1.5359105,-0.5239375,-0.06321074,-1.4717041,-0.050155323,-0.72824705,0.029944774,0.043650735,-0.00060068566,0.0026333402,0,0.0005096163
-1.3504629,-0.9174306,-0.120594114,-0.025962247,-0.035123132,-0.29439178,-1.5748895,-0.5266655,-0.05990054,-0.014257091,0.0027901088,-0.14899799,-0.14456692,-0.03341011,0.011630304,0.006292064,-0.0010200533,-0.008204986,-0.06117934,-0.09244721,-0.65849143,-0.4209284,-0.039269794,-1.640744,-0.051010713,0.01564608,0.043638714,0.040779453,0.009531354,0.003099145,0,0.00031035268
-0.63537407,0.045525145,-0.13517666,0.069480166,-0.05200527,0.06852665,0.0425185,0.02431329,-0.003453158,-0.048962813,0.007438921,0.09312065,-0.033871993,-0.06781561,0.004228517,-0.1641828,-1.322949e-05,-0.009040117,-0.01935344,0.0036624076,0.11040221,-0.3669431,-0.030336129,2.2897108,-0.019332645,0.02938632,0.23742275,0.1278939,-0.00038535937,0.007343122,1,0.82973915
-1.0447136,-0.5053561,-0.17592585,-0.007618042,0.2682453,-0.63368237,0.034132816,0.012099908,-0.2328492,-0.5485915,0.001720705,-0.30476996,-0.09856503,-0.005039125,0.0010346413,0.03495758,-4.044135e-05,-0.0040177256,-0.05791354,0.019966444,0.5182,0.57619,0.1218196,-0.5871162,-0.014554511,-0.90709037,-0.1096083,-0.012574145,-0.0004500539,0.002472296,0,0.025318312
-1.0232064,3.295774,0.0310809,0.074407145,-0.030258402,-0.10624638,0.02856651,0.020672197,0.13528591,0.22671731,0.011086802,0.16205569,0.037528656,0.023901181,0.005182654,0.013962578,-4.9424183e-05,-0.0036511798,-0.0019387552,-0.011188382,-0.20859173,-0.43199056,-0.037522726,2.2422435,-0.0106055485,0.030748468,0.19730741,0.12340995,-0.00037821138,0.007343122,1,0.9919235
-0.54902405,0.029467963,-0.06517748,0.07138346,0.040245675,0.01909023,0.050088383,0.019820495,0.21738699,0.45277882,0.0075029167,-0.13780755,-0.022394026,-0.027326142,0.0042837327,0.09659672,-1.322949e-05,-0.027459893,-0.0045896624,-0.004519016,-0.22089781,-0.3053484,-0.030021135,2.3564475,-0.0155862905,0.029812075,0.23480344,0.1287883,-0.00038765883,0.007343122,1,0.9140673
-1.3586097,-0.15795346,-0.3564148,-0.021273063,-0.41470236,-0.0452527,0.022110313,0.008760355,-0.24837528,-0.6106541,0.0016236893,-0.15781027,0.040155824,-0.0036020433,0.0010204547,0.04141543,-2.2618437e-05,-0.022781407,-0.06007379,-0.03453619,-1.4290158,-0.63939226,-0.0384328,-1.4791728,-0.069264494,0.011003141,-0.030745555,-0.74513704,-0.00050688535,0.0022042019,0,0.000415179
-0.24864724,3.358418,0.15006737,-0.0062678885,0.028273541,-0.25339168,0.027743625,0.021307457,0.18205279,0.33181372,0.0110811815,-0.09882015,-0.086629644,0.051418938,0.004927339,0.06528647,-4.9424183e-05,-0.004316448,0.0002633903,-0.0122797275,-0.2625538,-0.47874033,-0.020792648,2.198597,-0.017475901,0.03000156,0.17575571,0.13174261,-0.00042539486,0.007343122,1,0.99500716
-0.16934302,-0.3033477,-0.13852361,0.029571112,0.26834387,0.05884721,0.025368804,0.009678879,-0.043720014,-0.009675924,0.0024976023,0.014510078,-0.042040538,-0.017303988,0.0015565786,0.033058792,-8.64364e-06,-0.011139481,-0.017325459,0.026836513,0.30383125,0.14026225,0.15716758,-1.2949994,-0.015407446,-0.03362457,-0.9975549,0.07072704,-0.00021925262,0.0029202527,0,0.1256474
-1.4827863,0.012656734,-0.18996067,0.060243867,0.033691846,-0.09992759,0.042803153,0.023053274,-0.08895056,-0.0052106343,0.0069771055,-0.21267907,0.01573535,-0.0100762155,0.003881527,0.06466522,-4.9424183e-05,-0.0060516875,-0.0012617265,-0.011275371,-0.22464809,-0.59411544,-0.018881034,1.9320736,-0.017075434,0.03056926,0.15710965,0.13562752,-0.00040452825,0.007343122,0,0.39463538
-1.1070584,0.018216241,-0.13557543,0.053175755,-0.51447177,0.21680643,0.044955578,0.01974088,0.25576976,0.48625508,0.007642746,-0.08320834,-0.04388946,0.021126531,0.003939435,0.09108717,-1.322949e-05,0.0370286,0.0037049227,0.0001324116,-0.18010208,-0.26724407,-0.026404599,2.2857103,-0.013553268,0.030505648,0.23771246,0.12782188,-0.0003693768,0.007343122,1,0.8300297
-0.6645888,3.3675413,0.13059515,-0.012004989,-0.040878188,-0.011463825,0.03408381,0.018854728,-0.03846258,0.20354751,0.011305791,0.1427744,0.010605293,-0.03562797,0.0052035297,0.023395685,-4.9424183e-05,-0.012815755,0.0050215665,-0.0017392109,-0.28074664,-0.2709646,-0.023570035,2.3473477,-0.012752644,0.032128327,0.23525816,0.12443492,-0.00038224278,0.007343122,1,0.9950453
-1.2165918,0.0029631683,-0.5818356,-0.004515057,0.23946898,-0.54261124,0.03272638,0.0097021805,-0.23811907,-0.5669487,0.0019067756,-0.238126,-0.105061,-0.0077614887,0.0011234718,0.022631815,-8.643641e-06,-0.023235286,-0.048784226,0.01191638,0.31139174,0.39815718,0.12712327,-0.7615745,-0.0184808,-1.10718,-0.07912561,-0.025824511,-0.0002945239,0.0025372817,0,0.012183942
-0.59932286,3.0556002,-0.24032015,-0.0028148752,0.029152198,-0.0626862,0.038061757,0.018309573,-0.07666157,0.098843955,0.011565129,-0.07164298,-0.08380003,0.01920126,0.005203419,0.05028743,-2.516625e-05,-0.01294131,0.009798565,-0.010770442,-0.40505138,-0.1207945,-0.022359047,2.3038864,-0.012764141,0.030957438,0.23664388,0.12942621,-0.00038224278,0.007343122,1,0.9870164
-0.804432,-0.1304362,-0.19742675,-0.013298069,-0.9894604,-0.008042912,0.037970763,0.025608184,-0.019585075,0.06104499,0.0071371654,0.14734067,-0.13859883,-0.0025367339,0.0036170515,0.07078341,-2.516625e-05,-0.00832831,-0.0099881785,-0.009804162,-0.12905405,-0.5115902,-0.015624112,1.9381026,-0.018878203,0.028633926,0.2067529,0.12966575,-0.00042021007,0.007343122,1,0.4171522
-1.6321249,-0.24358942,-0.28975165,-0.06048838,-0.019145204,0.23400697,0.061141364,0.034971748,-0.19164549,-0.52596104,0.0037929208,0.38543093,0.008211749,0.005067721,0.0024846601,0.067134276,-4.9424183e-05,0.0012099671,0.0016551332,-0.011150123,0.1250088,-0.43127152,-0.023121145,2.0226803,-0.018031504,0.024801126,0.17626642,0.12006474,-0.0003186539,0.004971542,1,0.46040896
-1.139302,-0.10669374,-0.24263604,0.009864008,0.08320024,-0.68849623,0.0470536,0.021156816,0.12456557,0.23211694,0.0069698137,0.29667127,-0.12945625,0.012303582,0.0040052803,0.03884552,-2.516625e-05,-0.004756879,0.0037419533,-0.07316232,0.15298344,-0.29748675,-0.021394841,2.1021984,-0.018157193,0.02756845,0.19085334,0.1402951,-0.00040908737,0.007343122,1,0.6875767
-0.7844288,-0.2069198,-0.16616367,-0.010076174,-0.054043904,0.27478132,0.027413042,0.007949105,-0.27491838,-0.70765084,0.0016603817,0.029455343,0.037688427,-0.0011731889,0.0010350228,0.051290076,-1.322949e-05,-0.010570143,0.004902055,-0.033810552,-0.9671736,-0.52723247,-0.04962359,-1.7407316,-0.047685616,0.0014776206,-0.7372257,0.044340536,-0.0002869814,0.0022062548,0,0.0029397723
-1.1093456,-0.57561904,-0.23846425,-0.019595487,0.10170747,-0.52607805,0.049770363,0.016595265,-0.098149255,-0.28787234,0.005562299,0.07573983,-0.19589087,-0.029040469,0.0033964096,0.06531654,-8.64364e-06,-0.003373226,0.0035048653,-0.0359611,-1.950839,-0.5754775,-0.024043981,1.4801601,-0.019184973,0.023210244,0.15813975,0.10961937,-0.0003547357,0.00681803,0,0.02710118
-0.65773344,-0.014614953,-0.3279423,-0.070992365,0.018742545,0.2671973,-1.8982886,-0.40647364,-0.15353426,-0.4336779,-0.68825513,-0.51389575,-0.13910155,-0.033136774,-0.36246675,0.069439046,-8.64364e-06,-0.018814277,0.0015053172,-0.028295163,-1.6199661,-0.24793252,-0.028126897,1.2330682,-0.013047358,0.013491007,0.09706459,0.064304695,-0.0024372486,0.0027184903,0,0.0027810098
-0.7314247,-0.3627879,-0.24034366,-0.020657152,-0.026714763,0.026567854,0.028392993,0.011723862,0.015427939,0.0989154,0.00260256,-0.30393383,-0.47269952,-0.25254372,0.0016132792,0.00678602,-8.64364e-06,-0.009181681,-0.00071653107,-0.052149672,-1.5153402,-0.64991564,-0.049532328,-2.176574,-0.040056836,0.012098809,0.088546485,-0.90186673,-0.0006587978,0.0029177177,0,0.0005514191
-1.0092701,-0.32760194,-0.3090038,-0.058068916,-2.2551732,-0.2933274,0.05237712,0.023735313,-0.27588087,-0.5519501,0.0027798451,-0.53169686,-0.023624517,-0.0438541,0.0022706473,0.0068061166,-4.9424183e-05,-0.0010196829,-0.0009994669,-0.015012568,-0.25563055,-0.5982624,-0.023586685,1.1571656,-0.019859485,0.016193816,0.1501137,0.09971349,-0.0003187791,0.004750503,0,0.0062479763
-0.4365656,0.010451034,-0.1459519,0.07428068,-0.03354429,0.051690333,0.05362693,0.019669035,0.18990922,0.4159491,0.0075279404,0.12677138,0.0023314569,-0.022894464,0.004408677,0.099145375,-1.322949e-05,-0.015413482,0.0030726988,-0.0039053191,-0.13586901,-0.4682349,-0.024800614,2.4450004,-0.016048664,0.030984817,0.22972332,0.13382721,-0.00038765883,0.007343122,1,0.9315749
-1.9562738,-0.1668054,-0.24747252,0.0022011849,0.048593696,0.04263305,0.044377636,0.02409266,-0.12986052,0.05878886,0.0071341805,-0.14420806,-0.07628749,0.019991567,0.0031547248,0.043039817,-2.516625e-05,-0.0068339244,-0.0056021363,-0.011009379,-0.06473218,-0.5148055,-0.02205363,1.7876272,-0.019319504,0.022047792,0.17067514,0.13095346,-0.00042021007,0.007343122,1,0.28009266
-0.079857975,0.0088182865,-0.17404836,0.0530411,-0.113348424,0.27182776,0.04529876,0.021868795,-0.045181554,0.2325994,0.0075368695,0.10795071,-0.103055164,0.009397503,0.004280631,0.07293521,-4.9424183e-05,-0.015516663,-0.0028815477,-0.011503832,-0.19689502,-0.19800158,-0.023288518,2.3526182,-0.014390167,0.031958852,0.24635398,0.1417268,-0.00036977738,0.007343122,1,0.9337777
-0.9383425,-0.39234108,-0.23073132,-0.01878981,-0.05528014,0.12142641,0.045337103,0.029364113,0.19547965,0.4025423,0.0073791305,-0.36968783,-0.05364633,0.016051106,0.0039595505,0.079036474,-1.322949e-05,-0.08455791,-0.005869031,0.0046807146,-0.2636735,-0.27115303,-0.029967722,2.2700531,-0.017109554,0.027457662,0.22917493,0.12896448,-0.000534807,0.0071220826,1,0.6995978
-0.94814956,-0.22830528,-0.21659751,0.00041158948,0.029046288,-0.32999521,0.023833746,0.007936158,-0.08010027,-0.35252002,0.0022296926,0.060014248,0.042126928,-0.034187745,0.0014238985,0.013833946,-6.685659e-06,-0.010913375,-0.0033096904,-0.053858493,-1.2771363,-0.64148724,-0.0401016,-1.8180474,-0.06318137,0.009706388,-0.015966015,-0.83614063,-0.0005375832,0.0023567537,0,0.0011711842
-1.0295734,-0.7923156,-0.1990819,-0.023686003,0.03273709,0.06940531,0.047915928,0.019447308,0.026830463,0.17474832,0.0063659563,0.10162991,-0.001947761,0.01931804,0.004726815,0.15796879,-8.64364e-06,-0.0096805105,0.0045382273,-0.024616698,-1.6097451,-0.17665924,-0.023284338,1.7369177,-0.01291068,0.024366332,0.18605846,0.11355669,-0.0003547357,0.00681803,1,0.2384017
-0.43069473,3.5703375,0.12671986,-0.02528966,0.037474316,0.006482052,0.034143396,0.02051148,-0.10300948,0.084848754,0.011002699,-0.5500519,0.007781491,-0.037468355,0.0049993405,0.069824934,-4.9424183e-05,-0.03323339,-0.004216548,0.00532626,-0.4623139,-0.60962635,-0.027384454,2.0997453,-0.015751997,0.028652133,0.14630216,0.13411441,-0.00041644892,0.007343122,1,0.98377997
-0.76116985,-0.1501896,-0.30533332,-0.016143022,-0.11584809,0.025382929,0.028126827,0.009482485,0.054943107,0.15976849,0.00250677,-0.32947406,0.0056767906,-0.017457306,0.0015068195,0.0596503,-8.64364e-06,-0.017524464,0.019743156,-0.05018746,-1.4377464,-0.81774783,-0.050738722,-2.44277,-0.06167967,0.013568636,0.100217834,-0.9506015,-0.00059233804,0.003061155,0,0.00088192034
-0.86009276,0.022396788,-0.12927076,0.042562187,-0.1968089,-0.46917942,0.03879063,0.021642808,-0.09777103,0.078676626,0.0073331725,-0.3921237,-0.10089544,0.04399229,0.0041643917,0.050621763,-1.322949e-05,-0.062142372,-0.007839874,0.0064602313,-0.35591087,-0.31206244,-0.029700488,2.1638587,-0.024776217,0.028292235,0.22240935,0.11810674,-0.00027205772,0.007343122,1,0.4568191
-1.1562266,-0.32667384,-0.20538586,-0.003255808,0.060141124,-0.3057084,0.045207273,0.029080253,-0.028617036,0.07545818,0.0070422487,-0.36027062,0.013440005,-0.03470341,0.0039419234,0.01578192,-2.516625e-05,0.002424573,0.0009281988,-0.011280338,0.19848678,-0.19494298,-0.023839183,2.068582,-0.022974271,0.022868993,0.21157153,0.12521762,-0.000534807,0.0071220826,0,0.55525106
-0.6755043,-0.0136577,-0.073512904,0.0850349,-0.34526333,-0.2832527,0.045064095,0.019831166,0.24151975,0.5344928,0.0076409727,-0.12037672,-0.087171,0.014169522,0.004206869,0.08121159,-1.322949e-05,-0.01968658,-0.01177033,-0.011653147,-0.2196075,-0.30054128,-0.022570642,2.316538,-0.016048092,0.030369421,0.2344175,0.11935565,-0.00039142574,0.007343122,1,0.8248022
-0.8645345,-0.065194495,-0.39772004,0.035454918,-0.028066957,-0.04513397,0.024478117,0.009618448,-0.13558753,-0.35342938,0.001955094,0.05292549,0.023947844,-0.024377504,0.0013264138,0.046697337,-1.4532401e-05,-0.021052347,-0.0020114416,-0.038698215,-1.4590087,-0.7639944,-0.03541821,-2.15955,-0.07090246,0.009804833,0.024975117,-0.7690274,-0.00055433164,0.0023567537,0,0.00091865164
-0.7143322,-0.31543058,-0.35615152,-0.007875089,0.28173372,0.05439363,0.03626108,0.010478882,-0.20681544,-0.27010217,0.002271838,0.05359353,-0.07456464,-0.014390293,0.0012434348,0.028781872,-8.643641e-06,-0.033055216,-0.07391603,0.029537898,0.32665437,0.48823604,0.14661981,-1.0761726,-0.016811734,-1.0777583,-0.010333572,-0.017402427,-0.00026999926,0.0026983258,0,0.057658404
-0.74636644,0.036770333,-0.5349574,-0.011043642,0.0075542894,-0.23200235,0.035231184,0.010495487,-0.086768344,-0.12923244,0.0027812084,-0.08027568,-0.26369023,-0.045046065,0.001706237,-0.22786222,-8.64364e-06,-0.013997182,-0.08559726,0.0040431563,-1.162832,-0.5905112,-0.10531173,-2.3859518,-0.058143154,-0.9454887,0.09322582,0.06034527,-0.0006145088,0.004005665,0,0.0005866538
-0.7474576,-0.29421577,-0.16167106,-0.009127663,-0.7669705,-0.045653593,0.023705607,0.0076241614,-0.05438388,-0.23586671,0.0022945858,0.005053808,-0.12462332,0.0019925237,0.0013144747,0.05555924,-6.685659e-06,-0.00474119,0.014209484,-0.05713246,-1.382927,-0.63788086,-0.050597437,-1.8805106,-0.04342362,0.008405833,-0.6464669,0.04696421,-0.0002873976,0.0025296272,0,0.0009432489
-0.13077566,0.008351753,-0.096481435,0.05367389,-0.11844631,0.09726293,0.05370554,0.023574326,-0.011617343,0.16137826,0.007465276,0.17154023,-0.082619354,0.03464638,0.004162234,0.05934949,-1.322949e-05,-0.00396721,-3.107995e-05,-0.011813578,-0.018340984,-0.32618064,-0.024863338,2.3396523,-0.01995584,0.029246764,0.24274611,0.13662384,-0.00039008132,0.007343122,1,0.93049234
-1.2461874,-0.3252407,-0.19504093,-0.02067495,-0.1949987,0.008192764,0.024732022,0.009988487,-0.1673708,-0.39510232,0.0020495951,-0.28515995,0.01602366,-0.020654222,0.0011931132,0.046738423,-4.9424183e-05,0.001537835,-0.002828629,-0.03335387,-1.1826826,-0.65735686,-0.04062065,-1.878904,-0.052843604,0.007866004,0.027265815,-0.8187445,-0.00074981456,0.002331005,0,0.00063478365
-0.7760157,-0.367112,-0.3532653,-0.011709781,0.27541023,-0.07314626,0.026313849,0.010221112,-0.06271641,-0.06787435,0.0025748804,-0.015440611,0.0142602315,0.0018716478,0.0015458846,0.04428937,-8.643641e-06,-0.01419805,-0.063831195,0.03605236,0.52076316,0.58120257,0.16826756,-1.2576642,-0.015570966,-0.0054130456,-0.70580554,0.011891144,-0.00022434846,0.0029202527,0,0.11072491
-1.3881642,-0.7437435,-0.15699983,-0.017841207,-0.17298296,-0.010589559,-1.5241023,-0.33817357,-0.25703007,-0.59086543,0.0018005406,0.037827592,0.011656945,-0.021163514,0.0077862907,0.05518517,-0.0010200533,-0.0067703305,-0.066061504,-0.029543458,-0.9240918,-0.53513074,-0.04609876,-1.6546283,-0.03976665,0.009616568,0.050198045,0.022464972,0.0015755729,0.00224216,0,0.00024466866
-0.95499295,-0.3067699,-0.40635297,-0.07341301,0.07697511,-0.50170386,0.055869527,0.024382725,-0.1405821,-0.42836943,0.006550002,-0.066923805,-0.55218476,-0.23462403,0.0032691432,-0.023376847,-4.9424183e-05,-0.0015587751,-0.0054728677,-0.014082258,-0.0740424,-0.5429247,-0.029295249,1.6639687,-0.019525498,0.019325329,0.14409463,0.1143703,-0.00032945885,0.004971542,0,0.09502705
-0.11016855,0.040335964,-0.5640922,-0.013621127,0.01915839,0.056330364,0.053059995,0.017035924,-0.02344584,0.17523749,0.008321152,-0.29826754,-0.044567686,-0.05733052,0.005697871,0.13100238,-8.64364e-06,-0.017796177,-0.0029797894,-0.031329658,-1.2142894,-0.11884172,-0.027350262,2.0603871,-0.0140735,0.027257057,0.20154302,0.12319139,-0.00030013744,0.007039069,1,0.59777147
-0.94270486,-0.07540297,-0.2112525,0.026159206,-0.27490792,-0.26116744,0.028483259,0.024092486,-0.035138108,0.0651069,0.006994279,-0.115741335,0.03952697,-0.0203359,0.0040011494,0.07099847,-2.516625e-05,-0.012375893,-0.00819632,-0.010295364,-0.28666136,-0.5979176,-0.0056747254,1.9037693,-0.017177219,0.030495955,0.17539345,0.13403678,-0.00040452825,0.007343122,1,0.41340086
-0.7856997,3.9567816,0.037259057,-0.015137981,-0.16268934,-0.32898885,0.044110816,0.013107271,-0.24895574,-0.5642921,0.011323871,0.13693255,-0.10976824,0.097759604,0.004799026,0.05017845,-8.64364e-06,-0.0148012,0.007967562,-0.014396173,-1.079819,-0.096205845,-0.033307612,2.020978,-0.011688155,0.023848392,0.17649819,0.09822992,-0.00021559575,0.005835264,1,0.9618997
-1.2473391,0.011424499,-0.3830846,-0.006322714,-0.052441902,-0.14810209,0.025418267,0.008320208,-0.26703116,-0.72061753,0.0016529632,0.09959196,0.03363273,-0.033206116,0.0010336345,0.05054185,-4.9424183e-05,-0.008125765,0.0013520225,-0.033593927,-0.992028,-0.6072228,-0.04862788,-1.7229217,-0.06808662,0.009380211,-0.59217274,0.031019129,-0.00030749675,0.0022062548,0,0.0012966748
-0.86065716,0.00076865853,-0.40469328,-0.012061433,0.013469909,0.40003324,0.049737103,0.023666447,0.20997399,0.35833636,0.00757772,-0.3881829,-0.018834721,0.04091222,0.004126899,0.07253343,-1.322949e-05,-0.0058673793,-0.0019336784,-0.0134194335,-0.19248636,-0.23293567,-0.027000677,2.247991,-0.019380178,0.031612128,0.23928384,0.13261154,-0.00039981795,0.007343122,1,0.841731
-0.53033894,-0.1727231,-0.35379288,-0.01774843,-0.3698364,0.22624809,0.05043608,0.018299924,0.2277124,0.42068878,0.008480515,0.031619895,-0.096554935,-0.030418893,0.005487973,0.13805869,-8.64364e-06,-0.038825646,-0.024630768,0.010065865,-1.4562954,-0.10390472,0.058928493,2.0255592,-0.012985389,0.028251242,0.2013058,0.106121585,-0.00026675145,0.007039069,1,0.59025645
-0.4336622,-0.10731142,-0.36838087,-0.07272215,-0.010725941,0.07765759,0.047675233,0.022278335,-0.024453994,0.032749545,0.0076487437,0.063112184,-0.25141653,-0.04107425,0.0041544666,-0.2881849,-4.9424183e-05,-0.014726339,-0.06941671,-0.005968442,-0.25912705,-0.20010081,-0.029860947,2.2518904,-0.013964287,0.029519906,0.23354621,0.13367698,-0.00037975813,0.007343122,1,0.6745376
-0.19468454,0.001289769,-0.0790238,0.044208284,0.019303547,0.06529558,0.050808806,0.025042495,0.19111133,0.29951653,0.0074396,0.15007547,-0.005505074,0.002913413,0.004226634,0.09720613,-4.9424183e-05,-0.003336646,0.005946839,-0.013573054,-0.05480648,-0.23373932,-0.024265893,2.345417,-0.019662498,0.031615328,0.24347022,0.1396693,-0.00038590404,0.007343122,1,0.95738167
-2.0459943,-0.034006648,-0.44984972,0.010307971,0.09607628,-0.5069552,0.046001192,0.02400092,-0.15702504,-0.031206597,0.0073905475,0.14966542,-0.10392418,0.034748062,0.0034398455,0.03663403,-9.260577e-06,-0.0066786907,-0.0025981092,-0.0098098125,0.25745556,-0.45478538,-0.023957431,1.9667394,-0.020935653,0.021079794,0.23569572,0.12475786,-0.00040229363,0.007343122,1,0.30624175
-1.375573,-0.21796468,-0.23811808,-0.0048182034,-0.251516,-0.9703123,0.02526295,0.01214471,-0.10410962,-0.124385245,0.0023727769,-0.3952792,0.011829344,-0.09011175,0.0013912845,0.013699565,-2.516625e-05,-0.020660115,-0.0011218502,-0.030245734,-1.0942984,-0.49133113,-0.04579194,-2.260014,-0.063511014,0.007765854,-0.8262388,0.0663093,-0.0003700107,0.003000453,0,0.00021322192
-0.87494636,-0.31357107,-0.31868812,-0.04432149,-0.2792172,-0.55409044,0.02742704,0.007247299,-0.25884074,-0.74766904,0.0016176725,0.08096462,0.05029019,-0.062016964,0.0010276301,0.016760891,-1.322949e-05,-0.008153678,0.004765955,-0.035941366,-1.0682539,-0.76248205,-0.054777935,-1.6917976,-0.056172963,0.0079579875,-0.59501874,0.051657055,-0.0002538317,0.0022062548,0,0.000572315
-1.7774712,3.0074527,-0.25564098,0.00077980786,0.076734185,0.07942659,0.057586465,0.03154448,-0.14056665,-0.40455467,0.010628691,0.12571871,-0.092168495,0.011940322,0.004038085,0.032322418,-9.260577e-06,-0.0065185195,-0.0030200875,-0.009204376,-0.01615452,-0.07805833,-0.02359869,2.1170702,-0.014778042,0.018887457,0.20980746,0.11023595,-0.00036585162,0.0061393166,1,0.9563641
-0.8910845,-0.25234914,-0.25897473,-0.048915535,-0.81521165,-0.65618503,0.04115631,0.024407323,0.20124538,0.44636986,0.0075277006,0.047464505,-0.049895894,0.06943113,0.0038665289,0.09154194,-1.322949e-05,-0.018530378,0.002226524,-0.0127375545,-0.13156669,-0.19199947,-0.03145392,2.1756444,-0.017494943,0.030140126,0.21595462,0.1201751,-0.0003802447,0.007343122,1,0.5291558
-1.0385431,-0.11393187,-0.32480183,-0.02368786,0.03763124,0.040185794,-1.7840341,-0.428372,-0.16721134,-0.3221661,-0.55723387,0.08320515,-0.11224444,-0.40397063,-0.3123365,0.058867432,-6.685659e-06,-0.027140202,0.00930273,-0.030671855,-1.8946007,-0.3524104,-0.0272988,1.1165975,-0.015838481,0.012257137,0.016781544,0.0499372,-0.0023591898,0.0024306073,0,0.0014972741
-0.12018609,-0.023164362,-0.23683563,0.06696085,-0.17016439,0.085152656,0.048928794,0.02356067,-0.07389301,0.07948705,0.0070282356,-0.08052466,0.0036122738,-0.07767989,0.004141162,0.068880975,-4.9424183e-05,-0.0065807505,-0.00025974357,-0.015113689,-0.1936738,-0.556054,-0.02218742,2.0904527,-0.019807238,0.030692682,0.1898325,0.13793688,-0.0004865075,0.007343122,1,0.77840614
-1.1196386,-0.791011,-0.14782716,-0.028566133,0.10404363,-0.5253099,0.06272714,0.028389104,-0.15970166,-0.73839515,0.00553531,-0.3585445,-0.09387169,0.038249135,0.0026358021,0.0533473,-9.558551e-05,0.0008892223,-0.004650805,-0.011510084,0.24738625,-0.42604047,-0.021883372,1.8061956,-0.015583039,0.019368963,0.1437571,0.08589986,-0.0007212619,0.004750503,1,0.13810478
-1.3486248,-0.036513425,-0.66355956,-0.0076251184,-0.078356914,0.14816521,0.027646968,0.0073354226,-0.2875076,-0.62013423,0.001700422,-0.015707772,0.038884807,-0.0130353235,0.001137586,0.050296333,-8.64364e-06,-0.014505036,0.003814159,-0.035744887,-1.3316206,-0.50866985,-0.049846813,-1.5427893,-0.050394826,0.010580774,-0.669463,0.03731633,-0.00027070113,0.0021707695,0,0.00097093533
-0.71510595,-0.17206058,-0.31046432,-0.010220372,-0.0785803,-0.41665205,0.027725067,0.00958131,-0.12868237,-0.4659758,0.002139347,0.07976288,0.017103698,-0.023737658,0.0011659897,0.049095325,-1.322949e-05,-0.013695012,0.0067978837,-0.032085728,-1.0427715,-0.7963058,-0.045691103,-2.2777948,-0.06370555,0.008202763,0.055923812,-0.8637798,-0.0005825065,0.002392764,0,0.0007543036
-0.8246047,0.0055236276,-0.09904439,0.05893103,-0.11705956,-0.37128025,0.04710466,0.019640468,-0.05638435,0.073072016,0.0075226296,0.12041567,-0.11191533,0.054356445,0.004297795,0.070296735,-4.9424183e-05,-0.0154577615,-0.0012997969,-0.014212993,-0.25837642,-0.24187155,-0.02476849,2.2628808,-0.021322351,0.02996869,0.22766848,0.12297037,-0.00039237103,0.007343122,1,0.7237234
-1.0813185,-0.27940908,-0.32309362,-0.0121525815,0.29173908,-1.2774425,0.027349766,0.009938296,-0.053594675,-0.010507972,0.002577205,0.061814006,0.010912117,-0.072068766,0.0017375347,0.022946347,-8.643641e-06,-0.004289334,-0.060463015,0.013820244,0.29497078,0.5540117,0.15452932,-1.3254894,-0.017437797,-0.018871864,-0.053413514,-0.65851885,-0.00030157506,0.0029794767,0,0.022096282
-0.6592571,-0.09554592,-0.33775577,-0.01633819,0.06547578,0.04415989,0.048124414,0.023079345,0.24389529,0.49604464,0.0076494245,-0.037466735,-0.059067246,0.024603005,0.004169538,0.07745724,-4.9424183e-05,-0.012567439,0.038611718,-0.008944768,-0.227023,-0.22111608,-0.026043555,2.3217618,-0.0156151,0.031255465,0.24129105,0.1350725,-0.00037975813,0.007343122,1,0.89108545
-1.4973166,-0.35473308,-0.28488934,-0.05886666,-1.6797979,-0.6283981,0.031140275,0.017638799,-0.12614106,-0.28662595,0.0018454922,-0.27379292,-8.607388e-05,-0.05846702,0.0012704236,0.011854292,-4.9424183e-05,-0.0016126155,-0.014641106,-0.029571192,-0.94639057,-0.69125193,-0.031619232,-1.6001884,-0.07693244,0.010290352,0.04566796,-0.871681,-0.0005393075,0.002392764,0,8.418215e-05
-0.09931439,-0.3309611,-0.23006034,-0.024054917,-0.23916772,-0.0056586284,0.03479878,0.014667934,-0.84217983,-1.9785228,0.0032519002,0.11479485,-0.036614772,-0.058333103,0.0018719708,0.031175487,-4.9424183e-05,-0.008312242,0.0031412917,-0.013299073,-0.5102149,-0.23316097,-0.029616391,1.4876357,-0.016244952,0.019397482,0.14527503,0.09596934,-0.00027523414,0.0041960184,0,0.063517585
-1.329419,-0.6222907,-0.21480371,-0.020964533,-0.15228987,0.09428033,0.048424203,0.018937083,-0.041572224,-0.016331222,0.0064876983,0.11136388,-0.08723396,0.007724337,0.0046555656,0.06720104,-6.685659e-06,-0.0098536145,0.004059788,-0.00773802,-1.7450544,-0.48789504,-0.02331595,1.8091377,-0.014565345,0.022519888,0.17187911,0.10773563,-0.0003585026,0.00681803,1,0.09250595
-0.83627516,-0.79791576,-0.19420166,-0.032558937,-0.29850408,-0.44882408,0.02739545,0.017300121,-0.039128475,-0.025703458,0.0021371092,0.04987475,0.016202869,-0.046646647,0.0014052805,0.04190138,-4.044135e-05,-0.005453398,-0.0015536626,-0.053107496,-1.5477823,-0.42994934,-0.048331805,-1.78654,-0.039439563,0.010384345,0.03290088,-0.8993369,-0.0009815913,0.0029177177,0,0.00066119403
-0.88120776,-0.27895167,-0.36277798,-0.05304301,-0.03709737,-0.45783108,0.02344751,0.009205136,-0.10226869,-0.17301296,0.0023422546,-0.001976189,-0.005941812,0.009278443,0.0015006816,-0.07687917,-6.685659e-06,-0.048905887,-0.048909582,0.0042216294,-1.2684686,-0.5900912,-0.05000854,-1.992735,-0.055180654,0.0075704386,-0.6969678,0.062617734,-0.00029522576,0.003000453,0,0.0008663825
-0.4693964,-0.101352096,-0.29757738,-0.0408125,0.068193406,0.13995793,-1.9892229,-0.55420923,0.012825663,-0.18303023,-0.81572866,-0.05059112,-0.33379012,-0.20067614,-0.44597745,-0.16391598,-8.64364e-06,-0.06448327,-0.04338685,0.0022116508,-1.5210733,-0.39261198,-0.030461622,1.2679613,-0.015087668,0.015620575,0.11807853,0.0617478,-0.0024786086,0.003078508,0,0.002430699
-1.5367736,-0.74235964,-0.12979211,-0.012006371,-0.25441,-0.09093147,0.026235174,0.011188907,-0.00614172,-0.08579164,0.0018649072,-0.33415356,0.21272679,0.082284644,0.0013706124,-0.10847658,-4.044135e-05,-0.031528477,-0.0961725,0.0024871144,-1.5051417,-0.81973267,-0.0777492,-1.4042495,-0.04529166,0.008964864,-0.69095755,0.023631379,-0.00063884543,0.0028597396,0,0.0005053906
-0.551778,0.05964465,-0.3637837,-0.023845937,-0.06421188,-0.6536811,0.0478694,0.017075192,-0.043829016,0.043909233,0.0071129696,-0.0073364596,-0.23608531,-0.037191827,0.0040883543,-0.27622217,-8.64364e-06,0.02682232,-0.026567578,0.0019591334,-1.2329588,-0.260052,-0.02765049,1.9465636,-0.016333215,0.027258586,0.20390336,0.11014005,-0.0002708357,0.007343122,1,0.21264356
-0.8533623,-0.0142148845,-0.1328757,0.057081524,-0.19692156,-0.3837786,0.04503742,0.02241759,0.20927115,0.3074862,0.00684028,-0.28811437,-0.024138503,-0.08184446,0.0039402694,0.035203643,-4.9424183e-05,-0.0045797834,0.0018905101,-0.014091353,-0.20383532,-0.54776675,-0.025210321,2.0221932,-0.024508676,0.030233132,0.21810012,0.13616487,-0.00031582388,0.007343122,1,0.5785071
-0.7707603,0.010479705,-0.37782913,-0.010208435,-0.08266801,0.11872834,0.028946178,0.011281537,-0.07641984,-0.1540193,0.0025487589,0.057077534,0.021238517,-0.022147266,0.0013662988,0.04770222,-1.322949e-05,-0.013161766,0.0032492755,-0.03445416,-1.0481446,-0.669444,-0.04795642,-2.5383925,-0.049354848,0.017269095,0.12226893,-0.92744046,-0.0006973901,0.003061155,0,0.0017112064
-1.4152368,0.0074598114,-0.62889457,-0.022631729,-0.30027345,0.30103177,0.035240807,0.019848773,-0.06205078,0.008165477,0.0070921616,-0.21097156,-0.07282578,-0.07426458,0.004160496,0.10474276,-8.64364e-06,-0.0070746494,0.021816486,0.010760335,-1.3284541,-0.54469764,-0.04548306,1.8956331,-0.0154418545,0.026566463,0.18001117,0.10503034,-0.00031255817,0.007343122,1,0.120822504
-0.7150295,0.010007434,-0.27259347,-0.003430889,-0.107179105,0.09182654,0.048260394,0.02450137,0.18135986,0.33927557,0.007174409,-0.3163779,-0.042780433,0.071619034,0.00394334,0.06662162,-2.516625e-05,-0.006327539,0.013482126,-0.014273477,-0.2101625,-0.5279715,-0.023011327,2.1194558,-0.019728556,0.031152545,0.19723141,0.13594012,-0.00050218933,0.007343122,1,0.7500456
-0.9575163,-0.19812313,-0.3001868,0.04939311,-0.17371285,-0.5530165,0.041518036,0.021435995,-0.11023488,-0.070700474,0.006886406,-0.32865626,0.019514132,0.006490593,0.0039974838,-0.05312847,-2.516625e-05,-0.009924861,-0.037596554,0.0019689125,0.07471131,-0.47488463,-0.012133845,1.9196143,-0.016618412,0.028864244,0.192016,0.13626298,-0.00030789612,0.007343122,1,0.3148162
-0.91481334,-0.20712793,-0.42446804,-0.0050485055,-0.14261793,-0.065771416,0.031506676,0.01073396,-0.061003555,0.0076457816,0.002423914,0.06433577,-0.13427079,-0.6389087,0.0015420344,0.04763339,-4.9424183e-05,-0.011195262,0.007973421,-0.03500318,-0.970941,-0.4704832,-0.056012727,-2.4629436,-0.05860405,0.015345158,-0.9900632,0.060414422,-0.00039572385,0.003000453,0,0.0006181788
-1.3068494,-0.014412325,-0.25420088,0.01149804,-0.09980907,-0.39028305,0.029558754,0.0126721375,0.024481095,0.022004848,0.002483743,0.37637314,-0.78271383,-0.37793294,0.0013192898,-0.08937146,-2.516625e-05,-0.00644112,-0.0032484531,-0.03990643,-0.4391663,-0.14542165,-0.019951822,-1.9029326,-0.080877945,0.0088125905,-0.61448646,0.06779719,-0.00035593176,0.003000453,1,0.002474276
-0.55462307,-0.17991433,-0.2716702,-0.048777398,-0.04913083,0.01954219,0.03648755,0.01056638,-0.07703675,-0.100516565,0.0028204862,-0.0885745,-0.098195136,-0.014563541,0.0014719566,0.05343296,-8.64364e-06,-0.04553412,0.002091911,0.016031817,-1.2417433,-0.4261786,-0.070127875,-2.2903569,-0.044926763,-0.94989294,0.08798809,0.072468035,-0.00059245987,0.004005665,0,0.0019530617
-0.21620561,0.030249963,-0.13464789,0.0692222,-0.1252727,-0.36030757,0.049107086,0.022961935,0.076814935,0.077137604,0.007005097,0.20328435,0.0041672275,-0.040778376,0.004112224,0.030600509,-4.9424183e-05,-0.004688254,-0.0025076652,-0.013595929,-0.09458456,-0.49192294,-0.023806358,2.235763,-0.024395194,0.031292684,0.22029147,0.13736962,-0.0004865075,0.007343122,1,0.84323865
-0.73064107,-0.22320518,-0.13469997,-0.031995103,0.11154448,-0.70812094,0.052649677,0.013710283,-0.24508317,-0.59893227,0.0073442543,0.033388983,-0.1463514,-0.006888823,0.003488063,0.06593448,-8.64364e-06,-0.04754815,-0.006488997,-0.030639509,-1.7307812,-0.30443224,-0.037752666,1.6834272,-0.01359643,0.022380106,0.16008322,0.099123105,-0.00027556013,0.005835264,1,0.0612561
-1.6366096,-0.14995947,-0.3515129,-0.008256679,0.03602668,-0.055842586,0.0751959,0.03234232,0.28700867,-0.005547345,0.0016599956,0.08969467,0.10444694,0.051866557,0.0010094291,0.01769765,-4.9424183e-05,-0.002417032,0.009408676,-0.020309443,0.199147,-0.33976024,0.0059295725,-0.9292722,1.1880403,0.018163512,0.1355597,0.087501675,-0.0003444051,0.004417057,0,0.24127315
-0.7625931,-0.25323576,-0.24007401,-0.03990872,-0.647325,-0.018282302,0.03316897,0.0111993225,-0.41173437,-0.8809762,0.0016650674,0.020153685,0.0422677,-0.021549974,0.0010207251,0.055448726,-8.64364e-06,-0.011678115,0.005144619,-0.047900263,-1.4042832,-0.50847286,-0.060555577,-1.3299972,0.09884011,0.018185345,0.090125605,0.07028339,-0.00027404766,0.004417057,0,0.0020705282
-1.1421796,-0.10904041,-0.36509,-0.016296564,0.18487883,0.064622544,0.05125431,0.02095172,0.21960305,0.4621859,0.0075089554,0.10263613,0.02417832,-0.0042259065,0.004255288,0.105432115,-1.322949e-05,-0.009401963,0.030767137,0.00024415593,-0.16770199,-0.1649191,-0.024918417,2.3192255,-0.015020716,0.032233145,0.23221144,0.13219433,-0.00037504593,0.007343122,1,0.879912
-1.004222,-0.17494996,-0.1492158,0.031436764,-0.26762715,0.0051251906,0.025855104,0.007185403,-0.14225928,-0.4031712,0.0022606906,-0.34477538,-0.14964512,-0.008423293,0.0013518706,0.04736763,-8.64364e-06,-0.0142328665,-0.0017321183,-0.042466678,-1.4337294,-0.8985512,-0.05251258,-1.7779397,-0.05209223,0.007835159,-0.5639862,0.03842368,-0.00024702272,0.0023206142,0,0.0006726768
-1.3247509,-0.12713695,-0.3254744,-0.030323181,-0.37152696,-0.6669391,0.040619593,0.024638174,0.017694948,-0.008209398,0.0070904857,-0.3206796,-0.25415686,-0.04060155,0.0038813674,-0.18402945,-4.9424183e-05,-0.011878333,-0.05392811,0.0026610456,-0.17753056,-0.6538729,-0.044818588,1.8682581,-0.018052736,0.029820414,0.17919949,0.115098536,-0.00029361335,0.007343122,1,0.09038908
-1.057792,-0.18567546,-0.36465484,-0.03842147,-0.10656462,-0.18887083,0.032747667,0.015486708,-0.54454947,-1.0465472,0.0054515554,-0.53953606,-0.1335945,0.09732074,0.0023936592,0.06920665,-8.64364e-06,-0.024070967,0.014563446,-0.011558791,-1.46459,-0.5096566,-0.025683837,1.553147,-0.016333597,0.022168921,0.13151489,0.074141815,-0.00024998828,0.004971542,1,0.014397607
-0.8400637,-0.028034015,-0.57726425,-0.0058765393,-0.648315,-0.485901,0.023179192,0.008225489,-0.055388737,-0.17562865,0.002203744,-0.02089325,-0.14834777,0.017926527,0.0013313985,0.04359445,-8.64364e-06,-0.010229529,-0.0013375712,0.05230192,-1.1351315,-0.8330629,-0.06873962,-1.9896287,-0.06444916,0.0084524555,-0.82923967,0.04418447,-0.00031782454,0.003000453,0,0.00045063338
-0.4194944,0.14151412,-0.44951826,-0.027142145,0.034058962,-0.37452763,0.048976313,0.02021864,-0.03981859,0.082166135,0.007456567,-0.12949173,0.03001487,0.012842278,0.004221418,-0.08078609,-1.322949e-05,-0.011564296,-0.011526455,-0.005817537,-0.159387,-0.24851479,-0.044352304,2.2672102,-0.019537503,0.027718674,0.22482327,0.1282796,-0.00039709487,0.007343122,1,0.7357524
-1.9586643,-0.11007828,-0.31960386,-0.027134098,-0.18782556,0.049864586,0.040804785,0.023940945,-0.11921141,0.07567595,0.006996077,-0.6587557,-0.0060397554,-0.0285776,0.003279566,0.0546635,-2.516625e-05,-0.068668716,-0.00014955376,0.004462193,-0.43066666,-0.6248387,-0.027986376,1.7461858,-0.017636904,0.022264164,0.17514941,0.13167708,-0.00041341962,0.007343122,1,0.09665861
-0.7836924,0.018195264,-0.50226736,-0.014524628,0.013419081,0.01140259,0.05634323,0.017754126,0.2291302,0.4147528,0.008344228,0.09187754,0.0020429143,0.02036759,0.0056973533,0.15470843,-8.64364e-06,-0.02380709,0.005164948,-0.017311996,-1.0758327,-0.25954932,-0.02477607,2.1648822,-0.014404728,0.029626532,0.23303956,0.12266741,-0.00030013744,0.007039069,1,0.7107511
-1.1095922,-0.5963919,-0.0834089,-0.013487059,-0.06539383,0.055614382,0.029630793,0.011405568,-0.1726677,-0.44297534,0.0019149048,-0.2779388,-0.34951532,-0.093086906,0.0010666008,-0.0016865552,-9.558551e-05,-0.0038400914,-0.012884546,-0.032059245,-1.176818,-0.8262191,-0.040899627,-1.8858709,-0.040291738,0.0058209714,0.02951111,-0.69122875,-0.0010172192,0.002331005,0,0.0004216048
-1.2241198,-0.41404045,-0.31411234,-0.02002622,-0.02893965,-0.061041623,-1.2992221,-0.27697647,-0.007327106,-0.07607334,0.00273577,-0.097184785,-0.10860979,-0.2727169,0.010896201,-0.1248796,-6.685659e-06,-0.084498234,-0.11800279,0.008103271,-1.1843246,-0.51778114,-0.063979596,-1.6915972,-0.04063119,-0.013930736,-0.45202813,0.038855825,-0.0028933657,0.0018134227,0,0.0002195986
-0.9042166,-0.36252815,-0.17775874,-0.0109255025,-0.16281474,0.012157349,0.02699364,0.011815948,0.08778457,0.15355352,0.0025894246,-0.059984203,-0.06895962,0.029692914,0.0016035241,0.06743576,-6.685659e-06,-0.07069597,-0.012335486,0.018094655,-1.4768406,-0.68807054,-0.07399042,-2.137649,-0.043460656,0.010940612,0.029055217,-0.917281,-0.0006587978,0.0029177177,0,0.0012238974
-0.869257,0.0531945,-0.22560503,-0.012259818,-0.0885351,-0.4410973,0.05373599,0.022821682,-0.12658237,-0.14340621,0.0073092487,0.2558721,-0.1010536,0.04353267,0.003479702,0.047316227,-1.322949e-05,-0.004805918,-0.0024824762,-0.013948318,0.16539167,-0.4118065,-0.024173291,2.2214472,-0.021162625,0.029801156,0.22708027,0.109823324,-0.00031145837,0.007343122,1,0.6836727
-0.80734694,-0.47518578,-0.12466099,-0.01931265,-0.36934975,-0.17117603,0.02873246,0.007951444,-0.21876933,-0.4348978,0.0014955692,-0.32921663,-0.09201638,-0.20422587,0.0010446706,0.028821915,-4.044135e-05,-0.007934059,0.013161904,-0.056631062,-1.7098399,-0.5128855,-0.047329754,-1.4646112,-0.031874564,0.006869928,-0.5833542,0.035333775,-0.0004160502,0.002260101,0,0.0005384106
-0.23458883,-0.17452037,-0.15976883,-0.037730493,0.28401196,0.00661494,0.030095736,0.007877695,-0.071842544,-0.20319779,0.002541174,0.084940635,-0.07912636,-0.024596242,0.0014285379,0.02962289,-8.643641e-06,-0.023362093,-0.037726842,0.03741527,0.68197054,0.7267093,0.17009716,-0.98136353,-0.015500004,-0.0073704184,-0.63616663,0.016411072,-0.0001914793,0.0025901403,1,0.35533237
-1.4552579,0.0056088,-0.1246215,0.06514005,0.02559347,0.084859826,0.04848071,0.020201901,0.21438786,0.46005425,0.0075271567,-0.19656375,-0.04245001,-0.070513904,0.0043960614,0.09865427,-1.322949e-05,-0.0067271045,-0.0002949522,-0.010117535,-0.18421018,-0.15677117,-0.024412235,2.325971,-0.016042119,0.033617288,0.21786655,0.12760228,-0.00038765883,0.007343122,1,0.8127494
-0.82651687,-0.20171103,-0.25179514,-0.040645745,0.27087688,0.055330426,0.029197106,0.009886956,0.06405604,0.12189492,0.002903043,-0.06520389,-0.03486007,-0.006400885,0.0017438711,0.03728592,-8.643641e-06,-0.2933988,-0.09764102,0.027213426,0.6020217,0.70489293,0.16590206,-1.4885784,-0.01575174,-0.034698885,-0.024578227,-0.74766356,-0.00029909937,0.0029794767,1,0.11665309
-1.1812992,-0.21111338,-0.29988664,-0.060870767,-0.76392,-0.502928,0.017904524,0.009150989,-0.12154215,-0.1907204,0.0024584369,-0.07184806,0.015055984,0.031321734,0.0016476626,-0.16172212,-8.64364e-06,-0.02745277,-0.037594743,0.014051151,-1.401916,-0.59207165,0.09543887,-1.7958862,-0.03737573,0.00853097,-0.62625754,0.043775488,-0.00027114613,0.0029202527,0,0.00039612767
-1.3292257,-0.017977063,-0.44190666,0.0024157136,-0.15590234,0.2743322,0.027040979,0.011832083,-0.08011351,-0.086481035,0.0025835626,-0.5368725,-0.123065166,0.0057319636,0.0014555149,0.03300284,-2.516625e-05,-0.012780109,-0.00018231195,-0.031795613,-1.1864916,-0.589417,-0.04972367,-2.399229,-0.05913648,0.011225839,-0.88895226,0.0597224,-0.0004025143,0.003000453,0,0.0005267381
-0.8048637,-0.5648034,-0.10454767,-0.04490349,-0.31549948,-0.020242626,0.031827807,0.012438153,0.054977905,0.1300727,0.0022972315,0.027235804,-0.36094704,-0.18163857,0.0015621567,0.04473864,-4.044135e-05,-0.010343694,-0.0053404234,0.031525493,-1.6050493,-0.57401747,0.09251244,-1.9001356,-0.028069228,0.007904733,-0.7019869,0.056722444,-0.00064287643,0.0028597396,0,0.0012082827
-1.0767668,-0.23657566,-0.34157428,-0.012936401,-0.21223652,-0.72241706,0.022619676,0.008357517,-0.23855901,-0.5960649,0.0016541914,0.04285386,0.03707236,-0.034800097,0.0011264654,0.04760609,-2.2618437e-05,-0.012778943,0.011793061,-0.031394597,-1.2900039,-0.6454352,-0.047177512,-1.406879,-0.068938084,0.008828997,-0.5148535,0.036617015,-0.00025167773,0.0021707695,0,0.0007026765
-1.7345203,-0.28672755,-0.21139354,-0.026515042,0.0055788714,0.03416329,0.045301575,0.023641357,-0.07841602,-0.029144632,0.0060319165,0.2311798,-0.0874124,0.0060975854,0.0029911075,0.07002531,-4.9424183e-05,-0.0015774954,-0.045632612,0.0142966565,-0.46353382,-0.46540084,-0.024290124,1.8312721,-0.0143259615,0.02576172,0.19550048,0.11177174,-0.0006361763,0.0071220826,0,0.2994773
-0.110209696,0.051065736,-0.5889653,-0.01114002,-0.092354424,0.17975958,0.05530594,0.017593905,0.25100663,0.4421517,0.008342561,-0.25231835,-0.066867456,-0.043720502,0.0056975973,0.13511963,-8.64364e-06,-0.012839315,0.0034030764,-0.01749129,-1.2490906,-0.47450352,-0.036346827,2.1443498,-0.015700385,0.028934656,0.20631084,0.12588848,-0.00030013744,0.007039069,1,0.66800267
-1.4607704,-0.7199476,-0.14720142,-0.015217712,-0.24685296,-0.2873471,0.023562318,0.010304693,-0.1650544,-0.42164335,0.0014302117,-0.10511242,0.024893517,-0.033814292,0.00093480723,0.04099943,-0.00020848622,-0.016584763,-0.08969726,-0.036531482,-1.3816899,-0.6077262,-0.037857383,-1.3723284,-0.048275772,0.008639865,-0.059716944,-0.729858,-0.0008161679,0.0021424429,0,0.00038484274
-0.69516516,0.03008592,-0.37821412,-0.020820437,0.04482656,0.0064467024,0.0417931,0.019745164,-0.06728848,0.15372576,0.0072295563,-0.0757587,-0.0952526,0.009749754,0.0040900935,0.09777968,-8.64364e-06,0.02671474,0.002735219,0.016385118,-1.1341887,-0.54207706,-0.030178636,2.0460632,-0.015867181,0.02803426,0.23090847,0.11240853,-0.00031880394,0.007343122,1,0.46008018
-0.15238321,-0.21981822,-0.21379459,-0.019144747,0.062238317,-1.3497788,0.05308706,0.017772347,0.101961605,0.3785897,0.0075287926,-0.39627272,0.022234762,-0.03274885,0.0055536437,0.15157752,-8.64364e-06,-0.046608035,-0.012911211,-0.034022234,-1.6773062,-0.61892384,-0.024566606,1.9277767,-0.014253615,0.026858393,0.18716396,0.12283618,-0.00028056419,0.007039069,0,0.15038936
-1.1651195,0.029700661,-0.34726155,-0.014856261,0.08253999,-0.057322744,0.047068685,0.024437416,-0.10049645,0.04349036,0.007148293,-0.3993448,-0.10893954,-0.0036764522,0.003909632,0.054610327,-4.9424183e-05,-0.007811015,4.793126e-05,-0.0137101505,-0.1883668,-0.578882,-0.02256306,1.8890393,-0.019730996,0.02674863,0.23425569,0.12231017,-0.000502734,0.007343122,1,0.39009094
-0.72818685,3.2357652,-0.12421086,-0.014304021,0.00013608846,0.02583207,0.033150382,0.01842896,0.034065645,0.064465314,0.011500158,-0.10297942,-0.09424337,-0.25915465,0.005240558,-0.24265552,-4.9424183e-05,-0.012646522,-0.07354966,-0.006146901,-0.25002724,-0.03150616,-0.027732067,2.2809427,-0.012205586,0.028605789,0.24324189,0.12743482,-0.00037599698,0.007343122,1,0.9844072
-1.3782958,-0.5692747,-0.075800814,-0.0012101687,-0.07887783,0.044783324,0.034277752,0.019911362,-0.07936017,0.0146416435,0.0025377534,-0.33897942,-0.4834812,-0.18088236,0.0014302155,-0.021243103,-4.5451732e-05,-0.005291983,-0.007318263,-0.031249499,-1.2689588,-0.8337823,-0.04685017,-2.2723377,-0.040581793,0.006719056,0.07115982,-0.85564965,-0.0020274045,0.002999396,0,0.00023305941
-1.2068257,-0.3345445,-0.22521813,-0.008591861,-0.21212259,-0.32428488,0.045578998,0.029081918,0.117452234,0.2906908,0.0067436607,-0.34486407,-0.03569253,-0.068784475,0.004036018,0.030085254,-2.516625e-05,0.0031579956,0.003209782,-0.010477533,-0.036705423,-0.47531167,-0.023177655,1.9816147,-0.020673735,0.023770677,0.20146792,0.12795867,-0.00063595513,0.0071220826,1,0.39009488
-0.11223534,-9.950961e-05,-0.1626003,0.02409274,0.043811247,0.06775981,0.05076631,0.01970371,0.2221598,0.48773342,0.0075059854,0.06735211,-0.0017020364,-0.028302083,0.004288121,0.09645658,-1.322949e-05,-0.0108051095,0.0030270112,-0.003589033,-0.18284355,-0.08658008,-0.022472546,2.4155831,-0.012328629,0.032045305,0.23670831,0.14321923,-0.00036560989,0.007343122,1,0.96492875
-0.91461766,-0.27224174,-0.14415628,-0.010104063,0.2607536,0.09556796,0.039397534,0.013622438,-0.102937855,-0.0901825,0.0025439947,-0.028173028,-0.0582033,0.011315465,0.0014530863,0.04737166,-8.643641e-06,-0.025442878,-0.040644627,0.029896446,0.4222357,0.4909966,0.15406106,-1.1019515,-0.01588551,-1.0980698,-0.0064005763,-0.01374075,-0.0003860558,0.0039406796,1,0.08778898
-0.5695623,-0.10421082,-0.3091153,-0.00028109527,0.053090584,-0.30437616,0.04501556,0.023018546,0.24585976,0.57859635,0.0075993864,-0.08461978,-0.033436004,0.05226305,0.004167267,0.07207108,-2.516625e-05,-0.009181303,0.030950662,-0.008259018,-0.1483398,-0.16652536,-0.02370659,2.2996197,-0.016989108,0.030492995,0.22760586,0.13411294,-0.00038431725,0.007343122,1,0.8851212
-0.8785656,-0.71621424,-0.128466,-0.0223136,-0.34960294,0.0060509224,-1.6761426,-0.5130032,-0.00048541953,-0.04147476,0.0028653548,-0.19610268,-0.14660299,0.037891604,0.01670339,0.027500886,-0.0010200533,-0.0010698535,0.016020445,-0.034314834,-0.81892073,-0.5755953,-0.04682884,-1.972434,-0.047266465,0.013086722,0.06542921,0.058040235,0.010912541,0.003099145,0,0.00037069162
-0.44790018,-0.120428145,-0.32788697,-0.0301257,-0.4382246,0.029650077,0.040255927,0.021634217,0.2558108,0.4757989,0.0075066346,-0.106212504,0.022946725,-0.02892227,0.003980838,0.109606825,-1.322949e-05,0.02450713,-0.036021557,0.002741179,-0.2526115,-0.14528695,-0.028643275,2.345672,-0.012969861,0.031441092,0.22838897,0.13008656,-0.00037504593,0.007343122,1,0.85455734
-0.67897713,-0.70105284,-0.11607166,-0.012285026,-0.21141508,-0.040100206,0.038733825,0.012143421,-0.06590505,-0.28356168,0.0021982703,0.07226488,-0.07825506,-0.5799875,0.0013082341,0.040995616,-4.044135e-05,-0.0069789356,0.011227301,-0.04818385,-1.3517128,-0.7718315,-0.049728293,-1.906017,-0.042295758,0.013240094,0.06728402,0.06868205,-0.0009837933,-0.28996402,0,0.001008566
-0.9513078,3.3932157,0.11203882,-0.024742913,-0.026739603,-0.2360319,0.03744182,0.021857655,0.18232894,0.31056598,0.01108296,0.22007771,-0.0688232,0.034114648,0.0049227136,0.06574948,-4.9424183e-05,-0.004135176,0.0021430114,-0.011925408,-0.22092205,-0.37681445,-0.022023682,2.2199347,-0.017500771,0.031430323,0.20847921,0.13225977,-0.00042539486,0.007343122,1,0.99358445
-0.072518565,-0.038594276,-0.15798913,0.022354793,0.06303014,0.071926095,0.055695854,0.016389493,-0.011963935,0.195583,0.008456101,0.0783596,-0.10926712,0.016124282,0.0055115162,0.11738668,-8.64364e-06,-0.035870392,-0.0004759223,-0.030553445,-1.6787987,-0.50576794,-0.023198605,2.0094922,-0.014791424,0.026929135,0.20498751,0.120769896,-0.00027241936,0.007039069,1,0.5863793
-0.2354737,-0.4578673,-0.23011366,-0.010606665,0.2701322,0.06435347,0.034856785,0.009964473,-0.25824183,-0.5493872,0.001955113,-0.031679854,-0.07939973,-0.012136834,0.0011204171,0.029988388,-8.643641e-06,-0.040845416,-0.042642444,0.02600578,0.40252176,0.41761798,0.15313923,-0.7614886,-0.016375486,-0.99082977,-0.004045933,-0.0100227455,-0.00026999926,0.0025372817,0,0.09044681
-0.55339855,-0.03129785,-0.47686872,-0.014145556,0.067997955,0.3916139,0.052446768,0.0147028295,-0.5077718,-1.0661049,0.0036427458,0.11878034,-0.17523028,-0.05701895,0.002186538,0.06663752,-8.64364e-06,-0.036698997,-0.005501322,0.01764412,-1.8209188,-0.2171586,0.060061425,1.5051047,-0.013174794,0.022654774,0.16089386,0.07761729,-0.00024939107,0.0048891553,0,0.0832016
-0.6633986,-0.16707072,-0.17200041,-0.0120338155,-0.47451958,-0.030194394,0.021701356,0.010136126,0.088224724,0.15572657,0.0027274636,0.039420083,0.0114981085,-0.0077450187,0.0017908106,0.068638325,-8.64364e-06,-0.023141384,0.0046368786,-0.0497598,-1.3480849,-0.6225829,-0.04415057,-2.5515428,-0.061100062,0.011334064,0.08197463,-0.92587614,-0.00057838374,0.0029794767,0,0.0013001801
-1.4278586,-0.2454789,-0.32311243,-0.06473353,-0.6347731,-0.07936133,0.018322885,0.012715764,-0.12516484,-0.14666529,0.002728772,-0.010870925,-0.03214117,-0.0052026724,0.0016906515,-0.12511507,-8.64364e-06,-0.05442976,-0.0540976,0.0025386026,-1.2032785,-0.4901711,-0.060355134,-2.2562077,-0.044604,0.015104435,0.084727064,0.059796795,-0.00058869296,-0.35063255,0,0.0005374285
-0.10557567,-0.10858002,-0.21650048,-0.02171869,-0.0052404497,0.040137116,0.056733936,0.018045781,0.23899466,0.4295633,0.008481653,0.06701642,-0.07530715,0.017371947,0.0056303837,0.1239347,-8.64364e-06,-0.02561061,0.0018308384,-0.016867341,-1.1981201,-0.19731453,-0.024695078,2.161409,-0.013596355,0.027457967,0.21197203,0.1315326,-0.0002818554,0.007039069,1,0.82444936
-0.14519447,-0.31411546,-0.317594,-0.05169645,0.07279443,-0.84950435,0.040295534,0.017891271,-0.2819709,-0.8304784,0.0050596036,0.2048646,-0.133614,-0.009551093,0.0025269187,0.063345365,-4.9424183e-05,-0.009605774,-0.0042973114,-0.011460668,-0.44716656,-0.17080477,-0.033646714,2.046626,-0.01614469,0.022265201,0.15548366,0.101953596,-0.00028900686,0.004971542,0,0.29316643
-1.1699448,-0.24083705,-0.19218494,-0.0018744852,0.009462068,0.023658942,0.03125988,0.009393118,-0.28879696,-0.6352169,0.0019416175,0.06904645,-0.1156342,0.0070336848,0.0011225097,0.03778784,-6.685659e-06,-0.017415931,0.002761768,-0.027919412,-1.3858839,-0.57608724,-0.071979344,-1.6781373,-0.052531265,-0.6903603,0.06477622,0.04630183,-0.0005530505,0.0025372817,0,0.0010805257
-1.5416881,-0.2658232,-0.25603965,0.04005208,0.052344486,-0.43067682,0.04430905,0.02235679,-0.06735728,-0.06636872,0.0069832457,0.20246942,-0.017261282,-0.07687996,0.00397543,-0.11702325,-4.9424183e-05,-0.00786731,-0.023941437,0.001993385,-0.02407308,-0.5004413,-0.027428852,2.0475073,-0.019771354,0.029962765,0.20150639,0.13160422,-0.00040452825,0.007343122,1,0.3448771
-1.0497186,-0.22872284,-0.2336424,-0.016453683,-0.32772055,-0.24380308,0.038627632,0.011728581,-0.15496181,-0.39066124,0.0016900774,-0.24600902,0.046420697,-0.03013791,0.0011860117,0.029680496,-4.9424183e-05,0.005920002,0.0076744994,-0.0410854,-0.71558446,-0.48605302,-0.032963704,-1.7975333,-0.064234614,0.011210865,-0.65654576,0.06040878,-0.00043254028,0.0022955863,0,0.0015156183
-0.19276813,-0.24445876,-0.2386611,-0.045550764,-0.08384735,-0.31391442,0.029675173,0.010725124,0.08217555,0.20426132,0.0025976677,-0.103090055,-0.07575372,0.03089386,0.0015111091,0.06275411,-1.322949e-05,-0.010937895,0.014067142,-0.033512853,-0.89673895,-0.7113187,-0.05133637,-2.6244514,-0.058065146,0.0129748825,-0.86123526,0.06705449,-0.00037952006,0.003000453,0,0.002435195
-0.81369674,3.1060207,-0.21685295,-0.047181945,-0.0043910085,0.07463845,0.037384983,0.018187826,0.033795092,0.03040634,0.011607669,-0.051644217,-0.20567733,-0.07531847,0.005172738,-0.18270963,-4.9424183e-05,-0.015464629,-0.0481781,-0.0060046734,-0.27298754,-0.14073189,-0.027602123,2.3025877,-0.012488957,0.03135478,0.23320144,0.12322806,-0.00038224278,0.007343122,1,0.9802106
-0.3746581,0.01140177,-0.47248963,-0.008690364,-0.15317199,0.05661819,0.018845202,0.009030985,-0.18974356,-0.4011969,0.002267066,0.06886943,-0.7598946,-0.3589133,0.0011511185,-0.031888794,-4.9424183e-05,-0.014611478,-0.0036870912,-0.037914984,-1.0207741,-0.65047485,-0.05151334,-2.2631838,-0.05484905,0.010212689,-0.7410675,0.05051139,-0.00031374255,0.0023560994,0,0.00064297224
-1.1030589,0.09587554,-0.5197559,-0.011845699,0.00025442019,-0.32916993,0.04158113,0.022346595,-0.031464756,0.014158644,0.007461282,-0.12935263,-0.010320565,-0.05178632,0.004229867,-0.15411718,-4.9424183e-05,-0.01412179,-0.053387992,-0.005823137,-0.17767157,-0.2625002,-0.038515292,2.092901,-0.019902796,0.028724093,0.22584714,0.116847426,-0.00039556128,0.007343122,1,0.43865654
-0.9970622,-0.33232173,-0.22458409,-0.019981155,-0.9541297,-0.6193569,0.03687872,0.018343395,-0.094271444,0.022089643,0.0070642023,-0.09550102,-0.14452629,-0.45586663,0.0038495213,0.13468266,-8.64364e-06,-0.022052167,-0.012361451,-0.016903497,-1.253119,-0.5216065,-0.024686947,1.6592933,-0.020492872,0.024681937,0.19163862,0.10843733,-0.00029050923,0.007343122,1,0.026967935
-0.49028566,-0.024180135,-0.4220743,-0.030643366,-0.16277502,0.014003122,-1.9117293,-0.56625426,0.22095932,0.3635255,0.012592595,-0.16279683,-0.059954338,-0.052968994,0.030336741,0.13346869,-8.64364e-06,-0.006664649,0.0032020654,-0.018744556,-1.1158023,-0.257813,-0.02893916,1.9072278,-0.015492353,0.017942326,0.15175876,0.07342238,-0.003452095,0.0031643927,1,0.08394432
-0.70134145,-0.11131516,-0.30558428,-0.04864547,0.00059936603,0.022245117,0.054983355,0.017821854,0.20979051,0.42763063,0.008478819,-0.050613716,-0.1456718,0.025464637,0.005500118,0.11470401,-6.685659e-06,-0.018607505,0.016203538,0.009167431,-1.4352285,-0.19994052,-0.031433105,2.079125,-0.013112379,0.027566178,0.18560685,0.123783864,-0.0002818554,0.007039069,1,0.5702767
-0.8023005,-0.035454057,-0.42555064,-0.011805395,0.11355166,-0.06386768,0.045896675,0.025089284,-0.044091098,0.106109396,0.0070104385,-0.20985734,-0.021017289,0.0010906309,0.0039874325,0.07317381,-4.9424183e-05,-0.00622464,-0.017886711,-0.013822047,-0.28069434,-0.5776261,-0.021624198,1.9764388,-0.01941474,0.032970127,0.14957918,0.13743918,-0.0004964882,0.007343122,1,0.534184
-0.8427896,-1.5157951,-0.13458678,-0.021848572,-0.11084324,0.27213523,0.052801672,0.024656484,0.22732635,0.38695022,0.0056348415,-0.12117478,-0.046909913,0.017528128,0.0043240036,0.11379705,-4.044135e-05,-0.061688464,-0.014230642,0.0076506096,-1.6501344,-0.4169879,-0.03078193,1.7029186,-0.011959985,0.024539227,0.18644701,0.12173831,-0.00068258727,0.00681803,1,0.1398983
-0.75820315,-0.11901045,-0.3507091,-0.021888476,-0.6372197,0.33872065,0.04335191,0.024011958,0.29344594,0.4306928,0.007577749,-0.28227296,-0.022666821,0.061667733,0.0038529849,0.088696174,-1.322949e-05,-0.025016708,0.014281168,-0.013473535,-0.20601197,-0.26833007,-0.025577191,2.2451844,-0.018847736,0.030245386,0.23776183,0.114756964,-0.000377769,0.007343122,1,0.7687072
-2.0789318,0.024554359,-0.12739669,0.11969008,0.0037929176,-0.17914355,0.042966846,0.014513625,0.04355811,0.07430773,0.005836827,-0.07647984,0.21994728,0.13190533,0.0035425061,-0.19765064,-8.64364e-06,-0.04086605,-0.07563771,-0.0487931,-1.332135,-0.59358275,-0.030384952,1.6814998,0.0072959396,0.027471818,0.18579106,0.09482394,-0.00029024947,0.007343122,1,0.110720165
-1.4556702,-0.11516848,-0.34767097,-0.019188587,-0.0058144755,0.035829574,0.036079247,0.01839895,-0.19952202,-0.5612189,0.0050599817,0.1697739,0.005274178,-0.004215518,0.0022969896,0.073736995,-4.9424183e-05,-0.012120961,-0.031222746,7.418273e-05,-0.3264847,-0.21284027,-0.022956608,2.0031354,-0.015627287,0.022580568,0.18082525,0.07627961,-0.00027820197,0.004971542,1,0.33477205
-1.0105631,-0.24745059,-0.2664819,-0.012484928,-0.30833396,-0.5399755,0.046478316,0.013857568,-0.39315498,-0.9446914,0.0036321199,0.11511025,-0.046256617,0.005060342,0.0028457707,0.05376163,-6.685659e-06,-0.03327101,-6.030433e-05,-0.032506093,-2.0305498,-0.79440314,-0.027244994,1.3806219,-0.02050084,0.019445542,0.06599709,0.081289224,-0.0002383786,0.0048891553,0,0.0073466958
-0.652811,-0.7366057,-0.14966944,0.012731334,0.31210682,-0.01784596,0.027953241,0.009294563,-0.07932536,-0.049887747,0.0028180275,0.008153586,-0.10565837,0.0023682117,0.0015296108,0.03137907,-8.643641e-06,-0.029249394,-0.021339577,0.028548982,0.58356166,0.5093476,0.14789495,-1.2709267,-0.0155280875,-0.018813418,-0.032384112,-0.77614075,-0.0002939413,0.0029794767,1,0.093912855
-0.1371505,-1.011154,-0.16342099,-0.014389889,-0.16650741,-0.5143773,0.043915566,0.017676873,-0.2755627,-0.7506331,0.0048003388,0.1755727,-0.03917613,-0.04608877,0.0022289504,0.01953532,-9.558551e-05,-0.0069753393,0.0036141658,-0.013429276,-0.36316812,-0.29086897,-0.026928995,1.8696674,-0.015307745,0.019962363,0.14354818,0.09569815,-0.00045605624,0.004750503,1,0.19377464
-0.52552253,-0.17289929,-0.3278432,-0.015072139,-0.3772765,-0.032891326,0.027202215,0.009176576,-0.17600054,-0.41724655,0.0019172219,0.07562152,-0.022625666,-0.04816703,0.0012706824,0.009286781,-8.64364e-06,-0.029880775,0.004839169,-0.047965623,-1.4514529,-0.8559392,-0.05508552,-2.04184,-0.06264842,0.007991791,0.06165483,-0.7574685,-0.0005099029,0.0023567537,0,0.0007401066
-0.67811614,-0.13879241,-0.24875452,0.037561055,0.056691516,-0.4573185,0.03932838,0.022186464,0.21564674,0.3920916,0.0071205655,-0.30273408,-0.065804124,0.040171474,0.0039097816,0.067722954,-4.9424183e-05,-0.005813919,0.0024812566,-0.013094256,-0.13115932,-0.54537404,-0.021860575,2.090715,-0.018611865,0.029539084,0.2125346,0.13830087,-0.00041533314,0.007343122,1,0.677979
-1.4915241,-0.34736323,-0.28283396,-0.028098118,-0.037746023,-0.45438364,0.029042738,0.014316861,-0.14260086,-0.18327191,0.0023329922,-0.03856169,-0.32223606,-0.048248626,0.0013144447,-0.41623074,-8.64364e-06,-0.0904087,-0.13389295,-0.016804408,-1.477652,-0.57926875,-0.057387974,-1.6159409,-0.046004795,0.009335049,0.07497396,0.041080028,-0.0006715827,-0.33958405,0,0.0003458099
-0.10078432,-0.47277665,-0.17307194,-0.02559139,-0.034342438,-0.003298374,0.053169586,0.02225495,0.20596264,0.4587447,0.007246421,-0.16792767,-0.030794319,-0.037883457,0.004002293,0.04755542,-1.322949e-05,-0.075985685,-0.020556599,0.003127101,-0.26160017,-0.14500667,-0.030873738,2.3191466,-0.0123816915,0.026974987,0.2166998,0.13545899,-0.0005340829,0.0071220826,1,0.8724833
-0.8073163,0.036557764,-0.65901244,-0.02030456,-0.9024911,-0.3242746,0.019791033,0.010872883,-0.15507425,-0.13063516,0.002420703,-0.14805773,-0.04465974,-0.058220003,0.001467886,-0.1025606,-1.322949e-05,-0.025610887,0.007181746,0.0069554504,-0.8096936,-0.8870171,-0.09704181,-2.3114748,-0.06080568,0.0085541615,-0.85288477,0.053967535,-0.0003978021,0.003000453,0,0.00026441476
-0.9413102,-0.15454985,-0.32315773,-0.012194893,-0.060615547,-0.39415208,0.05156602,0.023010207,-0.07690353,0.046878487,0.006961879,0.33390465,-0.29557422,-0.8477112,0.0039950386,0.027264114,-4.9424183e-05,-0.0054848236,-0.0018780949,-0.013698354,-0.112343386,-0.422398,-0.023195935,2.1426404,-0.02074264,0.029819375,0.1942088,0.1321058,-0.00050104735,0.007343122,1,0.33232033
-0.80786294,0.030756619,-0.34105936,-0.0074212747,-0.081572756,-0.2710725,0.021281023,0.0084071085,-0.19767848,-0.5714069,0.0016530345,-0.19985664,0.03515245,-0.028873287,0.0010455996,0.04311384,-1.322949e-05,-0.009438266,0.0016031379,-0.03529998,-0.99911916,-0.7185901,-0.047516026,-1.8518506,-0.06417898,0.002289557,-0.63747686,0.029566973,-0.0003115112,0.0022062548,0,0.0012486178
-0.52136534,0.008912924,-0.28985864,-0.0181319,-0.13045079,0.29060164,0.045182902,0.012115014,-0.45510295,-1.4700736,0.00351981,0.17041197,-0.12621625,-0.039081078,0.0019214485,0.05190223,-1.322949e-05,-0.017029246,0.002231872,-0.013067631,-0.2852153,-0.25823468,-0.03229756,1.8512204,-0.015290241,0.02269269,0.17294748,0.09136958,-0.0002463017,0.004417057,0,0.2822808
-0.8100769,0.027321529,-0.3204569,-0.0020017864,0.30553353,-0.61677724,0.027760828,0.008545249,-0.22637622,-0.57807183,0.0017102903,-0.0033296973,0.019874712,0.042079475,0.0011178122,0.010327229,-8.643641e-06,0.0028398854,-0.02763903,0.02509831,0.57332015,0.5461529,0.13830893,-0.6816632,-0.018746015,-0.025446683,-0.12199961,-0.5477565,-0.00028421468,0.0022042019,0,0.09626892
-0.59849894,-0.6096232,-0.116538666,-0.023657437,-0.5826958,-0.34320492,0.026854133,0.00989638,-0.25596684,-0.5848805,0.0015451863,-0.053008184,-0.031768955,-0.052932374,0.0009755486,0.007159116,-4.044135e-05,-0.009965482,0.0010768991,-0.0489531,-1.4003282,-0.8780276,-0.046484023,-1.4525161,-0.04304534,0.0077705625,0.040296886,-0.78797954,-0.0006506456,0.0021784534,0,0.000403891
-0.74030507,-0.5722272,-0.11652768,-0.018389193,-0.08735119,0.014864775,-1.5603912,-0.31852826,-0.27472052,-0.54524326,0.0019456098,0.08923117,-0.11498973,0.002205726,0.006794587,0.042310808,-4.044135e-05,-0.002777812,0.0027765534,-0.046711955,-1.3395599,-0.5307251,-0.05061097,-1.264364,-0.032483496,-0.005290595,0.057326846,0.03678389,0.003399454,0.00224216,0,0.00064070465
-0.8286691,-0.13212286,-0.21338452,-0.077476054,-0.6243344,-0.08909947,0.02144765,0.0076592164,-0.14440624,-0.27424213,0.0020162766,0.07135731,-0.007063048,-0.092412055,0.0012332157,0.05549315,-8.64364e-06,-0.019931704,0.007252255,-0.058964774,-1.4979517,-0.5576212,-0.049413227,-1.7869278,-0.042132936,0.0066079022,-0.6142862,0.04559035,-0.00024865218,0.0023206142,0,0.0010264027
-0.1022668,3.4721055,-0.09711418,-0.026901305,-0.100651585,-0.30093184,0.044005986,0.015298627,0.20591497,0.36737925,0.012520068,0.0063246414,-0.088311,-0.0022356648,0.0063152765,0.096069865,-8.64364e-06,0.015638331,0.017505022,0.006193065,-0.9287057,-0.37361932,-0.02731041,2.2217083,-0.012703316,0.027704574,0.21129178,0.11627901,-0.00028304599,0.007039069,1,0.9918155
-1.456798,0.003121536,-0.17306006,0.056448456,-0.04215409,-0.23319685,0.03103128,0.018078683,0.043116402,0.10259835,0.0074560163,0.05727134,0.26230338,0.103139885,0.004568746,-0.08603768,-1.322949e-05,-0.010320942,-0.0371286,0.00016769479,-0.09389036,-0.37459034,-0.029725581,2.1308727,-0.01070302,0.027943065,0.1994557,0.11636218,-0.00035073454,0.007343122,1,0.65302515
-0.71448225,-0.15131727,-0.16486809,-0.017064419,0.025291052,0.07821644,0.053928345,0.013248975,-0.0927442,-0.5922713,0.0069736196,0.08537487,-0.093428776,-0.0043683155,0.0035791155,0.053818457,-1.322949e-05,-0.015797345,-0.0003781474,-0.011700777,-0.3834217,-0.18187362,-0.037307903,2.1884556,-0.014558159,0.022126721,0.19906193,0.12174602,-0.00036570488,0.0061393166,1,0.59653586
-0.6809144,-0.12508836,-0.30241653,-0.009296726,-0.011454595,-0.0003973464,0.03031828,0.0092211,-0.023166977,-0.10253891,0.0025827812,-0.034250658,-0.07804158,-0.14735143,0.0017179075,-0.17485048,-8.64364e-06,-0.016847925,-0.109201305,0.0132758245,-1.1056374,-0.81551844,-0.078220196,-2.2785814,-0.057148345,0.0065037687,-0.7691737,0.05487255,-0.00028528826,0.0029202527,0,0.0011237898
-0.88938904,0.024155851,-0.4556352,-0.030652793,0.0524203,-0.01218561,0.04728926,0.0155432755,-0.34495202,-1.053167,0.003433615,0.23025225,0.058220036,0.054610796,0.001993711,0.009322233,-1.322949e-05,-0.014576981,-0.004058237,-0.012812691,-0.24471667,-0.6262008,-0.03118768,1.9794155,-0.015101842,0.022133116,0.1580474,0.09487037,-0.00028490258,0.004971542,1,0.27503935
-0.73429674,-0.7670541,-0.11542164,-0.023339039,-0.075729184,-0.050378107,-1.6418632,-0.53878826,0.091171056,0.17177016,0.0028946905,-0.0894753,-0.10620285,0.04073471,0.01069185,0.046404682,-0.0010200533,-0.0016271352,0.0074373214,-0.03262634,-0.9057959,-0.521496,-0.042562734,-2.3943195,-0.047156293,0.016939057,0.0737321,0.059008688,0.003280654,0.003099145,0,0.0005242922
-0.9023336,-0.037525754,-0.5535493,0.002409385,-0.70553225,-0.421429,0.01963346,0.009530549,0.040707972,0.14459783,0.0025703474,-0.2843878,-0.005734621,-0.041416723,0.0017348728,0.04060556,-6.685659e-06,-0.016615763,-0.004300817,-0.052192084,-1.5997839,-0.9785472,-0.051938478,-2.1013246,-0.070426956,0.011137228,0.053276516,-0.8223109,-0.0006004327,0.0029794767,0,0.0002455607
-0.6149836,0.03168984,-0.4367627,-0.010301065,0.09518592,-0.30525512,0.04789583,0.017891819,0.1950592,0.35886565,0.0070519606,0.13037528,-0.046087038,0.066676006,0.0040833666,0.07749113,-6.685659e-06,-0.009095636,0.005339423,-0.016590245,-1.227619,-0.23552288,-0.027043639,2.1685276,-0.014346071,0.030412858,0.19512242,0.130105,-0.00031785865,0.007343122,1,0.65344954
-1.3672943,0.035440408,-0.48291847,-0.0053720777,-0.042701475,-0.21073653,0.025839034,0.009230187,-0.06347529,-0.22020859,0.0022176486,0.036088537,-0.02028502,-0.0014024611,0.0012939386,0.025797715,-8.64364e-06,-0.01342457,-0.0752499,-0.039625566,-1.585481,-0.9079114,-0.042288624,-1.802404,-0.074696474,0.008814522,0.056790702,-0.6521361,-0.0005926038,0.00263106,0,0.0006139293
-0.85934365,-0.13095573,-0.25577605,0.021818211,-0.010258297,0.094670564,0.048432183,0.023278778,-0.09949772,0.05742709,0.0071444875,-0.45047623,-0.09698869,0.032127623,0.0039059576,0.046046067,-2.516625e-05,-0.0066794907,-0.0023898967,-0.013752247,-0.14490364,-0.53265727,-0.021830628,2.0894458,-0.017576756,0.029855397,0.21197273,0.14070614,-0.00041077402,0.007343122,1,0.54480547
-0.8386575,-0.06054651,-0.18070477,0.04831772,0.025323477,-0.0027194757,0.047812313,0.023226075,-0.09857709,0.044571433,0.0071444875,-0.4085283,-0.10258877,0.00854727,0.0039059576,0.05136893,-4.9424183e-05,-0.0080628935,-0.002888345,-0.013890865,-0.26324418,-0.5773493,-0.02079449,2.0652452,-0.017595401,0.029935794,0.21384853,0.13402262,-0.00041077402,0.007343122,1,0.5307252
-1.1234062,-0.22053483,-0.19933288,-0.01332818,-0.02255861,-0.24704815,0.029751735,0.009795342,0.07517269,0.16107188,0.0026372876,0.06937892,-0.097262256,0.023260526,0.0017647404,0.06451647,-8.64364e-06,-0.012152175,0.0062284376,-0.037502907,-1.2332553,-0.7809972,-0.044260263,-2.296238,-0.06800497,0.010242723,-0.7024701,0.04885799,-0.00028905517,0.0029202527,0,0.0013804006
-0.69283515,3.5478864,-0.06808916,-0.030173397,0.07347355,-0.27987075,0.030600931,0.018719953,0.027818123,0.07067733,0.011607669,-0.0400817,-0.2210854,0.028669562,0.005167878,-0.1494772,-4.9424183e-05,-0.018381884,0.023103548,-0.0067483727,-0.25448343,-0.10554235,-0.029110076,2.3410215,-0.0129863005,0.031902123,0.23033017,0.1192449,-0.00038224278,0.007343122,1,0.9906901
-0.9501986,-0.12123593,-0.17632195,0.049397383,-0.044119008,-0.019545898,0.029031051,0.0112028215,-0.048235975,0.04115231,0.0025952046,0.12525174,-0.41197932,-0.17118922,0.0014926681,-0.0063389163,-4.9424183e-05,-0.011785642,-0.006713219,-0.034956906,-0.8258428,-0.5858139,-0.044126045,-2.3731365,-0.047910616,0.013791192,-0.83280396,0.07141866,-0.0003753695,0.003000453,0,0.0017345133
-0.22357342,-0.17742565,-0.32714587,-0.014399952,-0.20240925,0.0031040846,0.030153617,0.010125285,-0.083486,-0.404831,0.0024072446,0.08368749,0.020515647,-0.055160787,0.001400602,0.021426743,-4.9424183e-05,-0.014730458,0.007084932,-0.03454939,-1.0468557,-0.6670102,-0.04986756,-2.5453598,-0.060423303,0.010743308,0.07303445,-0.91088766,-0.000584743,0.0027127385,0,0.0014376588
-0.66610956,-0.20161088,-0.053088978,-0.014517617,-0.4298073,-0.4426094,0.026884818,0.011405605,-0.21980028,-0.4986212,0.001955954,0.022640659,-0.4029645,-0.16282287,0.0010836604,-0.011871196,-8.64364e-06,-0.024944648,-0.014328575,-0.04564452,-1.2638677,-0.71244025,-0.05211304,-1.6006455,-0.056415368,0.011417196,0.08667544,0.05556006,-0.0005530505,-0.20783834,0,0.0010520623
-0.7477214,-0.25061294,-0.19681552,-0.0056960545,-0.231109,-0.00064280047,0.034080524,0.009482858,-0.2807557,-0.65909654,0.0018349409,0.051843654,-0.09341838,0.031069566,0.0010726479,0.048107415,-6.685659e-06,-0.005118692,0.006790314,-0.04678127,-1.5691619,-0.60367453,-0.07390211,-1.648961,-0.044699397,-0.74151206,0.068796225,0.050620183,-0.00059820997,0.002472296,0,0.001021911
-0.65704006,-0.3652641,-0.24787912,-0.0134154195,0.28889167,0.18806513,0.027437462,0.010349611,0.09068984,0.08640113,0.0025825638,-0.043481443,-0.02420985,-0.048804704,0.0017626148,0.010035373,-8.643641e-06,-0.30821106,-0.11566657,0.03775942,0.4074851,0.49526447,0.17397176,-1.5269597,-0.015261906,-0.05015139,-0.7607363,0.026173554,-0.00022434846,0.0029202527,1,0.08960467
-1.9638397,0.010147446,-0.31993827,0.0046103243,-0.10165953,-0.013008986,0.04389053,0.024222855,-0.23430662,-0.087261036,0.0071185194,-0.2184941,-0.041198928,0.05140029,0.0031008685,0.030970747,-2.516625e-05,-0.005390397,-0.010949888,-0.011951708,-0.035155002,-0.51934886,-0.023187239,1.7308546,-0.019827606,0.022755548,0.1695373,0.1262517,-0.00050218933,0.007343122,1,0.20346338
-1.2512392,-0.36637625,-0.143181,-0.014019483,-0.04678024,0.011554321,0.030723149,0.011366289,0.07756141,0.2145245,0.0023839988,-0.011140377,-0.008752064,-0.023440687,0.0014930659,0.07220256,-1.322949e-05,0.0029179703,0.010611931,-0.03162813,-0.950532,-0.8328337,-0.049875468,-2.5082998,-0.04740983,0.01175878,-0.78073496,0.060558207,-0.00044873974,0.00293994,0,0.0014322726
-1.2571672,-0.19988993,-0.1632459,-0.017819762,-0.026670106,-0.0453849,0.02869945,0.007699169,-0.12151611,-0.2805015,0.0020853435,0.07678729,-0.107030705,0.010411525,0.001170776,0.057565518,-8.64364e-06,-0.002031638,0.0042805206,-0.037556943,-1.3923825,-0.65151787,-0.045584176,-1.7830821,-0.042662997,0.010875214,-0.5729625,0.040688578,-0.0002873976,0.002260101,0,0.001507605
-0.9041227,-0.21044867,-0.26000652,-0.05154813,-0.40036395,-0.006755885,0.037412316,0.011392254,-0.19145009,-0.4726677,0.0015990182,-0.2813601,0.05451717,-0.019449772,0.0010531939,0.026703544,-4.9424183e-05,-0.0005789281,0.005585054,-0.03925632,-0.6758425,-0.48952982,-0.034800295,-1.8054165,-0.061865978,0.012007176,-0.6655253,0.059021443,-0.00032589977,0.0023560994,0,0.0017425456
-0.65907025,0.019642126,-0.4827145,-0.023752943,0.16526583,-0.74058896,0.021920668,0.024739249,0.21475206,0.35786688,0.007173728,-0.5018267,-0.09571121,0.08467777,0.0039106524,0.07165751,-4.9424183e-05,-0.02341202,-0.017536907,0.0042988886,-0.5540992,-0.7656823,-0.040394537,2.039292,-0.019308984,0.03142843,0.18050504,0.13004184,-0.000502734,0.007343122,1,0.36561343
-0.25969332,-0.2289494,-0.30155563,-0.049487893,-0.1931981,-0.17901252,0.023173878,0.026106343,-0.0789808,-0.06768332,0.0069355974,0.2792881,0.08828712,0.03258825,0.0037254093,0.0013012791,-4.9424183e-05,-0.00211904,-0.001309004,-0.013937046,0.01957453,-0.5170682,-0.03158206,2.108159,-0.019584484,0.029351935,0.21186441,0.14079334,-2.343877e-07,0.007343122,1,0.7394929
-0.79675424,0.05910115,-0.4794893,-0.0142599745,-0.010638644,-0.1920477,0.048041884,0.016882211,0.064797916,0.060745206,0.0075296024,-0.113601245,0.21843497,0.11503565,0.005345862,-0.1466176,-8.64364e-06,-0.047928803,-0.015815396,0.0015341227,-1.4249014,-0.28825742,-0.030669786,1.91995,0.0032353327,0.027696064,0.20983633,0.10482464,-0.00028573122,0.007039069,1,0.33577183
-0.74801713,-0.79960436,-0.15630628,-0.058551677,-1.4441864,-0.7859558,-1.436554,-0.43559787,-0.024213718,-0.10009668,0.0015683342,-0.20423281,-0.027812272,-0.12634152,0.012310239,-0.08367999,-0.0010200533,-0.014241849,-0.03820212,0.0054946425,-0.6615281,-0.3669925,-0.061207507,-1.3834882,-0.03512907,0.01239246,0.022670941,0.06322143,0.0013277669,0.003099145,0,0.00014167602
-0.9404747,3.7377217,0.07024711,0.10298943,-0.34378585,0.004375928,0.02544263,0.017170332,0.21085984,0.34445435,0.011462174,-0.033492044,-0.02764931,-0.0620555,0.005323126,0.13862006,-8.64364e-06,-0.014764761,0.0042095855,-0.008752671,-0.83308554,-0.45667273,-0.022589006,2.2482066,-0.013369382,0.029031761,0.21108326,0.11610804,-0.00028355783,0.007343122,1,0.9894049
-0.6502928,-0.26532987,-0.18331693,-0.0151627455,-0.10628528,-0.30311665,0.02997793,0.008292533,-0.09111676,-0.41600257,0.0017536258,0.091276094,-0.12492371,0.058951896,0.0011031486,0.024728082,-1.322949e-05,-0.0013299229,0.004526441,-0.035948887,-1.1146803,-0.5912087,-0.04879588,-2.1399064,-0.0478831,0.0083589675,-0.65635717,0.052469682,-0.0003393895,0.0022955863,0,0.0015023506
-0.048241258,-0.034616224,-0.24849008,-0.057950668,-0.5173246,-0.017248765,0.045213897,0.018220596,0.26029143,0.43445808,0.008341898,-0.042188738,-0.013280366,-0.014417796,0.005435247,0.16214025,-8.64364e-06,0.0019028562,0.025137272,0.008106193,-0.8427305,-0.15338624,-0.030165775,2.1854558,-0.012641237,0.027776204,0.19743937,0.12112901,-0.0002780885,0.007039069,1,0.81520176
-0.64156336,-0.016334305,-0.46840432,-0.007874465,0.039176963,0.01876981,0.029903786,0.008032804,-0.150285,-0.41658393,0.0019815173,0.07897634,-0.45488983,-0.24026313,0.0011542175,-0.008194386,-1.322949e-05,-0.0148006575,-0.004768078,-0.036526572,-1.0279326,-0.8351981,-0.05182957,-2.1841354,-0.052751034,0.010376582,-0.7220217,0.027463105,-0.00031279726,0.0023560994,0,0.0008183223
-0.334993,3.8299506,0.17627938,-0.023579726,-0.44001713,0.0949491,0.0351318,0.017954284,0.2502128,0.35839257,0.012442572,-0.106364794,-0.052681822,0.016816704,0.006217291,0.100374416,-2.2618437e-05,0.024379883,0.01222203,0.005424956,-0.65536207,-0.35584146,-0.029409662,2.1395795,-0.013752577,0.028519798,0.16583358,0.12299494,-0.00032595848,0.007039069,1,0.9955101
-0.58020407,-0.4775043,-0.26659214,-0.042759836,-0.47314793,-0.5431928,-1.0563134,0.009592489,-0.1048364,-0.14241146,0.0028049347,-0.060728103,-0.039706245,-0.007486326,0.004271702,-0.16196795,-1.322949e-05,-0.01823078,-0.03265805,-0.0075404067,-1.1573305,-0.61093533,-0.052210238,-2.289672,-0.038591936,0.009704832,0.07169772,-0.7406239,-0.0032141388,0.0021909778,0,0.00015092806
-1.5664968,-0.015501913,-0.61120826,-0.013562766,0.06985493,-0.75970834,0.043160472,0.025261277,-0.07999011,-0.027873779,0.0069800345,0.3421818,-0.025144665,-0.02439133,0.003505895,0.061219696,-4.9424183e-05,-0.0039435625,-0.0047899256,-0.01117203,-0.20975414,-0.6152248,-0.044237368,2.0239482,-0.019492213,0.029577112,0.19758196,0.12927696,-0.0004964882,0.007343122,1,0.25273186
-1.175926,0.0071722474,-0.0854709,0.06068444,-0.07846908,0.051296506,0.030152816,0.011220659,-0.0805635,-0.06571835,0.0024129988,0.053103294,-0.5260452,-0.25313812,0.0012871997,0.007159091,-4.9424183e-05,-0.020667413,-0.06703221,-0.02677023,-0.9245746,-0.61305416,-0.051199287,-2.2143552,-0.06139823,0.01210612,-0.9577509,0.04552329,-0.00039741845,0.003000453,0,0.0009983496
-0.96266717,-0.33279145,-0.30149457,-0.030317236,-0.85838675,0.41556403,0.04088351,0.02877728,-0.06927378,-0.035616085,0.006965586,-0.22322807,-0.6513815,-0.11978676,0.0035147662,-0.2386425,-2.516625e-05,-0.0018905002,-0.023477875,0.004244419,-0.07498725,-0.44462973,-0.03228389,1.5795625,-0.015707271,0.025942307,0.1373843,0.12636016,-0.00063595513,0.0071220826,1,0.11589933
-0.642508,-0.1341594,-0.2577184,-0.04926048,-0.35486126,-0.35232562,0.027377313,0.008155112,-0.13207321,-0.4080912,0.0017928036,-0.021580966,-0.07559596,-0.43080834,0.0012185208,0.036433138,-2.2618437e-05,-0.012393552,-0.0037144935,-0.052104987,-1.4031844,-0.6269829,-0.05055135,-1.6745535,-0.055431597,0.0119483005,-0.6265318,0.045986205,-0.0002471186,0.0023206142,0,0.00073096086
-0.8584973,-0.03017214,-0.057995345,0.0561461,-0.15961815,0.27217877,0.030011037,0.01030652,0.1174372,0.15514979,0.0027594182,-0.08646849,-0.08828581,0.031878024,0.001741902,0.06160423,-2.2618437e-05,-0.019768318,0.011462347,-0.055460177,-1.4606633,-0.64994913,-0.053844858,-2.2747157,-0.06896472,0.014789921,-0.838962,0.061651405,-0.00030695356,0.0029202527,0,0.002830105
-1.0693829,-0.33346397,-0.17754096,-0.017307581,-0.65415955,-0.57664543,0.015115084,0.010342754,-0.14083129,-0.24749203,0.0025891694,-0.04991382,-0.09183674,-0.009066712,0.0016179543,-0.10477509,-2.2618437e-05,-0.037896864,-0.0237462,0.009856179,-1.2232071,-0.5770384,-0.060378,-1.973915,-0.05835748,0.009077215,-0.67206234,0.04735728,-0.0002837547,0.0029202527,0,0.00033824696
-1.244879,3.0748222,0.03904582,0.08877097,-0.08012604,0.23031016,0.042682342,0.020863673,0.18141666,0.33448654,0.011644744,0.13766496,-0.06584177,0.05893559,0.005289618,0.06979326,-1.322949e-05,-0.0034346548,0.0029435304,-0.010965741,-0.16100475,-0.29845214,-0.022462875,2.4111118,-0.01614766,0.030972624,0.22588168,0.12613042,-0.00036952354,0.007343122,1,0.99454343
-0.61465377,3.8596766,-0.10913845,-0.026415009,-0.12880583,-0.48365214,0.03416366,0.017009528,-0.062271226,0.015446828,0.012508259,0.019008033,-0.09368524,-0.016927518,0.0049294145,0.073923364,-2.2618437e-05,-0.03018701,-0.0121512,0.0077818963,-1.0293837,-0.2734737,0.044340845,2.086245,-0.012338574,0.026462076,0.20070177,0.11275445,-0.0002701814,0.007039069,1,0.974361
-0.31669676,-0.22830808,-0.30854616,-0.049396303,-0.1538525,0.038136367,0.028090741,0.010716486,-0.083828695,-0.013594887,0.0027565951,-0.3627607,-0.6147434,-0.29901785,0.0017492302,-0.0352507,-2.2618437e-05,-0.018708695,-0.004493446,-0.055335287,-1.4990287,-0.6694455,-0.050448965,-2.0773969,-0.05368354,0.012605562,-0.8016466,0.06336433,-0.00029000046,0.0029202527,0,0.00053800584
-0.1488006,3.4341476,0.034312256,0.11535916,-0.084369875,0.004150056,0.034975257,0.016025726,-0.05883954,-0.033556577,0.011471811,-0.07598,-0.083281815,0.0142057,0.005266836,0.06195195,-8.64364e-06,-0.017590925,-0.0009725151,-0.015108816,-0.97412914,-0.37768888,-0.022618,2.2603135,-0.014008409,0.027627314,0.21466309,0.11539764,-0.00028925893,0.007343122,1,0.98855877
-1.9824797,-0.017653205,-0.2773157,0.04258622,-0.24947992,-0.18497927,0.036548432,0.020615174,0.010266241,0.13130008,0.007630828,-0.07424519,-0.2662887,-0.011742969,0.0034776786,-0.13105159,-9.260577e-06,-0.022279758,0.046804763,-0.00094046997,-0.13566421,-0.3139165,-0.024248345,2.076044,-0.014528606,0.013308907,0.21695375,0.12127959,-0.00036977738,0.007343122,1,0.27608156
-1.5067956,-0.19472972,-0.39136717,-0.016154615,-0.25316343,-0.04044147,0.028678829,0.009186521,-0.07360932,-0.030179547,0.0023260633,-0.11256116,0.027890272,-0.022498123,0.0013152894,0.054329935,-8.64364e-06,-0.037019167,-0.12726733,0.006866881,-1.3852593,-0.6289587,0.085715614,-1.8343389,-0.054399807,0.012063894,-0.7751997,0.024345804,-0.00026867044,0.0029202527,0,0.00073161075
-0.84783757,-0.013399607,-0.63365275,-0.009826092,0.07141792,-0.71802306,0.040880613,0.025019128,0.17240378,0.31023428,0.007036305,-0.54988134,-0.07187332,-0.13600281,0.003983544,0.083247714,-2.516625e-05,-0.028835386,0.007993079,0.0043093483,-0.6066379,-0.77513975,-0.058282614,2.0247686,-0.018829694,0.030436838,0.14682288,0.13888809,-0.0004964882,0.007343122,1,0.20022248
-0.65276873,-0.3267009,-0.13410708,-0.018076174,0.31360278,-0.33997962,0.030254101,0.010763849,0.06700578,0.10031399,0.0022759843,-0.0806626,-0.01592942,-0.048412044,0.0016013681,-0.024581088,-8.643641e-06,-0.45134494,-0.11854596,0.035611503,0.50034714,0.573299,0.16155745,-1.336251,-0.015855411,-0.039778177,-0.6726188,0.020839969,-0.00027446978,0.0028597396,1,0.0796941
-1.1299677,-0.26265854,-0.27743107,-0.04542286,-0.01659103,-0.32055435,0.030630518,0.008908113,-0.27841002,-0.6692372,0.001907007,0.04735528,-0.13005789,0.010991162,0.0011261113,0.056678627,-8.64364e-06,-0.009367909,0.0037994399,-0.035699748,-1.4858053,-0.53216994,-0.07673386,-1.4023892,-0.055259895,-0.7762438,0.046877056,0.040221177,-0.0005530505,0.0025372817,0,0.00071359606
-1.1870325,-0.31056955,-0.3964817,-0.014125285,0.28712732,0.1435496,0.025246318,0.008866973,-0.24029176,-0.5399911,0.0017685333,0.04705386,0.0070221694,-0.011157758,0.0011205914,0.04450255,-8.643641e-06,-0.004385117,-0.041464325,0.017483193,0.55758494,0.64334995,0.15986493,-0.6581525,-0.016800774,-0.017163636,-0.05407221,-0.49204096,-0.00025592314,0.0022042019,1,0.11627432
-0.85069615,-0.046099458,-0.18472174,-0.023480793,-0.05747369,-0.20279378,-1.2878913,0.18014832,-0.06809142,-0.04094742,0.012273061,-0.30889627,0.1784524,0.03031008,0.015685873,0.061982356,-4.9424183e-05,-0.013569505,-0.022635376,-0.0137637,-0.20645362,-0.58563787,-0.022426372,1.7351236,-0.017758308,0.022507727,0.17379619,0.10550953,-0.0028138438,0.004290281,1,0.19355607
-0.45535007,-0.080427974,-0.2887843,-0.060079984,0.0414938,0.09985212,0.055426903,0.017396014,0.05653558,0.26690698,0.008455995,-0.051831882,-0.09263141,0.009597336,0.005635341,0.09755686,-8.64364e-06,-0.018503103,0.0012655748,0.007436673,-1.1884093,-0.5125563,-0.029849006,2.1110535,-0.014743842,0.026182465,0.1942445,0.12616484,-0.0002818554,0.007039069,1,0.58609295
-0.1529662,-0.028481185,-0.35985738,-0.016391274,-0.748024,0.09431245,0.060902536,0.033360947,-0.1240091,-0.340475,0.0069165146,0.16870768,-0.117848754,-0.0042238613,0.003372903,0.06499772,-4.9424183e-05,-0.015377205,-0.0058843624,-0.013413238,0.09693759,-0.19825229,-0.02627344,2.1654391,-0.019510336,0.023121737,0.22359012,0.1048867,-0.0003062755,0.004971542,1,0.70873016
-1.0782437,0.020188227,-0.27683762,-0.015527686,-0.11262843,0.029422779,0.04843954,0.025296323,-0.0861411,-0.04852606,0.006924909,0.16785987,-0.17039028,0.008909431,0.00388882,0.011140964,-4.9424183e-05,-0.007037443,0.0030523958,-0.014593035,-0.22938451,-0.43192202,-0.026455836,2.146004,-0.01945642,0.029510206,0.23787777,0.13842101,-0.00050218933,0.007343122,1,0.59282005
-0.83997166,-0.4714647,-0.06540663,-0.012641248,-0.03126313,-0.044567037,0.039316516,0.013274301,-0.110141054,-0.08681795,0.0024091844,-0.41482654,-0.088806845,0.009586144,0.0014274246,0.039928325,-9.558551e-05,-0.0063161682,0.0016399098,-0.03358444,-1.216619,-0.8738843,-0.051916096,-2.3084583,-0.037040457,0.010987511,-0.7852577,0.05249756,-0.001644588,0.00293994,0,0.0006766617
-1.406968,0.014977974,-0.52681893,-0.010084376,-0.022896094,0.0074550975,0.024141105,0.008465058,-0.2547845,-0.618039,0.0016506675,-0.0017962577,0.020751806,-0.010790971,0.0010102697,0.03073908,-8.64364e-06,-0.020779638,-0.0930018,0.008388207,-1.5581397,-0.90895647,0.0712325,-1.4607215,-0.057478253,0.009345918,0.06269157,-0.62568206,-0.0004814262,0.0022042019,0,0.00067150017
-0.56008583,-0.16864742,-0.29275545,-0.051873703,-0.7261134,0.0031924723,0.022987438,0.009709756,0.021320583,0.09433043,0.0029042205,0.024946047,-0.5118317,-0.32905096,0.0017159642,0.011622866,-8.64364e-06,-0.024073737,-0.006378661,-0.050370265,-1.2755616,-0.84321666,-0.04368398,-2.3080485,-0.053642765,0.010836581,0.080891564,-0.8587114,-0.00058215065,0.0029794767,0,0.00040624477
-0.7727146,3.5850637,-0.030048525,0.088516384,-0.36828616,0.07914969,0.028445998,0.016743924,-0.0027162414,0.15505175,0.012564579,-0.06258031,0.08693997,0.025015222,0.0065754317,0.13491207,-2.2618437e-05,-0.023606094,0.00023296241,-0.01567088,-0.6383676,-0.1683482,-0.021569256,2.2307484,-0.013410419,0.02956711,0.21546763,0.11622073,-0.00026960354,0.007039069,1,0.99107295
-0.72222435,-1.1968472,-0.11708933,-0.008412266,0.053937666,-0.5128765,0.048938707,0.029846285,-0.024716306,0.03438896,0.0064524193,0.08068718,-0.022475643,-0.058751058,0.0037670094,0.08155864,-9.558551e-05,-0.0073650135,0.009656398,-0.0138339875,-0.23183341,-0.40588105,-0.032345474,1.9641834,-0.016813125,0.02531212,0.17822771,0.121376,-0.0017208635,0.0071220826,1,0.32766327
-1.7052717,-0.014803766,-0.1729107,0.04226639,0.22895752,-0.852622,0.026850948,0.009036427,0.022350783,0.11293476,0.0025487503,-0.117461324,0.064895906,-0.022255968,0.0016024163,-0.01801746,-6.685659e-06,-0.27813792,-0.06549178,0.011723244,0.27696812,0.2125365,0.13485354,-1.3513778,-0.019522734,-0.06377812,-0.09252412,-0.8910407,-0.00031846593,0.0029794767,1,0.0109221
-0.772703,-0.7102442,-0.12516947,-0.019218344,-0.082328066,0.00410801,-1.7379813,-0.47117788,-0.06517619,-0.043358903,0.0026245944,0.010937473,-0.13411863,-0.0038066963,0.01009176,0.035358533,-9.558551e-05,-0.0003788803,0.004770414,-0.036079366,-0.69549125,-0.6193644,-0.046583522,-2.263728,-0.04614312,0.013359554,0.074061915,0.060436357,0.0034860452,0.003099145,0,0.00047975293
-0.6635043,0.02126706,-0.10055834,0.057991,0.08723814,0.012164951,0.054069564,0.019849377,0.29272187,0.446826,0.0075058085,-0.05558118,0.025467983,-0.046550125,0.004289479,0.0672833,-4.9424183e-05,-0.00895867,0.012871474,-0.01191673,-0.2295091,-0.22157754,-0.031080378,2.3273752,-0.016264195,0.0340491,0.24151577,0.13732396,-0.00038612523,0.007343122,1,0.922747
-0.86077195,0.027044814,-0.49709833,-0.01903911,-0.053394407,0.23218171,0.028673988,0.009449388,-0.01675385,-0.10466253,0.0025396282,-0.0361801,-0.26489446,-0.041177817,0.0014729566,-0.25207147,-8.64364e-06,-0.013737354,-0.09440155,0.011945789,-1.1954923,-0.8090298,-0.078338414,-2.3097713,-0.057632692,0.009714651,-0.8902973,0.04536773,-0.00031856593,0.003000453,0,0.00073520525
-0.90921617,-0.0069261533,-0.12989143,0.04680821,-0.08331321,-0.39802736,0.05042688,0.022488,0.20926954,0.3679866,0.007118101,-0.28798565,-0.097970806,0.050760176,0.0039211255,0.06741166,-4.9424183e-05,-0.0038170952,0.0041304408,-0.013462782,-0.15944734,-0.5341016,-0.024581205,2.0467365,-0.021388695,0.029131357,0.2147743,0.13739295,-0.0004978571,0.007343122,1,0.64658844
-1.0701473,-0.09885781,-0.2793529,-0.052808836,0.029093504,-0.21834083,0.035590064,0.023423444,0.18551794,0.343651,0.007106648,0.14870554,0.02955481,0.030886123,0.0041411165,0.028793052,-4.9424183e-05,-0.0041433456,-0.0059277886,-0.006340172,-0.36371195,-0.7138094,-0.023637364,2.0442595,-0.015643869,0.029928576,0.21367082,0.12965633,-0.00038751066,0.007343122,1,0.6099773
-0.81580245,-0.17889787,-0.15452129,-0.011823939,-0.54919714,-0.08108042,0.019646978,0.009203489,-0.12862982,-0.43429273,0.0017957799,-0.02199669,0.02333736,-0.039178792,0.0011151925,0.04853446,-1.322949e-05,-0.017262412,0.0055701975,-0.037290234,-1.1069764,-0.68704313,-0.048508424,-2.2010152,-0.045758445,0.009163738,-0.6977645,0.044356324,-0.0002869814,0.0023560994,0,0.00083837274
-0.19406436,-0.2790229,-0.17000346,-0.026425198,-0.04733447,0.12272547,0.046924803,0.02251288,0.007813725,0.03173648,0.0076487437,-0.0150902765,-0.3375106,-0.14724007,0.004135609,0.12870088,-4.9424183e-05,-0.017190406,-0.049654312,0.0012391437,-0.22454831,-0.19326375,-0.029135222,2.2294905,-0.014336638,0.030177915,0.23755522,0.13699675,-0.00037975813,0.007343122,1,0.78224635
-0.67167383,-0.2034191,-0.30186933,0.0018285301,0.018760983,-0.2874281,0.02890987,0.007743393,-0.18744534,-0.47628337,0.0018373636,0.05320478,-0.10261493,0.027694942,0.0011176253,0.036939193,-6.685659e-06,-0.013423405,0.015911553,-0.05077436,-1.238267,-0.85528725,-0.050016377,-1.7511414,-0.069568224,0.009302178,-0.5781473,0.03706768,-0.0002524191,0.0023206142,0,0.0013777523
-1.2335458,-0.15021457,-0.1733688,-0.017158285,-0.00043518186,-0.06298171,0.034574814,0.010125475,-0.18187861,-0.38402587,0.0019255676,0.0980124,-0.093587436,0.011569778,0.0011693554,0.05948865,-8.64364e-06,-0.004354633,0.0026773966,-0.035041112,-1.6816343,-0.54138136,-0.058227647,-1.756744,-0.04446338,-0.8223896,0.060023826,0.041169345,-0.00059820997,0.0026333402,0,0.0009971458
-0.85481787,-1.1113839,-0.16601065,-0.019046187,-0.27570924,0.09533931,0.05479931,0.03266821,-0.10346111,0.03338678,0.006497995,-0.3318455,-0.047707923,0.04224397,0.0038019563,0.053870823,-0.0010200533,0.00023349436,-8.314138e-05,-0.014903765,-0.2883491,-0.2291362,-0.02445216,2.018587,-0.014294681,0.02647349,0.20281819,0.12183325,-0.000837647,0.0071220826,1,0.31554276
-0.76086694,-0.32348847,-0.30359006,-0.07778166,-0.18370819,-0.5707226,0.024229271,0.012720437,-0.058929857,-0.1673602,0.0025656,0.029195677,-0.00068449706,-0.08044341,0.0015334878,-0.06939389,-4.9424183e-05,-0.009304567,-0.10209673,0.003733406,-0.975819,-0.53037333,-0.06317369,-2.5232418,-0.054267813,0.014217375,0.07316563,-0.9886959,-0.00067782204,0.003061155,0,0.00046584252
-1.6943521,-0.06788144,-0.13172801,0.086826146,0.08314707,-0.057297572,0.047582537,0.013923723,-0.36758026,-0.8237133,0.0038028834,0.06787969,-0.16690695,-0.041621365,0.0025242923,0.07339546,-8.64364e-06,-0.03621893,-0.06461613,-0.0145646045,-1.9551955,-0.70454776,-0.024272922,1.4617658,-0.016902126,0.021203656,0.13293317,0.047338437,-0.00025505899,0.0048891553,0,0.01612072
-1.0314348,-0.9062668,-0.15965512,-0.018709565,-0.13611324,0.06637197,0.07840472,0.039563905,-0.091815285,-0.1397163,0.0061154785,0.2187972,-0.059947487,0.028085131,0.0033385209,0.057895493,-0.0010200533,0.001017645,-0.0019100134,-0.010512341,0.16690104,-0.1705666,-0.024181092,2.0715206,-0.014435632,0.025050787,0.20428051,0.12384132,-0.0017268881,0.0071220826,1,0.5840318
-1.6795976,-0.2160684,-0.37278593,-0.033000097,0.08842894,0.19004779,0.04492406,0.02459542,0.0009053189,-0.109491244,0.0071602967,0.089095145,-0.8241204,-0.44117522,0.0031363268,-0.09075751,-2.516625e-05,-0.0027732132,-0.007985492,-0.008648455,-0.023212211,-0.5723354,-0.022720417,1.7354298,-0.018054137,0.022458488,0.18550694,0.13107689,-0.00042021007,0.007343122,1,0.13192923
-0.62185925,0.03253762,-0.12276607,0.03337493,-0.092879504,-0.33156037,0.04322339,0.019512324,-0.09109086,-0.06504623,0.0074855564,-0.41938233,-0.096561566,0.033737693,0.0042112097,0.055921625,-4.9424183e-05,-0.013155852,-0.0042924127,-0.01415036,-0.45297194,-0.24285993,-0.024193777,2.0952475,-0.021338757,0.028767006,0.22934449,0.12246464,-0.00039182632,0.007343122,1,0.52689254
-0.0879674,0.001333303,-0.07849775,0.11156343,-0.076091066,-0.434958,0.04249328,0.018660795,-0.089374565,-0.07038717,0.0070594614,-0.1183669,0.0050049666,-0.08218935,0.0041735135,0.07185029,-2.2618437e-05,0.011311775,-0.004290025,0.016072815,-1.1102206,-0.06097244,-0.028288247,2.0329497,-0.017406214,0.028138746,0.18340999,0.12524588,-0.00030768124,0.007343122,1,0.6026035
-0.5017849,-0.11360359,-0.33458832,-0.017330453,0.06817479,0.033623397,0.048810005,0.024170447,0.21709363,0.354642,0.0075770393,-0.27647045,-0.050227962,0.017436441,0.004119993,0.06970581,-1.322949e-05,-0.021426989,-0.046800192,0.0042969193,-0.26872042,0.036192514,-0.036898494,2.3384151,-0.017361965,0.032137766,0.23783216,0.13019033,-0.000377769,0.007343122,1,0.8760135
-0.5536051,-0.03385768,-0.52086186,-0.009598086,-0.7461964,-0.43573925,0.023102377,0.008344568,-0.08337184,-0.19966029,0.002405673,-0.009186129,-0.09024757,0.0054868106,0.0013928259,0.016478835,-8.64364e-06,-0.024347149,-0.0023163531,-0.054560855,-1.5246528,-0.60669607,-0.050464094,-1.9146656,-0.056598168,0.010706081,0.076996244,-0.78214866,-0.00060038,0.0029794767,0,0.0005298233
-1.565923,-0.8069776,-0.161889,-0.025919836,0.04694803,0.06828492,-1.8021004,-0.45925978,-0.14004463,-0.30170465,-0.37495142,0.05708525,-0.18731268,-0.021250749,-0.2373726,0.06765821,-4.044135e-05,-0.01047254,-0.0010011968,-0.017199771,-1.7373807,-0.33622146,-0.023040026,1.0659789,-0.010478326,0.010705535,0.05997051,0.049511693,-0.004374372,0.0023653596,0,0.0011266818
-0.7150363,-0.023630895,-0.50541383,0.0005681214,-0.85534865,-0.10756689,0.02291358,0.009376938,-0.030359367,0.053430464,0.0028955755,-0.09800089,-0.1474975,0.00023169204,0.0016886186,0.04546964,-6.685659e-06,-0.02929066,0.0012544375,-0.056427643,-1.5041884,-0.6088697,-0.058927003,-2.2705023,-0.051043317,0.012619243,0.09585372,-0.82908976,-0.0006041996,0.0029794767,0,0.0004837446
-1.7260702,3.6822312,-0.0024131548,-0.012930897,0.057272043,-0.023989022,0.036527794,0.018954232,0.1607728,0.31061208,0.010114613,-0.38285035,-0.10719148,0.016536599,0.004365971,0.0412001,-4.9424183e-05,-0.0128115015,-0.045422968,0.016917642,-0.3467193,-0.17056288,-0.021766743,2.1671054,-0.012741723,0.030434208,0.23018208,0.104835324,-0.00038224278,0.007343122,1,0.98268235
-1.1796962,-0.48685768,-0.1222347,-0.012175826,0.31746048,-0.43234843,0.028269323,0.009455879,-0.12322637,-0.23260714,0.0014955343,0.05654064,0.0035199255,-0.036413886,0.001133827,0.035657823,-4.044135e-05,0.025406541,-0.0313912,0.020476254,0.4640629,0.6221564,0.1564242,-0.77223796,-0.012453052,-0.01582917,-0.5193684,0.006590469,-0.0003551104,0.002260101,0,0.098210104
-1.2137883,-0.35236502,-0.2877549,-0.04865972,0.04318407,-0.5836532,0.021319853,0.008237574,-0.15066111,-0.44388276,0.0017039948,-0.28127047,0.07821002,-0.054627657,0.0011111476,0.025236497,-8.64364e-06,-0.010695294,-0.07593688,-0.033833098,-1.4567738,-0.62598056,-0.043814827,-1.5698432,-0.06142325,0.008093284,0.03421803,-0.7025821,-0.00054521696,0.0023567537,0,0.000423989
-0.6717127,-0.014372942,-0.120563656,0.105251156,0.04248997,-0.076749146,0.064162955,0.019353818,-0.11354196,-0.2933638,0.006463758,-0.3777946,0.0011505047,-0.03942369,0.0034783978,0.056953028,-4.9424183e-05,-0.0075307474,-0.0027080076,-0.0139960805,-0.16215226,-0.62302923,-0.028518941,2.0348735,-0.019859498,0.028173354,0.20183426,0.12994288,-0.00047394427,0.007343122,1,0.5361075
-1.4242541,0.11012288,-0.40437394,-0.019923864,0.16816829,-0.42473584,0.04935346,0.020173809,0.008479312,0.10928588,0.007456567,-0.119914375,0.057730194,-0.02616646,0.004221418,-0.14151157,-1.322949e-05,-0.018984664,-0.0630683,-0.00717719,-0.12318981,-0.2001526,-0.029639907,2.153763,-0.019498115,0.029926958,0.2123059,0.11807733,-0.00039709487,0.007343122,1,0.5106138
-0.18470937,-0.13960055,-0.27728078,-0.004030154,0.029340632,-0.0043104887,0.04431591,0.011151874,0.00761902,-0.3270757,0.0017221756,0.064374804,0.08451557,0.02602774,0.00112619,0.040346,-8.64364e-06,-0.014238161,0.005505098,-0.03721227,-1.508519,-0.71518934,-0.008667553,-1.00297,0.46545067,0.016959326,0.08925541,0.071062036,-0.00026690605,0.004334671,0,0.03725804
-1.2458072,-0.32710403,-0.3633492,-0.0011353372,0.25478667,0.053729758,0.0313984,0.010054735,-0.19698834,-0.38715842,0.0017561307,0.09185315,0.009143419,0.0072424724,0.0011265053,0.0322294,-6.685659e-06,-0.0228838,-0.06376062,0.022186074,0.28739125,0.38459805,0.15394373,-0.9341538,-0.016950151,-0.940068,0.013659759,-0.020001533,-0.00026623235,0.0025372817,0,0.0409754
-0.86018264,-0.17912321,-0.2015101,-0.009669962,-0.20626436,-0.008069664,0.028611125,0.010418343,-0.19395743,-0.5617617,0.0019144798,0.09634148,-0.10709118,-0.013403977,0.0010068734,0.037307907,-4.9424183e-05,-0.012205162,-0.0009213936,-0.032579403,-0.98308927,-0.5628458,-0.04280054,-2.2310338,-0.060256694,0.01124263,0.063270204,-0.8786824,-0.0005841983,0.002392764,0,0.0010224578
-0.25458154,-0.18605553,-0.30223003,-0.013878236,-0.15293398,-0.5726484,0.02680437,0.010249387,-0.13599534,-0.5188741,0.0020417762,0.08643502,-0.13942438,0.00053461525,0.0011261479,0.037121795,-1.322949e-05,-0.015362146,0.0044428473,-0.03321872,-0.9958605,-0.7295103,-0.045263186,-2.317589,-0.06629999,0.008662821,0.05551047,-0.804043,-0.00058875745,0.002392764,0,0.0008753668
-1.3195367,-0.07443109,-0.39750975,0.058349743,-0.27891505,-0.046377636,0.026243288,0.009386492,-0.23188321,-0.5215304,0.0018619609,-0.1301363,-0.14522806,-0.0062178154,0.0010601447,0.046871033,-2.2618437e-05,-0.023354104,-0.08442741,-0.037962746,-1.4331086,-0.7063665,-0.038863223,-1.6343879,-0.07601206,0.01125444,-0.005953964,-0.74290603,-0.0006617256,0.0022042019,0,0.0004222423
-0.66640174,-0.009620315,-0.19466735,-0.009290318,-0.03891289,0.024344558,0.048912916,0.024630535,-0.09022918,0.070784286,0.007148293,-0.10896442,-0.09525172,0.008496183,0.0038946203,0.050986517,-4.9424183e-05,-0.0076345294,0.008785212,-0.014542758,-0.10391923,-0.4969059,-0.022792757,2.0032313,-0.018981732,0.029020647,0.1789667,0.13821438,-0.00042021007,0.007343122,1,0.675951
-0.83761245,-1.5822006e-06,-0.60791254,-0.0054401704,0.22169167,-0.27942437,0.03455677,0.009724302,-0.23697905,-0.5332355,0.0019550342,-0.168561,-0.08420801,-0.035224862,0.0011239038,0.0294861,-8.643641e-06,-0.03623005,-0.042065077,0.023646295,0.3504139,0.3733885,0.1228518,-0.7962876,-0.017105367,-1.1451418,-0.03515867,-0.06365592,-0.0002920482,0.0025372817,0,0.0231098
-2.043389,-0.86330914,-0.18307453,-0.0024497388,-0.16578808,-0.026351063,0.059573505,0.014038134,-0.1485673,-0.6006211,0.0059804837,0.12471709,-0.027451018,-0.032228768,0.0031599852,0.013489363,-4.5451732e-05,-0.0034103924,-0.0025336456,-0.009975275,-0.48015305,-0.4730163,-0.027160496,1.8029109,-0.012133594,0.012841182,0.15192498,0.10212338,-0.0016279554,0.0059182774,0,0.057456378
-0.10035563,0.011048434,-0.063959055,0.06357183,-0.88251007,-0.45197925,0.042240083,0.022591693,0.21525376,0.4121478,0.007562435,-0.21271838,-0.09868696,0.061534166,0.003969327,0.07890678,-1.322949e-05,-0.023186198,-0.00013875298,-0.013293741,0.057890598,-0.38098615,-0.02400348,2.2539186,-0.020689491,0.027366597,0.2231742,0.121328704,-0.00039670896,0.007343122,1,0.7934724
-0.09490301,-0.4588917,-0.15923777,-0.02572582,-0.026386311,0.022631671,0.05150066,0.02221902,0.22301406,0.46508822,0.0072708274,-0.15807049,-0.011636312,-0.023447108,0.0040734126,0.10934896,-1.322949e-05,-0.06657138,-0.01748134,-0.0044834195,-0.2254711,-0.26213753,-0.030111074,2.3122196,-0.013217499,0.02643767,0.21795695,0.13634542,-0.00053031597,0.0071220826,1,0.88452196
-0.5035717,-0.14940338,-0.34287658,-0.024549756,-0.043333963,0.047437795,0.04318535,0.019593352,-0.11697899,-0.07144915,0.0070645236,0.10770999,-0.0031316702,0.007206533,0.00403694,0.089256726,-8.64364e-06,-0.028700665,0.01731331,-0.025778404,-1.3794172,-0.49830136,-0.028330259,1.9622182,-0.016368942,0.027907854,0.20158093,0.10922851,-0.00029050923,0.007343122,1,0.3606936
-0.99306923,-0.23261008,-0.19655123,-0.018906666,-0.020731753,-0.008212943,0.031764694,0.009204003,-0.20993118,-0.43506876,0.0019261418,-0.30254114,-0.09982537,0.011655391,0.0011578738,0.053983647,-8.64364e-06,-0.005058818,0.004073683,-0.03600927,-1.500585,-0.76892936,-0.071190916,-1.7307087,-0.05344749,-0.72901636,0.0689042,0.048161287,-0.00059820997,0.0026333402,0,0.0007683596
-0.97646004,-0.013549107,-0.018351583,0.13815685,0.039455615,0.030120764,0.047811236,0.014430651,0.042850874,0.100360006,0.008374922,-0.08536897,0.22449054,0.14673567,0.005584124,-0.18373819,-8.64364e-06,-0.047716323,-0.027882544,0.004437604,-1.4491922,-0.498138,0.04211168,1.8814211,-0.015376395,0.021772075,0.17676432,0.08959668,-0.00025871553,0.007039069,1,0.42911217
-0.5099248,0.026193641,-0.27830398,-0.021673443,0.035925824,-1.0335757,0.03980581,0.024714408,0.14980984,0.28690568,0.007174409,-0.20324394,-0.14999877,0.03600542,0.0037159598,0.07045958,-4.9424183e-05,-0.016836071,-9.8837656e-05,-0.012579546,-0.40004003,-0.71221346,-0.020296931,2.0372086,-0.01974549,0.030724818,0.19682054,0.13643828,-0.000502734,0.007343122,1,0.43026155
-1.2311372,-0.21081318,-0.34293687,-0.0021483023,-0.0061719683,0.0087186685,0.031286642,0.0106265275,-0.23758303,-0.67638534,0.0019410105,0.07306819,-0.1342609,0.0043287096,0.001111403,0.036454733,-6.685659e-06,-0.019899134,0.014894871,-0.035923317,-1.4520246,-0.5157232,-0.053394802,-1.5696353,-0.05301985,0.010522353,0.070763975,0.049360637,-0.0005530505,-0.20783834,0,0.0016141644
-0.7525442,-0.17047071,-0.17931077,-0.030169673,-0.56659,0.028784322,0.040362295,0.011957787,-0.5960729,-1.3946314,0.0036448988,0.104263216,-0.108474284,-0.018015888,0.0021420869,0.07288737,-8.64364e-06,-0.03158448,-0.0019044376,-0.025392205,-1.5740361,-0.23202199,-0.02949738,1.3889755,-0.013559266,0.018143855,0.13095804,0.07176332,-0.00024244607,0.004334671,0,0.021097954
-1.3825564,-0.25942677,-0.2773733,-0.046660367,-0.34293494,-0.34312275,0.026305437,0.008810969,-0.03357253,0.055587947,0.0023570014,-0.044244576,-0.017628182,-0.060090005,0.0016196937,0.025041373,-8.64364e-06,-0.055016186,-0.06393397,-0.00046715088,-1.3506621,-0.6475011,-0.06759869,-2.0970635,-0.05388158,0.011569851,0.06929323,-0.8226071,-0.00058215065,0.0029794767,0,0.00042870225
-0.06934208,0.053921875,-0.51061064,-0.04634583,-0.17800102,0.036635272,0.053521164,0.015716389,-0.05764756,0.05329351,0.008341394,0.04672249,0.029885173,0.026979262,0.0051213023,-0.18003985,-8.64364e-06,0.038684845,-0.104869604,0.0026866945,-1.970449,-0.58220226,-0.030374032,1.9010949,-0.015122797,0.02485528,0.2035704,0.103475325,-0.00030013744,0.007039069,1,0.24513741
-0.19238752,-0.27894264,-0.2681301,-0.054186735,0.23477738,-0.6014216,0.035055015,0.010353614,-0.19990255,-0.26044482,0.0019416383,0.104063556,-0.031248562,0.027079416,0.0012588295,0.014015447,-8.643641e-06,-0.018908042,-0.029663758,0.023693873,0.23649754,0.3128337,0.11689932,-1.2937924,-0.018979881,-1.1964189,-0.060013663,-0.018201506,-0.00026999926,0.0026983258,1,0.03252432
-0.67819273,-0.12814067,-0.31619468,-0.028353907,-0.17683357,-0.30645522,0.041773427,0.024134956,0.002766885,0.026913503,0.0068458696,-0.5843761,0.024804417,-0.050682425,0.0038877714,-0.0715772,-4.9424183e-05,-0.010004415,-0.047655072,0.0042651077,-0.34634852,-0.7725643,-0.03763184,1.9635293,-0.022923676,0.030034505,0.1792242,0.13121882,-0.00029361335,0.007343122,1,0.24555102
-0.6386017,0.051012613,-0.08885413,0.08555627,-0.09181479,0.07076231,0.031548917,0.017442215,0.09990951,0.027066959,0.007108956,0.0720041,0.11079814,0.09952225,0.0044726487,0.031935956,-2.2618437e-05,-0.020868251,-0.0016427214,-0.016036246,-0.98917496,-0.14043598,-0.023201486,2.1214547,-0.016894048,0.030302,0.21676378,0.12907167,-0.00026773143,0.007343122,1,0.7676904
-0.19779752,-0.18655601,-0.35242593,-0.015482649,-0.033778094,0.014096938,0.032554526,0.008983648,-0.248192,-0.404885,0.00227155,-0.3356567,-0.11239332,-0.012822185,0.0011267784,0.041000597,-8.64364e-06,-0.020237487,0.012362085,-0.049368452,-1.4086219,-0.71281666,-0.059957054,-1.9959548,-0.062322784,-0.8109092,0.08115374,0.053327832,-0.00056019216,0.002780712,0,0.0011555381
-1.0137541,-0.087635614,-0.21976662,0.07162544,0.054172046,0.09018316,0.047027674,0.02327752,-0.105694726,0.07871766,0.007453938,-0.09357325,-0.45883694,-0.20499118,0.0040247543,-0.019662876,-4.9424183e-05,-0.0066006766,-0.0061380435,-0.014537492,-0.0957689,-0.2892878,-0.02250505,1.9556993,-0.017265055,0.026907593,0.23641825,0.12979136,-0.0003701009,0.007343122,0,0.52130145
-0.75500685,-0.67945373,-0.11185075,-0.012628609,-0.065057956,-0.35189235,0.027567977,0.011991777,-0.06264819,-0.08466347,0.002356053,-0.05357561,-0.11679747,-0.009433373,0.0012786725,0.0494138,-4.044135e-05,-0.06384373,-0.012739694,0.022445135,-1.1377426,-0.8277711,-0.07649349,-1.7615464,-0.048926044,0.008233944,-0.6700575,0.05782309,-0.0006935882,0.00293994,0,0.0012174741
-0.7777427,0.0060684616,-0.092330605,0.061907955,-0.101247706,-0.42188835,0.045082152,0.020016588,0.18712229,0.4867101,0.0074348277,-0.37031534,-0.007890965,-0.050449222,0.0043335767,0.047206555,-1.322949e-05,-0.01056778,0.00058074633,-0.011760026,-0.19798572,-0.3675459,-0.024227543,2.3316293,-0.021140326,0.030710086,0.22606532,0.11733141,-0.00039182632,0.007343122,1,0.75641024
-0.90668213,-1.1618643,-0.135659,-0.01568297,0.039896958,0.029255811,0.062093493,0.036957487,-0.12702754,-0.2685098,0.0058852723,0.3179509,-0.003302856,-0.003692095,0.003263012,0.059231184,-0.0010200533,0.001303289,0.0054523433,-0.014450625,0.015025079,-0.62137145,-0.02378576,1.8989115,-0.013730167,0.02135355,0.1596493,0.11713728,-0.00081160513,0.004750503,1,0.3750951
-1.5875144,-0.056537345,-0.09055731,0.061223954,0.036431927,-0.114371784,0.04628307,0.023847492,-0.06578498,0.07653312,0.0070046764,-0.19768049,0.009286571,-0.011123834,0.004004664,0.07906983,-4.9424183e-05,-0.0040607853,-0.00019950334,-0.0109694535,-0.2868563,-0.61939543,-0.02033064,1.9198743,-0.0197981,0.028995233,0.15687306,0.13101646,-0.00048705217,0.007343122,1,0.38015842
-0.12954925,3.2998562,-0.16291676,-0.019509843,0.007931921,-0.4091313,0.03212912,0.018485049,-0.002823768,0.026295712,0.011450119,-0.07311757,0.025371278,0.06282684,0.0052395663,-0.051483825,-4.9424183e-05,-0.011306329,0.046028666,-0.0065724663,-0.26690665,-0.06376039,-0.02604523,2.3442779,-0.013088525,0.029158516,0.2351335,0.1293218,-0.00037869715,0.007343122,1,0.9936521
-1.4391421,-0.65317124,-0.13268028,-0.020986062,-0.40970507,-0.39539874,-1.3200381,-0.3202546,-0.19569373,-0.49870816,0.0018139041,-0.10980354,-0.1337671,-0.030354863,0.0073704105,0.043671116,-4.044135e-05,-0.02746506,-0.07868312,-0.04102873,-1.2734625,-0.39846802,-0.04168258,-1.2795869,-0.034016985,0.009037459,0.04692859,0.011737214,0.003381392,0.0022046738,0,0.00016673448
-0.88280433,-0.25845832,-0.19891971,-0.024478469,-0.00032107547,-0.73028564,0.032156114,0.009563708,-0.3432203,-0.7646165,0.0018841138,0.09008457,-0.116906516,-0.0077012875,0.000999374,0.052816134,-1.322949e-05,-0.008669278,0.00063345593,-0.025555486,-1.1566842,-0.5302083,-0.053585716,-1.8585445,-0.04287128,-0.84382063,0.07551401,0.04761566,-0.0006642761,0.002554682,0,0.0005388932
-1.5882616,-0.32721865,-0.19372393,-0.006156098,0.21971242,0.009796945,0.026146105,0.011978061,0.05809359,0.09966652,0.0024040518,0.028884163,0.030488575,0.050059747,0.0015151034,-0.020526081,-6.685659e-06,0.0050112153,-0.0076486287,0.022964023,0.06871629,0.28941646,0.15533793,-1.0390218,-0.018431982,-0.049634665,-0.012972947,-0.99173164,-0.00035509773,0.0029177177,0,0.04056154
-0.103011906,-0.14847949,-0.2325663,-0.059995815,-0.41358525,-0.5982569,0.041626163,0.022630239,0.1329718,0.44249326,0.0075120013,-0.45752037,0.040654905,-0.0137321,0.004480357,0.101578206,-4.9424183e-05,-0.012100432,-0.0029642219,-0.00839344,-0.2953648,-0.15167949,-0.022166371,2.324124,-0.01476402,0.03187767,0.2386194,0.13669464,-0.00037351233,0.007343122,1,0.7323647
-0.07370435,-0.0986417,-0.46555737,-0.101430655,0.028809039,0.12076877,0.05160827,0.01999092,0.14395145,0.17647292,0.0076440293,-0.068452545,-0.16937034,-0.10301551,0.004163299,0.106469944,-1.322949e-05,-0.04154631,-0.032966554,-0.0060496773,-0.25479418,-0.31594658,-0.03015798,2.2323337,-0.0136926435,0.027689246,0.23148577,0.13732862,-0.00037881284,0.007343122,1,0.82191736
-0.60424435,-0.75294185,-0.10258233,-0.025852667,-0.22865362,-0.2443624,-1.4507271,-0.43621024,0.006757849,-0.06846065,0.0028976654,-0.1301868,-0.28754917,-0.030428512,0.012342624,-0.2063314,-4.5451732e-05,-0.088793196,-0.107283644,0.0034811606,-0.84708077,-0.581909,-0.072267756,-2.1445453,-0.046140224,0.01045212,0.07217743,0.052911866,0.0030866354,0.003099145,0,0.00025338697
-1.0893117,-0.04495853,-0.6848474,-0.008546736,-0.052571278,-0.3831819,0.02640818,0.007803177,-0.12575987,-0.3691672,0.0017427322,0.06469185,0.046642408,-0.02717856,0.0012234027,0.04628884,-8.64364e-06,-0.01221504,0.005358023,-0.036389045,-1.5125875,-0.55387,-0.046545647,-1.5890198,-0.055497352,0.009792537,-0.6733464,0.042391937,-0.00027317682,0.0023206142,0,0.00090963126
-0.85551536,0.01872355,-0.08056001,0.062117618,0.04238344,0.1352904,0.05682315,0.01715814,0.25406387,0.46406516,0.008476221,-0.404067,-0.055478025,0.006579444,0.005647184,0.1257421,-8.64364e-06,-0.01866701,0.009194438,-0.0175987,-1.370495,-0.4535541,-0.023103263,2.103483,-0.016975058,0.02760381,0.21234557,0.12158609,-0.0002944683,0.007039069,1,0.59653777
-0.9518428,-0.24088313,-0.15706044,-0.032090615,0.06028142,0.0585566,0.042023934,0.022733936,-0.09040665,-0.08425387,0.007090481,-0.27959073,-0.11032742,-0.30312783,0.004001074,-0.26917052,-2.516625e-05,-0.018668229,-0.031626627,-0.005961923,-0.3940454,-0.60398144,-0.027720122,1.8768163,-0.015234248,0.027055193,0.10470444,0.1393527,-0.0004141855,0.007343122,1,0.22141854
-0.85975623,-0.91218346,-0.13246948,-0.014588762,-0.058376785,0.08845299,0.062812194,0.042257663,-0.1254962,-0.012089541,0.0065812375,-0.27151442,-0.1041419,0.029369956,0.003807115,0.049949247,-9.558551e-05,0.0009261118,0.00044195948,-0.014890153,0.111357525,-0.253864,-0.024627756,2.0378437,-0.014317178,0.025153639,0.20625529,0.12042193,-0.0017263434,0.0071220826,1,0.50041693
-1.9259217,0.068209596,-0.15585989,0.072857715,-0.02570881,0.06789301,0.041825872,0.022686793,0.08908885,-0.04621973,0.0061826482,-0.3144852,-0.13487723,-0.33782294,0.003214874,-0.38907304,-1.322949e-05,-0.10003692,-0.120702505,-0.049782075,-0.34527802,-0.3835525,-0.029490778,1.8938332,-0.019670017,0.027337966,0.2036716,0.10317956,-0.00038590404,0.007343122,1,0.14647724
-1.0927879,-1.2742705,-0.1405146,-0.022184303,-0.8392284,-0.009818325,0.044309758,0.032871675,0.18832937,0.31529322,0.0066047367,-0.49295184,-0.08681524,0.026293594,0.0033482579,0.11454233,-9.558551e-05,-0.06405431,-0.0070032002,0.0028275012,-0.23612829,-0.052320793,-0.03107622,1.9636749,-0.013908153,0.02384532,0.19218753,0.11999964,-0.0017251202,0.0071220826,1,0.21172148
-0.9702139,-0.036710277,-0.0659823,0.10786566,-0.09100528,0.047583085,0.041677482,0.016627548,0.056352105,0.08870061,0.007086406,-0.09528843,0.058069248,-0.027932575,0.004461089,-0.29273403,-8.64364e-06,-0.030335534,-0.015148523,0.0024954348,-1.3605136,-0.4581061,-0.03028217,1.9499854,-0.016426867,0.025500081,0.19313864,0.10115397,-0.00030882322,0.007343122,1,0.31563523
-1.2135578,-0.7361892,-0.10089163,-0.010150822,-0.07159858,-0.27507272,0.030170003,0.016273824,0.07044843,0.14062901,0.0021787114,-0.07810074,-0.069386035,-0.12661374,0.0015653843,0.045872577,-4.044135e-05,-0.0021203812,0.016468272,-0.057966143,-1.56989,-0.61769986,-0.04259403,-1.9033258,-0.044473864,0.0115612345,0.05102621,-0.85292417,-0.0009791156,0.0029177177,0,0.00062607514
-1.2214863,-0.07482851,-0.44874525,0.046894245,0.0015348312,-0.032136824,0.025195606,0.008916772,-0.3121739,-0.627299,0.0018753363,-0.018370051,-0.4139475,-0.14894234,0.0010687202,0.0108736195,-2.2618437e-05,-0.023742922,-0.1156327,0.018015115,-1.452217,-0.8374384,0.07882573,-1.5353663,-0.06031804,0.007636582,0.034433395,-0.67764205,-0.00047626812,0.0022042019,0,0.00042872777
-0.67921245,0.09161114,-0.47311053,-0.031136625,0.0393892,0.09615058,0.0530904,0.01719883,0.013553478,0.06822855,0.008479306,0.0422538,-0.19664739,-0.014078034,0.0051854877,-0.23509382,-6.685659e-06,0.026015641,-0.05643277,0.0022098469,-1.3490896,-0.2606641,-0.030575065,2.0106132,-0.015429069,0.025985787,0.1985332,0.11728574,-0.00030390435,0.007039069,1,0.375216
-1.4538718,-0.22240075,-0.14319709,0.025671026,-0.059480283,0.0043750755,0.02516144,0.0077643716,-0.23020789,-0.60364175,0.0016592463,0.010920452,0.034171477,-0.0070397537,0.0010352291,0.0623382,-8.64364e-06,-0.021372538,-0.09984944,0.0067587295,-1.3908057,-0.8568318,0.06751348,-1.6149278,-0.048671246,0.0073919096,0.039721787,-0.7238848,-0.00044950697,0.0022042019,0,0.0007680349
-1.4186466,-0.29800478,-0.2985772,-0.031565115,-0.3560192,-0.84311104,0.035384014,0.017975975,-0.26849112,-0.62101203,0.0016536363,-0.056570075,0.02319351,-0.020647151,0.0009950411,0.020755256,-2.516625e-05,-0.0020524573,-0.019284561,-0.03067867,-0.5855318,-0.40950048,-0.04481862,-1.5296139,-0.076132335,0.0036906404,0.005854071,-0.87273216,-0.00062350824,0.0022402124,0,0.00046974875
-0.8511345,-0.22453444,-0.29370046,-0.0063000093,-0.21897204,-0.39795065,0.024462169,0.008644617,-0.2537018,-0.68790734,0.0016407105,0.06561127,0.028348118,-0.07916653,0.0010037764,0.011676854,-2.516625e-05,-0.0122553175,0.012473996,-0.031177042,-0.9500385,-0.5883559,-0.03853593,-1.6927692,-0.06519365,0.00909476,-0.6223883,0.048411738,-0.000295708,0.0022062548,0,0.0011217176
-0.80662113,-0.15581101,-0.2502215,-0.044783153,0.25416774,0.23138276,0.027406825,0.010151477,-0.072948135,-0.022285808,0.0025825638,-0.040436283,-0.008630341,-0.05415987,0.0016978054,0.005387996,-8.643641e-06,-0.35046855,-0.08829662,0.037591085,0.63867223,0.58745664,0.18840311,-1.4116093,-0.014365775,-0.041802105,-0.758876,0.025357408,-0.00022434846,0.0029202527,1,0.10916337
-0.9918871,0.03157113,-0.540274,-0.0066072163,0.32185185,0.07078603,0.030719599,0.009527989,-0.034163184,0.01052837,0.0028953596,-0.049925465,-0.08387793,-0.020399464,0.0017407245,0.028607229,-8.643641e-06,-0.029076435,-0.027830416,0.02507386,0.6509162,0.6716486,0.17225449,-1.21949,-0.016802916,-0.016380098,-0.005415544,-0.5684226,-0.0003211483,0.0029794767,0,0.1721127
-1.2769259,-0.08098533,-0.4174677,0.026971169,-0.65298074,-0.28056702,0.021100083,0.007837583,-0.27300692,-0.73243475,0.0018629202,0.05869997,-0.14572844,-0.0017409225,0.0010464005,0.043005172,-2.516625e-05,-0.018827712,-0.005059342,-0.032069974,-1.0313705,-0.56058186,-0.046412278,-1.851768,-0.07010872,0.004410223,-0.5937698,0.039905723,-0.00031320582,0.0022062548,0,0.00038725292
-1.5510278,-1.1098405,-0.22250116,-0.04846003,0.110492304,-0.12694481,-1.7238237,-0.37676376,-0.082651824,-0.4184381,0.0017683271,0.09042778,0.0149195725,0.049300905,0.007647977,0.014532354,-0.0010200533,-0.0077585904,-0.071030594,-0.0251345,-0.4767232,-0.36243966,-0.02654019,-1.1918936,0.5394733,0.011672922,0.035382483,0.030133044,-0.013615562,0.00224216,0,0.000987289
-0.52104443,-0.022664819,-0.07738998,0.095703326,-0.26656744,0.042930454,0.029405227,0.012373523,0.097576134,0.18110935,0.0028792843,-0.03084782,-0.27087095,-0.080883205,0.0017761185,0.046003368,-8.64364e-06,-0.021215156,0.010979653,0.011082858,-1.3269836,-0.570488,-0.07431545,-2.6120281,-0.057339113,0.018080236,0.10590446,0.07908752,-0.0005474691,-0.35063255,0,0.003911636
-0.8230033,-0.23454279,-0.12998404,-0.012047017,0.28320062,-0.18774553,0.030627389,0.009642619,-0.15533958,-0.31409073,0.0019238498,0.045380943,-0.06278497,-0.014184564,0.0011525173,0.041581713,-8.643641e-06,-0.036331467,-0.021427905,0.024354555,0.6006319,0.58412784,0.12998164,-0.8253736,-0.015920172,-0.01703725,-0.07351162,-0.52509415,-0.00030484947,0.0022949944,1,0.15646377
-0.807462,-0.20691004,-0.124416046,-0.041266445,0.059926562,0.0745015,0.04439453,0.02268292,0.17143849,0.11373005,0.0076487437,-0.07287427,-0.13060686,-0.08805965,0.0041344664,0.15576662,-4.9424183e-05,-0.02045796,0.023654126,-0.026975086,-0.26667348,-0.12527776,-0.02944186,2.229531,-0.014121896,0.029178794,0.24325985,0.13001417,-0.00037975813,0.007343122,1,0.79758793
-1.2439827,-0.67397743,-0.119671136,-0.019828975,-0.22933151,-0.020842591,-1.5200022,-0.3219824,-0.25833464,-0.57786465,0.001895438,0.00022333811,-0.40102106,-0.08648725,0.0073901154,0.004460108,-0.0010200533,-0.009638581,-0.07569449,-0.030814737,-0.9058553,-0.5545446,-0.0463702,-1.568248,-0.039573982,0.009703681,0.050504446,0.021576948,0.0029567603,0.00224216,0,0.000184979
-0.14854601,3.1547785,0.120434284,0.09396789,0.020740727,-0.25656542,0.03698723,0.017463574,0.19489896,0.37463835,0.01147399,-0.13680266,-0.06836386,0.049922436,0.005333382,0.023306407,-4.9424183e-05,-0.018351635,-0.0112469625,-0.005634555,-0.26340067,-0.12614784,-0.026719531,2.4499042,-0.013795193,0.0285138,0.22247235,0.13205658,-0.00037550688,0.007343122,1,0.99720544
-1.1261027,-0.920087,-0.11913083,-0.020241257,-0.3159362,-1.1280661,0.044499915,0.042545095,-0.056180373,0.055548728,0.006491148,-0.1422293,-0.07042803,0.030076347,0.0036157824,0.047817197,-4.5451732e-05,-0.008162248,-0.01018719,-0.0097992765,-0.10678967,-0.31111726,-0.02144159,1.9662582,-0.014370734,0.022733942,0.19298255,0.11540923,-0.000837647,0.0071220826,1,0.13740665
-0.20583907,-0.29764134,-0.13855074,-0.0016038662,-0.052131813,0.044245876,0.037395556,0.009787143,-0.08118188,-0.18365794,0.0027287665,-0.054294817,-0.09140478,-0.14028165,0.0017299568,-0.22372437,-8.64364e-06,-0.03558452,-0.021763427,0.0031899968,-1.2540433,-0.7453362,-0.092358425,-2.3065233,-0.058726404,-0.8747733,0.0859814,0.07698418,-0.00058869296,0.004005665,0,0.0013791366
-1.4291389,-0.3611341,-0.14861205,-0.007990083,-0.16533196,-0.078571156,0.025829677,0.011788898,0.06954193,0.17243752,0.0023705834,0.06981248,-0.1519101,0.011188179,0.0014966734,0.010998443,-6.685659e-06,-0.0051480853,-0.012163245,-0.050534647,-1.6235774,-0.48785397,-0.057274573,-2.1063566,-0.044729695,0.0064037326,0.072652616,-0.85794836,-0.0006011942,0.0029177177,0,0.0008061808
-0.6541225,0.01215358,-0.1397716,0.06204028,-0.11700258,0.0030083517,0.047239464,0.021981008,0.21243303,0.44430476,0.007530151,0.12582584,0.0044696927,-0.025136542,0.0044229515,0.10466187,-4.9424183e-05,-0.011486791,0.0035253123,-0.011770431,-0.16517228,-0.23959172,-0.031852607,2.4069219,-0.016289283,0.03206245,0.23803899,0.13648373,-0.00038558056,0.007343122,1,0.92207414
-1.016397,-0.07647116,-0.29903248,-0.062818184,-0.15945356,0.10612226,0.051444966,0.015067323,-0.0850346,-0.4317131,0.0065257163,0.13547702,-0.08435319,-0.311516,0.0035956441,0.060014293,-2.2618437e-05,-0.018280244,-0.0019583064,-0.0215696,-1.3112139,-0.25408602,-0.024417715,1.796407,-0.0149874035,0.024626458,0.17301688,0.10640769,-0.00027685662,0.007343122,1,0.157294
-0.64076596,2.9337716,-0.20262769,-0.018210746,0.018249579,0.03857062,0.037527625,0.01919052,0.22212376,0.3668916,0.011607669,-0.13423392,-0.07826537,0.0051607024,0.0051995306,0.0702134,-4.9424183e-05,-0.013752278,-0.03134117,-0.0056798584,-0.32951432,-0.14107423,-0.034960005,2.4084473,-0.012558746,0.032775942,0.24642965,0.12867074,-0.00038224278,0.007343122,1,0.99273795
-1.4901689,-0.19187133,-0.33270332,-0.007992194,-0.35504413,-1.1012763,0.025729245,0.009187843,-0.0032457563,-0.05193814,0.0025515652,0.013072251,0.014496348,-0.09207366,0.0016233488,0.01894832,-6.685659e-06,-0.027368844,-0.030658502,-0.02908069,-1.6452371,-0.8959382,-0.04508501,-1.8758748,-0.06643155,0.004216013,0.06990156,-0.8324024,-0.00058462634,0.0029794767,0,0.00013593117
-0.19581327,-0.3393076,-0.1738623,-0.011800431,0.2755275,-0.27762476,0.029213054,0.011654247,0.0085194,0.0554554,0.0023470127,0.075658455,-0.13790357,0.007328273,0.0016269981,0.04467556,-8.64364e-06,0.010647198,-0.023823425,0.05948145,0.16916591,0.20184211,0.1547029,-1.1106958,-0.023297662,-0.0332986,-0.02944373,-1.0791394,-0.00037197967,0.0029177177,0,0.08975955
-0.71840006,-0.53874683,-0.10306291,-0.010763936,0.044530958,-0.033119466,0.029363219,0.00831031,-0.22297996,-0.52367127,0.0014961378,0.06029407,0.006457791,-0.031062298,0.0010491785,0.04272018,-2.4539833e-05,-0.0057430444,0.009178581,-0.056518275,-1.3471098,-0.63203895,-0.051204313,-1.39168,-0.03171613,0.0086056525,-0.5748493,0.049661964,-0.00037636433,0.002110256,0,0.0024720433
-0.074637726,-0.024160355,-0.1784964,0.054928824,-0.08676501,0.09284849,0.042573027,0.021622771,0.25557473,0.53096884,0.0075623766,-0.409546,-0.06604346,0.035022095,0.004214033,0.08718768,-4.9424183e-05,-0.011393555,0.0029540786,-0.011484795,-0.22492494,-0.14235955,-0.022794286,2.3829343,-0.014210901,0.030707464,0.2419359,0.13931745,-0.0002619824,0.007343122,1,0.9358133
-0.7144634,0.055448063,-0.2944838,-0.010063006,-0.030407798,-0.49114725,0.04996895,0.020220041,0.13605766,0.32481617,0.007458917,0.08042359,-0.20754929,-0.47896376,0.00425909,0.06627281,-1.322949e-05,-0.014690594,0.0146944765,-0.0048713847,-0.25246415,-0.3963183,-0.024068628,2.295536,-0.016574763,0.029021412,0.22079091,0.12736383,-0.00037752162,0.007343122,1,0.6253395
-1.0274277,-0.025006542,-0.3969377,-0.017583055,0.116900444,0.046035852,0.049000353,0.014632474,-0.32361728,-0.6890131,0.005978051,0.23908928,0.039647117,0.01477615,0.0032713073,0.08094252,-8.64364e-06,-0.019302182,0.0045769312,-0.030556338,-1.9838895,-0.33705845,-0.028179454,1.5940071,-0.015838156,0.015837958,0.14301585,0.07246324,-0.00026072812,0.0048891553,0,0.08013148
-0.54993284,-0.34123945,-0.19797762,-0.016926697,-0.029815543,0.0011970882,0.028538993,0.011228178,-0.06455418,-0.09448487,0.0023555558,0.038153738,-0.0013168715,-0.0049455706,0.0013631656,0.0587687,-8.64364e-06,-0.008544416,0.0012175613,-0.050000895,-1.5802598,-0.61248523,-0.04448425,-1.9335768,-0.04431598,0.013367523,0.07019033,-0.88508695,-0.0006550309,0.0029177177,0,0.0019808183
-0.6990003,-0.36013147,-0.34761286,-0.05875692,0.27762747,-0.34807086,0.026087044,0.009135391,-0.06455283,-0.21580833,0.0024584266,-0.084009305,-0.049333747,0.010954128,0.0016999762,-0.21411014,-8.64364e-06,-0.037459385,-0.07596344,0.030447824,0.20293482,0.46446517,0.19096139,-1.1546971,-0.02023424,-0.032501157,-0.7730165,0.05783488,-0.00022434846,0.0029202527,0,0.03736598
-0.9390107,-1.4851657,-0.047018804,-0.049955647,-0.022956328,0.06930381,0.04766764,0.03223909,-0.0673741,-0.08489264,0.0064341403,-0.61313915,-0.12529768,-0.3469179,0.0034381307,-0.3474259,-9.558551e-05,-0.13524438,-0.20741831,0.0036125353,-0.35046232,-0.013646005,-0.030543424,1.8199408,-0.011693943,0.022883883,0.17693335,0.1254783,-0.0017213534,0.0071220826,0,0.07203296
-0.8741802,-0.31878614,-0.21576491,-0.02900895,-0.15439054,-1.1722906,0.046288297,0.024452468,-0.049520865,-0.17304707,0.0070404476,-0.38827515,-0.3426166,-0.0076894737,0.003875379,-0.27916455,-4.9424183e-05,-0.019309096,-0.048830733,0.0024668893,-0.13042137,-0.52641606,-0.026973046,1.9928055,-0.019386116,0.028736042,0.20931053,0.12683152,-0.00032357796,0.007343122,1,0.08962331
-1.1234277,-0.14944373,-0.20765494,-0.018918606,-0.14885995,0.0649616,0.046589468,0.021833114,-0.10778857,-0.07765464,0.007541865,0.074353255,-0.10449629,0.011204798,0.0042815194,0.052158643,-4.9424183e-05,-0.013080295,-0.0029009553,-0.010203748,-0.24943033,-0.19640014,-0.024161223,2.1255572,-0.015288319,0.029522631,0.22952692,0.13330261,-0.00037975813,0.007343122,1,0.59075576
-0.91849476,-0.12957297,-0.14507875,-0.009997457,-0.03879984,0.8059718,0.052325923,0.025535626,0.046007637,0.19202301,0.007176078,0.2519081,-0.12746876,-0.0068304837,0.00389596,0.055489797,-4.9424183e-05,-0.0056269313,0.0072439704,-0.011234482,-0.094486855,-0.48033497,-0.03578854,2.1888773,-0.01973155,0.02936972,0.21972102,0.13926123,-0.00042021007,0.007343122,1,0.8826
-1.195098,-0.9121163,-0.18594167,-0.030419214,-1.3831799,-0.5870722,-1.4324327,-0.44767725,-0.043723833,-0.02132004,0.001380567,-0.18809378,-0.020686382,-0.07322337,0.011651613,0.040719274,-0.0010200533,-0.011003122,-0.07656918,-0.02956643,-0.74409646,-0.47383654,-0.041046396,-1.2887534,-0.04224782,0.012047883,0.029832693,0.04112982,0.0013277669,0.003099145,0,0.00011403569
-0.8080807,-0.01675025,-0.1998365,0.06743546,-0.028082473,0.07701347,0.045519203,0.01892108,-0.19776715,-0.07838,0.007964608,0.11665004,-0.13024421,-0.011222415,0.0042420584,0.0702153,-2.2618437e-05,-0.028409747,-0.005836403,-0.025668014,-1.496958,-0.26894534,-0.023346817,1.8852329,-0.0150676705,0.0263157,0.19654156,0.127262,-0.00027336465,0.007039069,0,0.3372695
-0.47469148,-0.0081851,-0.56633943,-0.011225568,-0.6847303,-0.20647731,0.030112345,0.011016161,0.047016803,0.042227,0.0027304331,0.061303545,-0.06436353,-0.06848007,0.0017200344,0.041892216,-8.64364e-06,-0.028972812,-0.0032708114,-0.034161035,-1.3277588,-0.45200306,-0.06302038,-2.4787169,-0.05109184,-1.007,0.10384303,0.0676126,-0.0006107419,0.004005665,0,0.00081739016
-0.7578279,0.0783894,-0.5407571,-0.023682982,-0.19499277,-0.9822116,0.04538118,0.010716234,0.06416677,-0.13759907,0.0016420095,0.073495686,0.044086162,0.03567641,0.0010361788,0.03963861,-8.64364e-06,-0.01438715,0.005752204,-0.03169918,-1.2599434,-0.60042506,-0.023297574,-0.84926885,0.5576129,0.017011879,0.08243248,0.07352585,-0.0002596107,0.004417057,0,0.013757386
-0.97944295,-0.01630995,-0.105716705,0.052191503,-0.09236166,-0.0011660821,0.028162934,0.008054329,-0.25065053,-0.62957907,0.0019522306,0.04750743,-0.13557549,-0.011346044,0.0011038167,0.056228828,-8.64364e-06,-0.014085639,-0.024885202,0.020822966,-1.4401082,-0.68721044,0.10496246,-1.4827818,-0.05281676,0.005845734,0.04618773,-0.6653924,-0.00047532283,0.0022042019,0,0.0020139588
-1.4799292,-0.73080695,-0.07739551,-0.009433557,-0.55505204,-0.26442418,0.02243209,0.0113547295,-0.07878414,-0.16819182,0.0018656568,0.02610421,-0.065462284,-0.01123294,0.0012639512,-0.12834041,-4.044135e-05,-0.035182565,-0.06943898,0.006479267,-1.3109536,-0.61648923,-0.07170603,-1.3733048,-0.039007347,0.009075551,-0.6914431,0.024129502,-0.00065572734,0.0028597396,0,0.00046983518
-0.53852177,3.5710669,0.06682395,0.1586807,-0.16362506,0.056056958,0.03447234,0.013318482,0.038559582,0.10969391,0.011473933,-0.076722786,0.23200417,0.13443524,0.005640227,-0.047642156,-8.64364e-06,-0.020116625,-0.03393903,0.0031739585,-0.8286164,-0.33244053,-0.025980419,2.2728286,-0.013142265,0.028754998,0.21015602,0.11353167,-0.00026691542,0.007343122,1,0.9932808
-0.4176374,0.01267104,-0.20239691,0.07267555,0.01953768,0.25802204,0.044783637,0.022001283,-0.044740845,0.22678556,0.007536833,0.095194176,-0.099551424,0.008729731,0.0042533255,0.073782206,-4.9424183e-05,-0.015803229,-0.00339974,-0.003626121,-0.23046166,-0.24118064,-0.023264572,2.3522534,-0.014380702,0.031631425,0.24385764,0.14348033,-0.0003703221,0.007343122,1,0.9118735
-0.59257895,3.78699,0.039867356,-0.011877061,0.055380896,-0.25286418,0.03673247,0.015572036,0.0134920245,0.050279606,0.011445405,-0.18861242,-0.16347693,-0.17241852,0.0052346974,-0.15218146,-1.322949e-05,-0.0115316585,-0.069360904,0.030472806,-0.26470962,-0.11064558,-0.03139204,2.287735,-0.014985344,0.0290375,0.22213039,0.11936753,-0.0003762365,0.007343122,1,0.9908345
-1.5064652,0.054142926,-0.22687757,0.069619924,-0.07761049,-0.4236892,0.03435028,0.022266487,0.050168615,0.03577563,0.0070342873,0.24527048,0.27471098,0.11420614,0.004281317,-0.018014776,-4.9424183e-05,-0.007990937,0.009734875,0.0020163935,-0.0879931,-0.60231465,-0.02558717,2.0908659,-0.017051302,0.031533744,0.18313333,0.13474086,-0.00036701086,0.007343122,1,0.5953765
-0.1842304,0.00024049514,-0.46670902,-0.011675331,-0.437995,-0.37482855,0.028392361,0.009722627,0.06293167,0.105571926,0.0023213418,-0.009640653,0.005665107,-0.04845246,0.0014988005,0.023515332,-8.64364e-06,-0.017815286,0.010094414,-0.05203948,-1.1618909,-0.77419233,-0.04719905,-2.454529,-0.06074601,0.014966586,-0.8998303,0.061094124,-0.0002609623,0.003000453,0,0.0012744325
-0.30988914,-0.22763143,-0.29611394,-0.0559559,-1.4336255,0.070804164,0.03711386,0.017762478,-0.1900535,-0.39277303,0.0014897666,-0.30704913,-0.09607898,0.010830608,0.00097496767,0.03214012,-4.9424183e-05,-0.0040827044,-0.0038814195,-0.035604108,-0.7989801,-0.75398743,-0.041836422,-1.6324283,-0.07279262,0.00925979,0.056553524,-0.9167735,-0.0005393075,0.002392764,0,0.00066056836
-1.3366659,-0.2554315,-0.15103003,-0.016527435,-0.17936552,0.0041765957,0.027259156,0.008674753,-0.2516293,-0.58657616,0.0015501515,0.03979188,0.0026390562,-0.01266407,0.0009793959,0.06213065,-8.64364e-06,-0.009069708,-0.06807385,-0.033930402,-1.650015,-0.8844193,-0.041491333,-1.4567242,-0.054087825,0.008136649,0.043933716,-0.6608514,-0.00058413384,0.0021424429,0,0.0005877138
-0.13236016,0.020683387,-0.43170166,-0.027053138,-0.28443855,-0.8713804,0.033099886,0.020298352,-0.14924598,-0.3057431,0.0075050937,0.05975209,-0.08741081,0.05989408,0.00339774,0.046954367,-4.9424183e-05,-0.014863913,-0.009051067,-0.012713475,-0.31305358,-0.20765273,-0.02441536,2.14492,-0.015713196,0.03103362,0.23253596,0.12483559,-0.00040180708,0.007343122,1,0.47852772
-1.475741,-0.22246724,-0.24752551,-0.013202149,-0.21834011,0.025157388,0.03628761,0.010775998,0.021223603,0.11501964,0.0025378738,-0.029216351,0.025683478,-0.027823025,0.0015729449,0.06329384,-8.64364e-06,-0.022316063,-0.063760646,-0.019991923,-1.5714966,-0.5170057,-0.07077379,-2.1765962,-0.051388834,-0.9264046,0.10127407,0.04780305,-0.00058869296,0.004005665,0,0.00075279595
-1.335439,-0.003703901,-0.21645233,0.029408792,-0.10746264,-0.4401859,0.044160932,0.019963507,0.17743078,0.43620867,0.0074013798,0.09680282,-0.14405787,0.040091675,0.0042169406,0.048882995,-4.9424183e-05,-0.0072153728,0.00092231657,-0.008533379,-0.17144924,-0.19455065,-0.02308267,2.2286656,-0.019021396,0.030326711,0.20611432,0.13057056,-0.00036977738,0.007343122,1,0.69972557
-0.8418143,-0.15115125,-0.33227628,-0.0043005017,-0.19655532,0.04809557,0.026988754,0.012828195,-0.05947887,0.05538538,0.0025402934,-0.03553846,0.012958745,0.006744191,0.0014967463,0.015938506,-2.516625e-05,-0.012627587,0.01544179,-0.03303918,-0.9372727,-0.6645119,-0.04408464,-2.5063581,-0.06062442,0.017632483,0.036370806,-1.0123085,-0.00067950867,0.003061155,0,0.0013209123
-0.07791188,0.03166559,-0.1188558,0.102494955,0.030909091,0.025463028,0.04305003,0.019421905,0.16136666,0.25179818,0.0071309074,-0.08069832,-0.039367195,-0.05470933,0.004296789,0.14377308,-8.64364e-06,0.007815792,0.011447187,0.0078116334,-1.1146864,-0.49043483,-0.030259514,2.1814342,-0.016381074,0.028423665,0.20961176,0.12496317,-0.00030312213,0.007343122,1,0.7998982
-0.6047285,-0.018312277,-0.64935285,-0.008824326,-0.009652754,-0.020152861,0.030239154,0.009653392,0.08616121,0.16493696,0.0027597565,0.014074696,-0.08241558,0.0152115235,0.0017665287,0.058544714,-8.64364e-06,-0.02075152,0.013083471,-0.054560326,-1.3010037,-0.59222996,-0.05178528,-2.5426354,-0.050229806,0.014484883,-0.91438234,0.04306401,-0.00031110412,0.0029202527,0,0.0015695692
-0.55665654,-0.49929366,-0.26272988,-0.03762257,0.049557187,-0.45546722,0.04117446,0.013007525,-0.2950757,-0.9599402,0.0050674975,-0.5006511,-0.09620977,0.01987985,0.0027466423,0.068116754,-8.64364e-06,-0.007181383,0.00028947665,-0.031369068,-1.9364291,-0.37355334,-0.026640324,1.39114,-0.017701391,0.019876035,0.12829335,0.08023211,-0.0002876055,0.0046681166,0,0.01443278
-1.0835376,-0.8073026,-0.17687772,-0.029870952,-0.43904835,0.06823917,0.043425404,0.020266704,0.22773509,0.38120946,0.006384548,-0.035088003,0.059431124,0.008864292,0.0044128993,0.18172322,-8.64364e-06,-0.045381445,0.033371378,0.0077254754,-1.3908591,-0.1633696,-0.028454626,1.7786431,-0.012506331,0.024133567,0.18068898,0.106731065,-0.0003547357,0.00681803,1,0.25658327
-0.17908014,3.051563,-0.1683839,-0.013607967,0.018793888,-0.42988643,0.040458925,0.01627522,0.15408298,0.29990646,0.011447865,0.101225555,-0.18399629,-0.6339559,0.005230298,0.055091947,-1.322949e-05,-0.0127882995,-0.0026371572,-0.00504376,-0.30518475,-0.14226526,-0.022339595,2.3549824,-0.013161304,0.030426422,0.21846776,0.13494232,-0.00037790922,0.007343122,1,0.98783034
-0.42970783,-0.092016384,-0.22652557,-0.02141834,0.031333856,-0.45271888,0.047137387,0.020390695,0.22806491,0.46287,0.0076714177,0.01389806,-0.07456849,0.031069355,0.0056073824,0.11679874,-2.2618437e-05,-0.019314531,0.0008350677,-0.018261215,-1.3170732,-0.28173476,-0.023768557,2.0284188,-0.020524612,0.027313735,0.19977446,0.12870057,-0.0002828007,0.007039069,1,0.5958104
-0.74836135,-0.690979,-0.044232655,-0.018588345,0.28652406,-0.37570634,0.029600635,0.0117383795,0.101740226,0.08847428,0.0020475734,-0.09992047,-0.14426872,-0.1629242,0.001553108,-0.009808622,-4.044135e-05,-0.36321482,-0.15870358,0.043609124,0.3388369,0.4162298,0.1737067,-1.0149757,-0.018155582,-0.06348646,-0.6573372,0.050090242,-0.00059478753,0.0028597396,1,0.046742357
-0.8413485,-0.059506238,-0.2829038,0.042277243,-0.014890063,-0.055512473,0.03029547,0.008980996,-0.03866299,0.014202797,0.0027816677,-0.07896267,-0.13834338,-0.003622478,0.0017953062,0.052587293,-8.64364e-06,-0.021852395,-0.0018740825,-0.059313983,-1.2553319,-0.582684,-0.0527674,-2.3167174,-0.068389215,0.0069631413,-0.77473736,0.04033655,-0.00030600827,0.0029202527,0,0.0016009758
-0.79302084,-0.9130159,-0.10225436,-0.021411927,-0.31983194,0.011880095,-1.5585767,-0.5089249,0.004833145,-0.033661753,0.003063629,-0.26534724,-0.045369558,-0.25243992,0.019148244,-0.165918,-0.0010200533,-0.096477225,-0.10591436,0.006520335,-0.94401526,-0.42300132,-0.071516156,-1.68813,-0.03929724,0.009910887,-0.05575576,0.060506098,0.009531354,0.003099145,0,0.00025669788
-0.7891093,-0.029382775,-0.52041525,-0.031978704,-0.032790463,-0.31651148,0.028909154,0.013061716,0.08557474,0.1678304,0.0026738667,-0.3043946,-0.08275536,0.022799326,0.0014921573,0.061624035,-8.64364e-06,-0.016852962,0.010454774,-0.039283298,-1.3036916,-0.82163,-0.054576814,-2.4800758,-0.07286934,-0.97054917,0.1187065,0.07190588,-0.0006294084,0.0043097176,0,0.0006962463
-1.433531,-0.8905355,-0.1929757,-0.02282528,-0.075368926,-0.0025619501,-1.2677844,-0.64531547,0.0936335,0.19110873,0.0029916645,-0.07784009,0.17671677,0.09800381,0.014941066,0.010253453,-0.0010200533,-0.004711618,-0.06345547,-0.029173218,-0.81917506,-0.49517834,-0.046052717,-2.3389285,-0.026611324,0.014074466,0.071030356,0.0398575,-0.040293906,0.003099145,0,0.0004311693
-1.4632204,-0.011158869,-0.348638,-0.0124348365,-0.1694345,-0.30645454,0.05317729,0.03419396,-0.20176955,-0.49692765,0.0050966684,0.3349009,0.02727333,-0.02282111,0.002495928,0.0600965,-4.9424183e-05,-0.003350287,0.0030967419,-0.0119367875,0.1603282,-0.38180503,-0.022094758,1.9933214,-0.023948397,0.023577964,0.18734415,0.11548885,-0.00026441304,0.004971542,1,0.38653716
-1.5879757,-0.032296628,-0.20658408,0.05239532,0.02336872,0.025481693,0.039366253,0.011020775,-0.74750537,-1.5926698,0.0033878542,0.06130326,-0.097288296,-0.003556347,0.0020011885,0.071674205,-8.64364e-06,-0.029184477,-0.05154511,-0.00408447,-1.413758,-0.6095048,-0.023619993,1.1702993,-0.0150502445,0.018657098,0.12149912,0.04747597,-0.00020478705,0.004334671,0,0.008547595
-1.63118,-0.3218306,-0.25839934,-0.05312735,-0.45118588,-0.74639595,0.033911306,0.024183184,-0.08327637,0.08744353,0.007011873,-0.39437574,0.0467242,0.02291661,0.004294361,0.004192392,-4.9424183e-05,-0.0014087746,-0.0050450144,-0.011081213,-0.39441139,-0.76300985,-0.022762807,1.9337379,-0.018616935,0.030535845,0.19932431,0.12928396,-0.0003764469,0.007343122,1,0.068079166
-0.7321554,-0.29038042,-0.3037867,-0.027895004,-0.0911269,0.010465475,0.027377224,0.013054145,-0.061001606,-0.107928425,0.0025528076,-0.31748214,-0.26909864,-0.0280803,0.0014405707,-0.26097324,-9.260577e-06,-0.13294438,-0.14214398,0.006404328,-0.7824422,-0.62874776,-0.061018825,-2.230987,-0.061320156,0.00927458,-0.84309953,0.06313517,-0.0004514628,0.00293994,0,0.00072589825
-1.4774036,-0.1399508,-0.27677512,-0.052031394,0.06207688,0.081402116,0.047220856,0.024213225,-0.09488669,0.05729015,0.007148293,-0.45048583,-0.111565106,0.021359302,0.003904852,0.055011395,-4.9424183e-05,-0.0012905572,-0.0018690351,-0.011931632,-0.13309342,-0.6218317,-0.023917714,1.9309144,-0.018319553,0.028748125,0.18687132,0.12886621,-0.00042021007,0.007343122,1,0.31769225
-1.0285523,0.029049184,-0.37069833,-0.012614231,-0.026948806,-0.6792641,0.021156466,0.012505508,-0.10571898,-0.052227907,0.0025145845,-0.31725854,-0.40737358,-0.12767698,0.0012740946,0.00065964606,-4.9424183e-05,-0.014608622,-0.071127295,-0.022296432,-0.9991258,-0.58846384,-0.036264822,-2.1928172,-0.05681045,0.015282617,0.12357399,-0.89828426,-0.0007021023,0.003061155,0,0.0004133691
-0.22613627,-0.23810676,-0.27600032,-0.05545487,-0.42957562,-0.36327457,0.028664563,0.009886351,0.07957895,0.13509011,0.0027608443,-0.10309707,-0.3957785,-0.1681573,0.0017631155,0.04787055,-8.64364e-06,-0.020049723,-0.021339834,-0.050731458,-1.3174108,-0.410712,-0.043400638,-2.4422503,-0.048548553,0.01477537,-0.8325503,0.06384372,-0.00028905517,0.0029202527,0,0.0008695492
-1.4750623,-0.27354714,-0.18376492,-0.00723589,0.27049842,-0.50936264,0.028115895,0.010452711,-0.03574357,-0.05355757,0.002152486,-0.014627635,-0.09722521,0.04739589,0.0013763469,0.01497424,-6.685659e-06,0.01366049,-0.022324737,0.02341432,0.29431185,0.51946163,0.16451447,-0.9104557,-0.019310467,-0.024246942,-0.6393464,0.030928342,-0.00027694547,0.0028597396,1,0.055570696
-1.5892768,-0.9290479,-0.12877832,-0.019544495,-0.0725806,0.042686664,-1.5993395,-0.49227622,-0.0008376065,-0.10180192,0.0027812722,0.013151773,-0.054351088,-0.18432684,0.012322911,-0.19464666,-0.0010200533,-0.01525755,-0.05893926,0.0010743676,-0.7591158,-0.42841673,-0.068809815,-1.5845203,-0.045161404,0.015918786,-0.046135385,0.044508215,0.009531354,0.003099145,0,0.00026912664
-0.9078991,-0.013795391,-0.2375091,0.04030458,0.060029205,-0.061081402,0.048438307,0.024336187,-0.08135128,0.023448,0.007029019,0.31387064,-0.049778722,-0.009582797,0.0041142423,0.060240965,-4.9424183e-05,-0.008079073,-0.0008909618,-0.013446912,-0.19754133,-0.4514757,-0.022348698,2.2201033,-0.019848729,0.031383764,0.21301077,0.13491106,-0.00048705217,0.007343122,1,0.754443
-1.2010916,-0.20239502,-0.16742861,-0.025141882,-0.37627903,-0.90881646,0.029710239,0.013324203,-0.08350176,-0.10024152,0.0024083746,-0.33538392,-0.0066691544,-0.108018674,0.0013368691,0.044994563,-8.64364e-06,-0.003918925,-0.010936818,-0.036242135,-1.4791697,-0.7203577,-0.055209506,-1.9811716,-0.054737877,-0.8862105,0.08347737,0.06153151,-0.000678647,0.0042447317,0,0.0002047467
-1.5288416,0.010843862,-0.11817033,0.17964411,-0.19644322,-0.014364105,0.029874383,0.016014421,-0.31777647,-0.73023903,0.005017036,-0.38789323,0.024824325,-0.012069788,0.002626734,0.07839887,-2.2618437e-05,-0.023835275,-0.051903415,-0.0074591115,-1.3297096,-0.17069338,-0.022729775,1.654883,-0.016949497,0.022478895,0.13711578,0.058003914,-0.00019217614,0.004971542,1,0.06323689
-1.5259084,-0.9022647,-0.18936738,-0.025935067,-0.3846485,-0.34861675,-1.5126457,-0.37172115,-0.26225385,-0.5274024,0.0007733125,0.08743093,0.013132092,-0.06848785,0.0073200273,0.037744667,-0.0010200533,-0.005222909,-0.082196005,-0.030123716,-0.72509915,-0.47007218,-0.039169915,-1.4811873,-0.053005632,0.009074051,0.010451131,0.025504384,0.0011598263,0.00224216,0,0.0001503393
-0.8004757,-0.0016479321,-0.06770903,0.063092604,0.09250652,-0.10482451,0.04775778,0.022128712,0.25425407,0.45225194,0.0074481703,0.07357871,-0.001334163,-0.046482626,0.0041999198,0.033959985,-4.9424183e-05,-0.009442624,0.002326038,0.000823269,-0.17217213,-0.14672403,-0.023646027,2.3612614,-0.01653315,0.031889454,0.24055883,0.13122264,-0.00039237103,0.007343122,1,0.9201379
-1.2365308,-0.27405876,-0.3162665,-0.056883097,-0.28375664,-0.33740437,0.04108385,0.023970278,-0.09168838,-0.0022385693,0.0070150113,-0.37886956,-0.1804382,0.013731283,0.003925402,0.048856784,-4.9424183e-05,-0.0014728957,-0.0035319964,-0.01202111,-0.12436566,-0.5937778,-0.046162438,1.9095671,-0.022230135,0.02866613,0.1869709,0.11724852,-0.00029361335,0.007343122,1,0.17298655
-0.8024471,-0.14739001,-0.21638069,-0.026072908,-0.24821626,0.031677313,0.045030672,0.017051283,-0.14638855,-0.24030364,0.006972443,-0.11571126,0.01801025,-0.027372902,0.0037865096,0.08675661,-8.64364e-06,-0.026175268,0.00041069405,-0.030948631,-1.3314279,-0.5688847,-0.024199413,1.8455154,-0.015367957,0.027252715,0.19761181,0.11687433,-0.00024619163,0.007343122,1,0.17448117
-0.8703567,0.02358475,-0.4478874,-0.014024829,-0.16253859,0.037026145,0.024368996,0.009805261,-0.120315224,-0.23920144,0.0025759467,-0.46893594,-0.08930627,0.022742754,0.0013457937,0.034530234,-4.9424183e-05,-0.01662307,-0.0021512932,-0.031464994,-1.1391726,-0.6643968,-0.045541815,-2.4791126,-0.060758892,0.015149797,0.09302677,-0.91529816,-0.00058201014,0.003061155,0,0.00055752497
-0.5350757,-1.1530168,-0.1203226,-0.025090264,0.07299325,0.07470782,0.06411245,0.032642372,0.2099364,0.34839195,0.006604719,-0.3627249,-0.03451169,0.020051919,0.0036183242,0.09885083,-9.558551e-05,-0.07077308,-0.0018384681,0.0044932254,-0.2682674,-0.24168424,-0.028286604,2.1542552,-0.013390296,0.02641249,0.20567775,0.12875229,-0.0017251202,0.0071220826,1,0.6481397
-1.3431207,0.013133155,-0.09270208,0.048624728,-0.08098485,0.0077499854,0.026391797,0.008652104,-0.23562317,-0.55462444,0.0016351717,0.031965412,0.039522864,-0.010417929,0.0010216248,0.050124086,-2.2618437e-05,-0.013397238,-0.103068106,0.011099497,-1.4580774,-0.6588629,0.071800314,-1.5344875,-0.06884726,0.0074189994,0.036704596,-0.7517071,-0.0005711704,0.0022042019,0,0.0014432493
-0.10391449,-0.19376364,-0.36198935,-0.021455944,-0.23507504,-0.11526712,0.040274687,0.015251135,-0.4300946,-0.8719065,0.003857599,0.0742589,0.1380726,0.042771045,0.0027257714,0.083696604,-8.64364e-06,-0.034464672,0.0038333486,-0.029511208,-1.7614665,-0.20396554,-0.024620838,1.6336255,-0.014015796,0.021049311,0.1407159,0.07792574,-0.00023867916,0.0048891553,1,0.10815211
-0.7631184,-0.380002,-0.37373978,-0.04086898,0.29928747,-0.5046574,0.02562115,0.0077186073,-0.21539928,-0.5266401,0.0016415671,-0.05973217,0.06424272,-0.044308748,0.0011139927,0.012521648,-8.643641e-06,0.00092715805,-0.057639603,0.035825506,0.5227812,0.5473081,0.15540056,-0.6141341,-0.017825544,-0.018516693,-0.5549565,0.0069183703,-0.00019395498,0.0021707695,1,0.07732854
-0.8831797,-0.14943038,-0.34215173,-0.019789347,-0.21044189,0.0188677,0.05005139,0.025117336,-0.07372776,0.07090943,0.006954975,0.26795155,-0.031035623,-0.03712799,0.003921484,0.014762094,-4.9424183e-05,-0.007500055,0.005057684,-0.015282825,-0.08621824,-0.48774886,-0.02476179,2.095696,-0.01994527,0.030008227,0.22135761,0.13639593,-0.00041966542,0.007343122,1,0.6398324
-0.7713228,-0.17938168,-0.21704848,-0.027684402,0.26986867,-0.116006754,0.028659133,0.008126051,-0.14661475,-0.31378153,0.0018848955,0.09276678,-0.07726297,-0.020955317,0.0011130923,0.025418408,-6.685659e-06,-0.006656281,-0.039261904,0.035301454,0.66971153,0.6973552,0.15613341,-0.80342156,-0.01581286,-0.009175856,-0.5759266,0.012819155,-0.0001914793,0.0023206142,1,0.2124902
-0.50717926,3.1289606,0.011537573,0.11665216,0.07192389,0.057831787,0.040857967,0.020716386,0.19129911,0.32071984,0.011242454,-0.40274784,-0.065239236,0.051193833,0.005064043,0.06575573,-4.9424183e-05,-0.005658093,0.001953682,-0.012498325,-0.4190449,-0.5900647,-0.021663649,2.2511995,-0.016544757,0.03067582,0.20020737,0.13432552,-0.00041325868,0.007343122,1,0.9908736
-0.7531131,-0.00051255454,-0.12130416,0.09734489,-0.917877,-0.67622954,0.03506941,0.018610206,-0.1503197,-0.16611837,0.008249155,-0.070479654,-0.06159856,-0.019647233,0.0046580043,-0.26460958,-2.2618437e-05,-0.08468193,-0.0048573096,0.0011897503,-0.9859881,-0.39182326,-0.02596316,1.7268798,-0.016898274,0.027442528,0.186208,0.106602795,-0.00039031598,0.007039069,1,0.076981224
-0.8021049,-0.020492377,-0.5743471,-0.029617859,-0.14810954,-0.32873693,0.03476314,0.024096962,0.042135857,0.12488937,0.007037309,-0.5173662,0.22450574,0.09678015,0.0042603672,-0.016819187,-4.9424183e-05,-0.007863786,0.0022216965,0.0037967598,-0.35632297,-0.7193673,-0.049999487,1.9178523,-0.019229056,0.032036055,0.1728435,0.13513088,-0.0004589708,0.007343122,1,0.3203556
-0.9183613,3.5438738,-0.2345111,-0.018515436,0.04466264,-0.017191622,0.038131837,0.015090641,0.045500167,0.21720402,0.01133827,0.1312174,0.051914748,0.03919133,0.0052149906,0.12265806,-8.64364e-06,-0.015615791,0.0020651368,-0.007974076,-0.9471421,-0.24642394,-0.04119349,2.2380555,-0.011386585,0.029319094,0.21649477,0.118415214,-0.00029323337,0.007343122,1,0.9882039
-0.7252676,-0.03964348,-0.30144164,0.033460632,-0.25614935,-0.36665064,0.029058067,0.007155333,-0.13631968,-0.33948454,0.0019863057,0.060275085,0.052613657,-0.033269674,0.0013531467,0.042857386,-8.64364e-06,-0.014630954,-8.114611e-05,-0.050117683,-1.3309315,-0.88277376,-0.04841742,-1.8751523,-0.07306566,0.009339561,-0.55567753,0.04416856,-0.00026778044,0.0023206142,0,0.0011863218
-0.88335365,-0.46975085,-0.020253006,-0.006668289,0.31189057,-0.34684345,0.030907538,0.01185243,-0.007776528,-0.113492206,0.0022342457,0.024428196,-0.16995682,0.003688708,0.0014384781,-0.26026005,-4.044135e-05,-0.025889544,-0.029864417,0.033812504,0.33954167,0.66038954,0.18347566,-0.66966665,-0.017951505,-0.022357496,-0.6394516,0.027459528,-0.00059855444,0.0028597396,1,0.11495033
-1.24392,-0.4033571,-0.27630317,-0.049126554,-0.35937938,-0.6730025,0.025639545,0.009208342,-0.0070237457,-0.008861675,0.002584349,-0.06260925,0.02335484,-0.06790768,0.0017764431,0.026110232,-8.64364e-06,-0.00598835,-0.04176611,-0.03257152,-1.4484819,-0.76670855,-0.044731606,-2.27891,-0.057653304,0.011827055,0.060582563,-0.86892223,-0.00058462634,0.0029794767,0,0.00019846388
-1.1073743,0.062899806,-0.53769326,-0.008901199,0.30922234,0.068656355,0.029403688,0.008484213,-0.19915757,-0.52856296,0.0019534202,0.022300106,-0.08213268,-0.017019749,0.0011084981,0.027526408,-8.643641e-06,-0.009642447,-0.026339388,0.025167434,0.7554005,0.70153993,0.13947652,-0.6103406,-0.017007725,-0.018194806,-0.04230214,-0.49118212,-0.000281739,0.0022042019,1,0.17773858
-0.53128964,-0.31059211,-0.043398824,-0.012718938,0.3398135,-0.35324687,0.031236883,0.011428645,-0.10164222,-0.21124977,0.0022083572,0.0017806396,-0.40585527,-0.10551141,0.0012249873,-0.022224177,-4.044135e-05,-0.004331371,-0.029560283,0.031098988,0.47661373,0.71867085,0.13911705,-0.7510068,-0.013673315,-0.026574366,-0.09051933,-0.5529388,-0.000437269,0.0022949944,1,0.1415751
-0.8764762,3.1739397,0.06450869,0.15579994,0.056601845,0.0034300045,0.02546668,0.015850196,0.07069323,0.030992895,0.0112087885,-0.181283,0.19249175,0.13568965,0.0054458384,-0.003842473,-4.9424183e-05,-0.013612355,-0.0037624787,-0.019144451,-0.3780907,-0.53092116,-0.027777571,2.1989467,-0.013566887,0.030343043,0.1978343,0.12424865,-0.00038055924,0.007343122,1,0.9885809
-0.7425232,-0.03405598,-0.49078804,-0.02043373,0.09632276,-0.74562186,0.03547877,0.020168586,0.2458283,0.3937741,0.0070566605,-0.08839538,-0.06656603,0.030218586,0.0038928958,0.08146864,-8.64364e-06,-0.01810705,-0.011709556,-0.016870633,-1.1413645,-0.55360776,-0.028989527,2.0228055,-0.01644351,0.030009756,0.20213746,0.11384261,-0.00031880394,0.007343122,1,0.3370645
-0.8343287,-0.16712168,-0.52866095,-0.010226376,-0.6135855,-0.11595599,0.020247255,0.0070889993,-0.27974775,-0.5991054,0.0016061651,0.047328744,-0.19770171,-0.5681434,0.0010265603,0.045487866,-8.64364e-06,-0.017587725,-0.0020757061,-0.056738336,-1.2869129,-0.8879194,-0.057010423,-1.4256834,-0.06152541,0.0022187948,-0.5974293,0.021687837,-0.000273582,0.0022062548,0,0.00028871157
-0.18738425,-0.15000775,-0.25829953,-0.04969251,-0.27311158,0.10888988,0.048279557,0.02378512,-0.09241327,0.08023863,0.007148293,-0.36671314,-0.09231309,0.026959585,0.0039369874,0.05789124,-4.9424183e-05,-0.0035643142,-0.0022466008,-0.014664039,-0.36855996,-0.61662096,-0.023168903,2.0553954,-0.018279182,0.030062543,0.19595549,0.13810806,-0.00041966542,0.007343122,1,0.5684517
-0.8916697,-0.2840397,-0.2118315,0.011312906,0.0014300403,-0.26006055,0.022955483,0.0086226,-0.08875018,-0.34158203,0.0024243246,0.055915155,-0.117178865,0.029741807,0.0013421092,0.042244602,-6.685659e-06,-0.015755096,-0.0021172625,-0.03791599,-1.4275355,-0.65439725,-0.02796077,-1.8694426,-0.05362499,0.009443596,0.0476928,-0.7854755,-0.0005375832,0.0023567537,0,0.0010847222
-0.9765372,-0.8261222,-0.14270048,-0.022886276,-1.3072858,-0.8474599,-1.4617501,-0.39848596,-0.025225475,-0.14437562,0.0015683342,-0.21779768,-0.0773268,-0.60673136,0.012310239,-0.048585605,-0.0010200533,-0.012711663,-0.030126693,0.008278852,-0.87105316,-0.43786258,-0.054132417,-1.3605825,-0.03261113,0.012454301,0.007680765,0.05992589,0.0013277669,0.003099145,0,5.6135963e-05
-1.3434716,0.030051703,-0.38420114,-0.0036651413,-0.060871474,0.22507107,0.037188224,0.010604437,-0.050249726,-0.15604146,0.002753365,-0.16553977,-0.09388192,0.033327304,0.0015038231,0.017799418,-9.260577e-06,-0.0118991975,-0.054099824,-0.0050583375,-1.0029693,-0.6949712,-0.10605593,-2.7647765,-0.055878256,-1.0004722,0.10729217,0.06982567,-0.0007114662,0.0043097176,0,0.00060720113
-0.75741124,-0.39308476,-0.2738774,-0.035082534,-0.1386451,0.12330575,0.04724765,0.030010255,0.009121665,-0.075049385,0.0069721537,0.26329577,-0.26029468,-0.06335952,0.0038810258,-0.18603292,-4.9424183e-05,-0.0016448962,0.0045587393,0.0038579504,0.06569314,-0.37419882,-0.029732017,2.0321152,-0.016762475,0.026980864,0.20466296,0.1340788,-0.0006354105,0.0071220826,1,0.5905151
-0.70040286,-0.23675932,-0.214716,-0.02672497,-1.4381893,-0.254078,0.03346585,0.01079817,-0.15056333,-0.3310341,0.0013750872,-0.2638657,-0.15376195,0.0037158122,0.0010928556,0.0024617673,-4.9424183e-05,0.0010096477,0.0034863702,-0.03906205,-0.83325773,-0.51141894,-0.042743467,-1.4326469,-0.06465743,0.008799885,-0.64558434,0.055157576,-0.00033198582,0.0022955863,0,0.00074072863
-0.33365753,3.663853,0.0028604087,-0.030823678,-0.15968691,-0.28301457,0.011978482,0.020770824,0.023775483,0.05588375,0.011024032,-0.57146,0.2455371,0.10883925,0.0050900197,0.031707358,-4.9424183e-05,-0.0559325,-0.05219129,0.003584495,-0.5248283,-0.76311773,-0.023094468,2.1115885,-0.01647455,0.030648647,0.17340165,0.13129345,-0.00033854807,0.007343122,1,0.9788256
-1.0380403,0.08834205,-0.44843867,-0.013255507,-0.03928262,-0.3470158,0.041374106,0.022520037,-0.029176384,0.070172615,0.0074484684,-0.15080652,0.02240311,0.001481649,0.004226287,-0.05803787,-2.516625e-05,-0.01970146,0.0075747054,0.0014420366,-0.17675681,-0.1596216,-0.04401971,2.14081,-0.019972634,0.029924357,0.17943992,0.12957636,-0.00039556128,0.007343122,1,0.5544297
-1.340213,-0.7266592,-0.062246554,-0.015157787,-0.12396124,0.011544475,0.029331181,0.011730096,-0.019943208,-0.07823067,0.0023779387,-0.069221415,-0.28549805,-0.0499133,0.0013427101,-0.2719825,-4.044135e-05,-0.097426616,-0.09773147,0.006788881,-1.2375345,-0.8401509,-0.078158945,-1.768279,-0.039516583,0.005241539,-0.6370449,0.05415319,-0.0006935882,0.00293994,0,0.0004503201
-0.88606745,-0.041321147,-0.09408073,0.059789706,0.016338691,-0.30769703,0.027191682,0.010344047,0.039936803,0.061372817,0.0026360638,-0.011274928,-0.38984,-0.1686119,0.0017433122,0.04481829,-2.2618437e-05,-0.015577995,-0.029044569,-0.069683,-1.3451973,-0.62020934,-0.050041497,-2.2449512,-0.07665566,0.012611685,-0.77786505,0.053063206,-0.00031151267,0.0029202527,0,0.0011274902
-1.3303616,-0.2602895,-0.17977028,0.03693793,-0.09449896,-0.423205,0.023342032,0.009062996,-0.2210811,-0.5921746,0.0018075856,0.032101545,-0.1805044,0.0020068006,0.000999035,0.05548759,-2.2618437e-05,-0.0189488,-0.078442775,-0.03526168,-1.3941361,-0.5953391,-0.039783213,-1.5138323,-0.062094614,0.0069013443,0.022663381,-0.6991856,-0.0005430876,0.0022042019,0,0.0005435163
-0.21576402,-0.81815565,-0.10452636,-0.010009304,0.023249278,-0.31767836,0.029373506,0.016775953,0.07077184,0.12350883,0.0021786077,-0.08192649,-0.0198774,-0.054087855,0.0015538858,0.065034464,-4.044135e-05,-0.063641824,-0.009920101,0.018179856,-1.3585138,-0.56973314,-0.0721301,-1.9500717,-0.050490078,0.010198182,0.05556447,-0.90054965,-0.0009791156,0.0029177177,0,0.002087416
-0.19934997,-0.32185295,-0.3322015,-0.050961606,-0.27419314,-0.36659077,0.027265757,0.008889385,-0.05997839,-0.1476411,0.0026023616,0.06892841,-0.00023152505,-0.08789804,0.0017434034,-0.1262025,-8.64364e-06,-0.017871648,-0.029485172,0.011529475,-1.5577086,-0.9172953,-0.06814483,-2.127503,-0.0614024,0.009982047,0.067847095,-0.9081686,-0.0005780832,0.0029794767,0,0.00058433687
-0.7748914,-0.15264823,-0.27810326,-0.044915278,-0.45928603,-0.4197348,0.022588711,0.009661012,0.008803971,-0.019429132,0.0027003796,-0.0495851,-0.16436125,-0.048003938,0.0016526369,0.02680952,-8.64364e-06,-0.028870242,-0.002479844,0.019107765,-1.3199413,-0.46364063,0.06849904,-2.2652676,-0.04422739,0.011969033,0.07292591,-0.84558105,-0.0004978413,0.0029794767,0,0.0008043048
-0.8193956,-0.21137072,-0.26283726,-0.0335273,0.257702,-0.10426225,0.027902,0.009981278,0.0667357,0.12502912,0.002903043,-0.09433579,-0.013360038,-0.01843182,0.0017438711,0.033953737,-6.685659e-06,-0.26647902,-0.110902004,0.024299392,0.56763047,0.63916695,0.1317469,-1.5475618,-0.016179152,-0.027866617,-0.055000305,-0.7368904,-0.00029909937,0.0029794767,1,0.0818196
-0.79508394,-0.023151858,-0.16739158,0.035015017,-0.059094958,0.07699807,0.05276842,0.019245245,0.23563634,0.51710886,0.007643409,-0.16542655,-0.067570955,0.031676106,0.00421124,0.075403444,-1.322949e-05,-0.012425657,-0.0034604478,-0.0049877097,-0.1864029,-0.32605913,-0.022840304,2.4032483,-0.013974726,0.029546572,0.23815973,0.1255977,-0.0003693768,0.007343122,1,0.88292253
-0.52599674,-1.0426373,-0.13474637,-0.019971848,0.02328452,0.018866558,0.052280135,0.03021284,0.19736296,0.42004597,0.006676669,-0.36903596,-0.012964095,0.04320957,0.0038414153,0.085439436,-9.558551e-05,-0.006103587,0.011184972,-0.0038257334,-0.2791574,-0.25873762,-0.02472436,2.1568491,-0.011932002,0.025793971,0.19413057,0.11581823,-0.0017271093,0.0071220826,0,0.6702945
-0.80833554,-0.19917716,-0.33025578,-0.020431327,-0.6369836,0.05422918,0.01966262,0.009725976,-0.05286022,-0.20700444,0.0029032638,-0.04117051,-0.08212261,0.0025450625,0.0016154699,0.029401658,-8.64364e-06,-0.029360238,-0.0046340055,-0.049002957,-1.4011855,-0.64666283,-0.06835908,-2.2796376,-0.05065861,0.015221171,0.08510121,-0.8147558,-0.00058215065,0.0029794767,0,0.0005579122
-1.4449047,-0.15931231,-0.14398374,0.043441202,-0.040046252,-0.29147536,0.027125414,0.012326647,-0.07471596,-0.025738128,0.0025133004,-0.023623059,-0.12288272,0.00741207,0.0013525467,0.022748273,-2.2618437e-05,-0.026458938,-0.05980823,-0.028443605,-1.1395619,-0.4807006,-0.05257263,-2.2836342,-0.056275487,-0.9720244,0.09225407,0.04483512,-0.0005839691,0.004005665,0,0.0007766785
-1.1547076,-0.6970708,-0.059690885,-0.014622828,-0.10837827,-0.014090706,-1.5085636,-0.45509544,-0.032446742,-0.11208324,0.0025121188,-0.06653045,-0.29235944,-0.05435492,0.009641896,-0.19474111,-2.4539833e-05,-0.08293233,-0.08297893,-0.0034644108,-1.2470773,-0.45779002,-0.062147558,-1.7068063,-0.03184705,0.007987786,0.06547808,0.051462427,0.0034484223,0.0030132602,0,0.00025165375
-1.4403676,-0.23995504,-0.14604558,0.04021647,-0.049680218,0.19359593,0.026098326,0.0076938937,-0.25784382,-0.6354513,0.0018442605,-0.0027092688,-0.13970838,0.0003819502,0.0010209145,0.05783927,-8.64364e-06,-0.021198183,-0.107817695,0.009299579,-1.4291598,-0.8248135,0.0736655,-1.5378405,-0.048963968,0.007244836,0.042888504,-0.72447705,-0.00045327388,0.0022042019,0,0.000797325
-0.58188397,3.0252967,0.09138684,0.07820589,0.035078105,0.02697383,0.03660566,0.019057063,0.22298259,0.41733018,0.011719584,0.10759386,-0.05222078,0.022045981,0.0053373827,0.06958211,-4.9424183e-05,-0.009184817,0.0034129003,-0.007148192,-0.20040432,-0.17302597,-0.021236464,2.443469,-0.013119871,0.033376146,0.23399825,0.12950979,-0.00037280674,0.007343122,1,0.9974541
-1.203709,-0.20458843,-0.32545486,-0.04839308,0.13423185,-0.44233546,0.040290095,0.024077296,-0.07766767,-0.01595822,0.0069451695,-0.3136221,0.014084842,-0.03753672,0.0038923786,0.0653283,-4.9424183e-05,-0.00059704273,-0.00068757683,-0.011001515,-0.18604323,-0.5498896,-0.029559229,1.8950139,-0.021395432,0.030383488,0.17532492,0.13293561,-0.0004139643,0.007343122,1,0.28292522
-1.0767287,-0.26210967,-0.17277503,-0.014868241,0.017255265,-0.057526108,0.028600335,0.007223726,-0.24019548,-0.6120406,0.001768813,0.04431154,-0.12522538,-0.0029306805,0.0010516611,0.058794327,-8.64364e-06,-0.00424026,0.0022860828,-0.041367482,-1.5373107,-0.90592545,-0.05706488,-1.3785443,-0.051774766,0.0071560233,-0.51269436,0.021759747,-0.0002873976,0.002110256,0,0.0010559614
-0.8953243,-0.30419815,-0.19548728,-0.023658808,-0.094014764,0.0011333578,0.027975153,0.00966335,-0.08467193,-0.3210345,0.0023605055,-0.17150095,-0.0196573,-0.026415631,0.0013531543,0.058159135,-1.322949e-05,-0.07146264,-0.011327684,-0.013361857,-1.1313461,-0.7796836,-0.07494921,-2.4348228,-0.04921627,0.007886909,0.06251663,-0.80914426,-0.00073086884,0.0026509794,0,0.0006556204
-0.80128324,-0.13741624,-0.20559956,-0.01844143,0.12598212,0.09360336,0.046006836,0.02484977,-0.0749153,0.08824311,0.007010869,-0.37988752,0.024446623,0.0011841543,0.003975605,0.07386902,-4.9424183e-05,-0.006883751,-0.018950976,-0.013674643,-0.15099293,-0.5546693,-0.022960788,1.9522356,-0.018678954,0.03095842,0.21262647,0.13823,-0.0004139643,0.007343122,1,0.60701936
-0.25526148,-0.48046353,-0.26088402,-0.011973645,0.3101938,0.17272562,0.029312788,0.0082649,-0.09950599,-0.21395032,0.0023605044,0.07362569,-0.07008332,-0.0078134425,0.0013316708,0.028054673,-8.643641e-06,-0.022109307,-0.032285493,0.03782903,0.49118295,0.72429276,0.17044725,-0.99173903,-0.015567386,-0.022167457,-0.5532273,0.00867902,-0.0001914793,0.0023206142,1,0.27536777
-0.8607082,-0.029854573,-0.38269848,0.0015363665,-0.059083898,-0.00565866,0.026358632,0.008701038,-0.17968589,-0.5304533,0.00194063,0.07069194,-0.109463826,-0.021931976,0.0011103763,0.042124927,-6.685659e-06,-0.017214263,-0.017728047,0.028878298,-1.6261543,-0.6217203,0.0989533,-1.6121184,-0.046184026,0.010565202,-0.020144057,-0.76150715,-0.0004804809,0.0022042019,0,0.0013576024
-1.0023494,-0.42749858,-0.2750124,-0.007175679,0.28347945,-0.5531963,0.02413754,0.008321214,-0.117846414,-0.28000098,0.001638631,0.0538578,0.015810404,-0.018524975,0.0011216209,0.018976746,-6.685659e-06,-0.006535602,-0.02462323,0.019338572,0.42200464,0.43124384,0.14528757,-0.8385175,-0.016833588,-0.026940802,-0.6942264,0.023253102,-0.00019018808,0.0023206142,1,0.055743724
-1.5257376,-0.76891965,-0.06986647,-0.026360195,-0.105248526,-0.0019857713,-1.5687419,-0.44874832,-0.054887213,-0.14872701,0.002277279,-0.059354447,-0.30827287,-0.043307032,0.009410225,-0.32109928,-4.044135e-05,-0.077258684,-0.06781654,-0.005742464,-1.3563377,-0.6031684,-0.07535466,-1.4174932,-0.0314277,0.009281258,0.06348103,0.028762741,0.0034484223,0.0030132602,0,0.00012879276
-0.83239925,0.0030550105,-0.36053574,0.0010050822,-0.3114185,-0.16442874,0.021256782,0.009211751,-0.25240353,-0.6720672,0.0016987585,0.08656054,0.023867302,-0.088526994,0.0011564845,0.018217726,-6.685659e-06,-0.010945897,-0.000543871,-0.03712236,-1.737023,-0.90071684,-0.041525263,-1.3530862,-0.07367694,0.008921099,0.04287758,-0.64057595,-0.0005657355,0.0022042019,0,0.0007107479
-0.8129977,-0.06838937,-0.34148255,0.059062593,-0.07446005,-0.47159928,0.0418177,0.021338211,-0.09559159,-0.03001497,0.0069824625,-0.5077753,-0.12608235,-0.30399925,0.003974876,-0.23934765,-2.516625e-05,-0.057994667,-0.10827678,0.0033900745,-0.34418547,-0.607897,-0.02447081,1.8856272,-0.016598571,0.026732583,0.1618295,0.14048584,-0.00040908737,0.007343122,1,0.13424209
-0.9735085,-0.046544902,-0.30723473,-0.02613253,-0.116902344,0.048866283,0.03626608,0.022648197,0.066847876,0.09959154,0.0074152644,-0.10913383,0.011479825,-0.06395167,0.0042464575,-0.047454674,-2.516625e-05,-0.014077211,-0.01829875,-0.00014699665,-0.20863281,-0.17447218,-0.022658795,2.2261379,-0.014928375,0.029539825,0.23220883,0.12905292,-0.00026517268,0.007343122,1,0.68704236
-0.78969896,-0.237956,-0.21081482,-0.014680725,-0.042784255,-0.35005915,0.031031154,0.008583243,-0.05941622,-0.34119353,0.0025359131,0.113138616,-0.097143695,0.011981714,0.0013228687,0.05201653,-1.322949e-05,-0.0023332862,0.0011093272,-0.03325386,-1.0774028,-0.5289092,-0.04657565,-2.3558164,-0.054798774,0.00974228,0.060815584,-0.90872455,-0.00073864503,0.0026509794,0,0.0010600989
-1.3367314,-0.555346,-0.10492282,0.0014099093,-0.03823952,0.14848286,0.030619873,0.01246459,0.074422814,0.12581852,0.0021893864,0.0354499,-0.0046347105,-0.014850428,0.0012868238,0.051144335,-2.4539833e-05,-0.0068776472,0.0003964401,-0.03348175,-1.2509928,-0.7992198,-0.04492596,-1.9509699,-0.041053504,0.007173682,-0.6977809,0.06023389,-0.0006898213,0.00293994,0,0.0018009149
-0.12588088,0.07550825,-0.4092848,-0.014502235,0.110344574,-0.08167275,0.053034216,0.01988779,0.2692986,0.4478443,0.0075066057,-0.12470344,-0.0204803,-0.06614612,0.004254062,0.06390333,-1.322949e-05,-0.005505137,-0.02100281,-0.0022697097,-0.18067387,-0.27543405,-0.027934693,2.4230273,-0.014585718,0.031730805,0.254462,0.13147923,-0.00039709487,0.007343122,1,0.9267762
-1.4439585,3.404066,0.15242234,-0.0071846163,-0.07557773,0.3195691,0.034456413,0.018992959,0.18724999,0.38996813,0.0113768075,-0.21696162,-0.034988727,0.039890964,0.0052256286,0.06127938,-2.516625e-05,-0.017301925,-0.028793262,0.00076514744,-0.3419145,-0.12886126,-0.025836965,2.3533137,-0.012628466,0.028978154,0.22803105,0.1260943,-0.00029165126,0.007343122,1,0.99359185
-0.80361223,-0.06554017,-0.6658893,-0.03236296,0.2674131,-0.035596404,0.05155969,0.019700808,0.20903067,0.4137905,0.0075066057,-0.23809585,-0.2442601,-0.5980448,0.004254062,0.063114256,-1.322949e-05,-0.012675652,-0.020707428,-0.013043227,-0.23623797,-0.42252615,-0.036753662,2.2861912,-0.014601755,0.030284723,0.21263182,0.12884098,-0.00039709487,0.007343122,1,0.5671807
-0.25560716,-0.18591413,-0.35890782,-0.00929093,-0.05481628,-0.0128600085,0.034453105,0.009382968,-0.29700053,-0.6462284,0.001730469,0.07407608,0.027861472,0.0011887415,0.0010384878,0.04603713,-1.322949e-05,-0.01581076,0.012540529,-0.032842062,-1.0909647,-0.5721741,-0.07358725,-2.1497457,-0.04934701,-0.847854,0.082734615,0.057760026,-0.00059034,0.002619668,0,0.0018456428
-0.8422794,-0.158576,-0.18069097,-0.0046803528,-0.10327891,0.030732624,0.024087153,0.01300175,0.078870274,0.21113199,0.0025781307,-0.123371564,0.0036648922,-0.042422455,0.001527061,0.054363366,-2.516625e-05,-0.011551027,0.0027976455,-0.026861444,-0.914639,-0.64678437,-0.03318996,-2.6891384,-0.060022578,0.014198168,0.105639905,-1.0113302,-0.0006738076,0.003061155,0,0.0018424531
-1.4489136,-0.20388652,-0.33911568,-0.021040145,-0.07941633,0.28756642,0.026710596,0.008110679,-0.27107385,-0.619801,0.0018446322,-0.030225007,-0.12757589,-0.00539657,0.001010946,0.050097574,-8.64364e-06,-0.020907873,-0.12941179,0.014113449,-1.4604979,-0.926565,0.07961521,-1.4169838,-0.05696119,0.008724055,0.052687783,-0.6437975,-0.00027192553,0.0022042019,0,0.00070253416
-0.82489395,-0.14312088,-0.17255908,-0.0050375243,0.01251719,0.048573077,-1.1080688,0.07401819,0.077506535,0.16137925,0.0034850012,0.017761596,0.0658233,-0.005089494,0.004707232,0.055970497,-6.685659e-06,-0.012885903,0.0028799728,-0.048688803,-1.3014667,-0.52827924,-0.037434105,-2.255541,-0.05077879,0.0120562585,0.019994056,-0.7117079,-0.001259974,0.0021827165,0,0.00130674
-1.7274683,3.215026,0.003847632,0.08010788,-0.022461196,0.016547648,0.044186313,0.016547458,0.2025871,0.41574052,0.010419293,0.0873271,-0.073884524,0.0047989762,0.0045082737,0.07859839,-1.322949e-05,-0.01192485,-0.034971815,0.022488233,-0.18711266,-0.13395447,-0.021502012,2.247684,-0.0128999,0.0327628,0.22709729,0.10542896,-0.00037056737,0.007343122,1,0.99010265
-1.3217539,0.006362027,-0.5268912,-0.013776144,-0.30773708,-0.08854455,0.025771027,0.009246971,-0.2749797,-0.66311777,0.0018326304,0.011413493,-0.13288881,-0.012732098,0.0010112084,0.039442316,-2.2618437e-05,-0.020588221,-0.07163099,-0.035697706,-1.6769105,-0.6008293,-0.04181443,-1.5065657,-0.07074434,0.010085493,0.04899233,-0.6974502,-0.00066633895,0.0022042019,0,0.00037063262
-0.18751775,-0.14824465,-0.15415522,0.038609233,-0.018767325,0.018019754,0.030692965,0.012218273,-0.086690135,-0.071235724,0.0028224452,-0.07158995,-0.10693611,0.014426826,0.0015529556,0.049226165,-2.2618437e-05,-0.02183407,-2.848485e-05,-0.052444194,-1.275205,-0.53036714,-0.067105696,-2.3972557,-0.055000536,-0.91949207,0.09870466,0.08479196,-0.0005839691,0.004005665,0,0.0030173555
-0.8133557,-0.18116222,-0.31202185,-0.008763547,-0.14897096,-0.31018665,0.026875593,0.010583838,-0.15061212,-0.53777844,0.0017207168,0.09361588,0.03079305,-0.026515191,0.0010289265,0.05131493,-4.9424183e-05,-0.010762794,0.0071926387,-0.032499056,-0.96126735,-0.54017085,-0.04735277,-2.2902193,-0.06768356,0.009458182,0.05693593,-0.8704623,-0.0005830563,0.002392764,0,0.00090249046
-0.8469984,-0.13158281,-0.34216774,-0.01891881,0.06331924,0.036432996,0.04763609,0.02469781,-0.08685059,0.10371496,0.007332826,0.1747751,-0.015631484,0.017830316,0.0042099827,0.081135504,-1.322949e-05,-0.008777945,0.015046191,-0.01298025,-0.05338864,-0.3176412,-0.023188274,2.3142786,-0.018850107,0.03111095,0.24120392,0.12797311,-0.00037400206,0.007343122,1,0.80685914
-1.098652,4.264219,-0.05132594,-0.020035587,-0.08532716,-0.12022446,-1.1390498,0.118911356,0.115273,0.22404522,0.023182955,-0.10441834,0.13632025,-0.0483786,0.028977383,0.11263477,-2.2618437e-05,-0.014135312,-0.09941428,0.0037768034,-0.6619435,-0.26483136,0.032197747,1.9699014,-0.012988076,0.019800749,0.121269085,0.10161893,-0.002620394,0.004204396,1,0.9724018
-0.7453141,0.038456354,-0.6797412,-0.018187432,-0.30302632,-0.0037224293,0.048047654,0.018074999,0.13474931,0.2612183,0.008318598,-0.13081345,0.059608195,-0.03408681,0.005424024,0.13328274,-8.64364e-06,0.030964302,0.02274478,0.007196636,-1.0071175,-0.05274199,-0.045672312,2.0465171,-0.013405878,0.027725404,0.20145576,0.1218607,-0.00030013744,0.007039069,1,0.5368331
-0.13493915,-1.3042421,-0.11417747,-0.018746758,-0.02082579,0.04205068,0.050474837,0.03253606,0.211702,0.34413654,0.006604719,-0.5840615,-0.03518691,0.044030588,0.0036186853,0.09887793,-9.558551e-05,-0.077526934,-0.015355156,0.004986968,-0.32966536,-0.26444116,-0.030482441,2.1025834,-0.013385715,0.025450362,0.20136173,0.12757865,-0.0017251202,0.0071220826,1,0.59080863
-0.9332802,-0.0025764795,-0.14711545,0.08750182,-0.8210951,-0.34745786,0.033885904,0.024287887,0.051880118,0.14823051,0.007155344,-0.20279913,-0.93232316,-0.44334954,0.0036397625,-0.040799648,-2.516625e-05,-0.01031102,-0.013910656,-0.009186617,-0.21168394,-0.71049374,-0.0073248665,1.6986295,-0.01975422,0.029073846,0.20695214,0.12639779,-0.00049329794,0.007343122,1,0.08166417
-0.7193789,-0.23876402,-0.33829844,-0.013658739,-1.404872,-0.45860732,0.026490021,0.025827501,-0.15199254,-0.13182063,0.0069879545,0.040836565,-0.0413918,0.0058809407,0.0036657357,-0.07049517,-4.9424183e-05,-0.014668183,-0.042534146,0.0039637564,-0.075894915,-0.504665,-0.030053947,1.7105279,-0.019977441,0.02819954,0.19581808,0.125435,-0.0004139643,0.007343122,1,0.11229519
-1.3925871,-0.21215671,-0.15525469,-0.01290919,-0.10035156,-0.45415556,0.024244817,0.007522378,-0.2791417,-0.7159959,0.0017530645,0.05960701,-0.17310604,-0.019886188,0.00093013805,0.044541277,-1.322949e-05,-0.02436256,-0.07049632,-0.025069918,-0.92111284,-0.7241451,-0.042000953,-1.7181761,-0.05656855,0.006788902,-0.7159792,0.019789658,-0.0002907483,0.0022062548,0,0.0004818844
-0.6668333,-0.59612775,-0.32999477,-0.035493128,0.029108029,-0.49200115,0.04181042,0.024186436,-0.08791257,-0.049375962,0.0072488417,-0.07738115,-0.01676448,0.023656221,0.0040318305,-0.123272754,-2.516625e-05,-0.075125776,-0.075788096,-0.0064092204,-0.24246164,-0.04639068,-0.02775494,2.0920932,-0.014622316,0.024945324,0.20561293,0.13399152,-0.0005333415,0.0071220826,1,0.41061836
-1.1576879,-0.44913867,-0.3867822,-0.008364533,0.30883136,-0.21153262,0.024938265,0.009432529,-0.18365052,-0.44132,0.001720346,0.043578286,0.013754185,-0.014774914,0.0011220376,0.041420758,-8.643641e-06,0.0029257254,-0.059109643,0.025781121,0.71661943,0.63439363,0.1376015,-0.6870142,-0.021693917,-0.016525473,-0.042554487,-0.41995317,-0.00025592314,0.0022042019,0,0.106501214
-1.518946,0.076106206,-0.81434345,-0.0055811033,0.27063403,-0.012680986,0.02776016,0.009479368,-0.06609852,-0.12330378,0.0024104733,-0.057023652,-0.10941526,-0.16422428,0.0014698494,-0.3538519,-8.643641e-06,-0.20153652,-0.043085817,0.02179567,0.478442,0.4671492,0.17762943,-1.024102,-0.015495292,-0.046184983,-0.8992589,-0.026497731,-0.0002463974,0.0029202527,1,0.019132772
-0.15515932,4.1347694,0.16087356,-0.005484495,-0.10863577,-0.3634773,0.041475825,0.014291873,-0.09320402,0.019360127,0.011719171,-0.11969506,-0.11244818,0.048373036,0.0053537674,0.050807673,-8.64364e-06,-0.01154318,-0.0091996025,-0.015887383,-1.0279087,-0.03728976,-0.022260748,2.115519,-0.013135263,0.027284807,0.19065441,0.11455319,-0.0002479701,0.007039069,1,0.99227506
-0.089750886,0.02057991,-0.28315952,-0.0204562,-0.09661117,0.05964886,0.032887004,0.019185286,-0.111538745,0.061697546,0.0070938324,0.10344142,0.11287937,0.04456016,0.004483557,0.044038627,-8.64364e-06,-0.02750899,0.0012711808,-0.024812132,-1.2229532,-0.45423853,-0.023572542,2.0845532,-0.016294615,0.030138385,0.21959388,0.11532773,-0.00027716748,0.007343122,1,0.6471634
-0.67647815,0.07555413,-0.11812208,0.1347419,0.11764193,-0.05094347,0.053555932,0.01876416,0.033331085,0.07694743,0.0075029167,-0.11536677,-0.07250257,-0.13101159,0.00425208,-0.22859938,-1.322949e-05,-0.036686845,-0.056310333,0.024368986,-0.17836152,-0.1121826,-0.028808353,2.2276893,-0.0148380045,0.029163823,0.22975442,0.13430637,-0.00038765883,0.007343122,1,0.796305
-1.2736562,0.02675236,-0.050005384,0.06293838,0.07953521,-0.44442573,0.04337014,0.02011161,0.21773417,0.49698228,0.007434421,-0.12660947,0.06118778,-0.024564615,0.004320899,0.03270749,-1.322949e-05,-0.006360121,-0.0028504916,-0.0058281077,-0.10946028,-0.4588186,-0.023338256,2.3178253,-0.017324809,0.03081789,0.21008082,0.12013861,-0.00039693015,0.007343122,1,0.7693563
-0.9964829,-0.6251521,-0.15233257,-0.0134343635,-0.57358325,-0.3600292,0.023486195,0.012138111,-0.056245282,-0.19604523,0.0023776912,0.04133046,-0.07747853,0.009203725,0.0012409817,0.053173054,-4.044135e-05,-0.0033583723,-0.0070957327,-0.04135519,-1.4079043,-0.8154829,-0.053272873,-1.7706057,-0.0560088,0.007642642,0.03862354,-0.6289309,-0.00075341697,0.0026509794,0,0.00048316325
-0.20803607,0.015105165,-0.4067612,-0.017899577,-0.34252903,0.030875182,0.031461313,0.010328474,-0.13303725,-0.7103307,0.0019558396,0.06003789,-0.10957628,0.01819368,0.0011355804,0.039676584,-8.64364e-06,-0.016361848,0.0047492543,-0.04644984,-1.3495373,-0.7280173,-0.050279547,-1.7093478,-0.062621035,0.011946404,0.080780774,0.05212419,-0.00031039343,-0.20783834,0,0.003231678
-1.5119966,-0.74141836,-0.15035015,-0.021389896,-0.16369656,0.00092228793,-1.6211021,-0.36473483,-0.22195318,-0.5455264,0.0017441204,0.084160246,0.002526589,-0.028802618,0.007716013,0.04890363,-9.558551e-05,-0.0052899197,-0.08202801,-0.031474996,-0.72990185,-0.4876558,-0.044774532,-1.6682953,-0.045374937,0.010476921,0.031583585,0.020726576,0.0025378442,0.00224216,0,0.00026295386
-1.3102846,-0.8621793,-0.17712298,-0.013398693,-0.33204475,-0.29499364,0.029608818,0.016787743,-0.0027518268,0.07084906,0.0021794555,0.04338714,-0.18760414,-0.03501062,0.001583978,0.04437584,-4.044135e-05,-0.0026572254,0.0048403568,-0.06801608,-1.6591693,-0.59712327,-0.041220434,-1.783091,-0.042848736,0.009849636,0.039347574,-0.8544666,-0.000978815,0.0029177177,0,0.00033864367
-1.0582783,-0.968988,-0.09093151,-0.012436498,-0.16429244,0.06405321,0.05975735,0.043923352,-0.054633595,-0.10503771,0.0066039637,0.16072334,-0.37173027,-0.17428729,0.003815567,-0.185777,-0.0002463661,-0.0009584294,-0.005779682,0.002224776,0.27543536,-0.23993415,-0.030280732,2.056247,-0.014204423,0.022182606,0.18815424,0.12426632,-0.0017263434,0.0071220826,1,0.38794407
-0.81772107,3.0784447,-0.19667579,-0.03163086,-0.06278796,0.022119414,0.019448483,0.018823422,0.066710286,0.04261985,0.011097554,-0.07139208,0.22955574,0.1166367,0.005154698,0.021320924,-4.9424183e-05,-0.013542482,-0.02229169,-0.019098606,-0.4298254,-0.49753726,-0.027210385,2.1708975,-0.013252644,0.030464422,0.17310375,0.12446338,-2.281509e-05,0.007343122,1,0.98100156
-1.2417178,-0.18558681,-0.24286926,-0.021367954,-0.25651753,-0.29665977,0.041490525,0.03006459,0.14054866,0.29280627,0.006668933,0.2727893,-0.03720824,-0.07141704,0.0038536154,0.04086916,-4.9424183e-05,0.0018368413,0.0018712126,-0.011036756,-0.036436934,-0.5372345,-0.023682592,2.0690773,-0.021173704,0.028070638,0.19915143,0.12880395,-0.00045848102,0.0071220826,1,0.57215774
-0.7461605,-0.16600765,-0.28220326,-0.013457187,-0.023248592,-0.22330724,0.027271593,0.009707627,-0.022941131,-0.09497809,0.0025231638,-0.046721064,-0.24333493,-0.0635786,0.0014686876,-0.20533073,-8.64364e-06,-0.02058462,-0.08038621,0.0134609835,-1.197432,-0.62440026,-0.07661081,-2.082289,-0.056068927,0.009988515,-0.7588916,0.0519362,-0.00029651698,0.003000453,0,0.0010069453
-1.1242898,-0.5686631,-0.13585246,-0.01183369,-0.10262486,-0.055889897,0.038598586,0.019062184,-0.06883866,-0.069810234,0.002532231,0.112877555,-0.06853882,0.015605369,0.0013870475,0.04539882,-9.558551e-05,-0.0027352066,-0.0029944822,-0.02939895,-1.1131905,-0.54030466,-0.03964827,-2.3748517,-0.03128481,0.013539382,0.071685664,-0.89449614,-0.0020264592,0.002999396,0,0.0010021247
-0.52831906,-0.0044497685,-0.12684873,0.0648894,-0.25874594,-0.45772898,0.030257313,0.011597502,-0.07444675,-0.122104466,0.002560162,-0.022001551,0.0059605744,0.05037083,0.0017084619,-0.08930791,-8.64364e-06,-0.054773238,-0.06629487,0.002885569,-1.2994591,-0.6501468,-0.05775527,-2.299229,-0.0723038,0.011634347,0.08979501,0.06356538,-0.0005580498,-0.35063255,0,0.002043922
-1.5180744,-0.2292358,-0.19784433,-0.014318735,0.023010463,-0.045432646,0.02829302,0.0072848685,-0.17993046,-0.5038399,0.0018055185,0.043280914,-0.14202055,-0.011470255,0.001010633,0.048810706,-8.64364e-06,-0.03430563,-0.07251163,-0.036469202,-1.4531183,-0.58397377,-0.047885165,-1.5288061,-0.049611352,0.009373855,-0.6351047,0.011611461,-0.0002524191,0.0021707695,0,0.00082565314
-1.4121222,-0.78491676,-0.04883764,-0.016143555,-0.82305557,-0.040218823,0.023071187,0.019705521,-0.088284,-0.10085212,0.0019952385,-0.07495125,-0.03127248,-0.07851727,0.0012034642,-0.2576043,-4.044135e-05,-0.088880226,0.020928128,0.008733596,-1.4120659,-0.62589157,0.08632034,-1.5166101,-0.029825412,0.007672281,0.07121006,0.046386335,-0.00090511545,-0.33958405,0,0.0005671586
-0.6223849,-0.09938095,-0.34694538,-0.018696776,-0.07984984,0.0945162,0.04790932,0.023064632,0.2485066,0.5052028,0.0076494245,-0.045482848,-0.05492593,0.019088505,0.0041967654,0.07738082,-4.9424183e-05,-0.013599948,0.02945838,-0.011786696,-0.17401582,-0.20964007,-0.032438904,2.348822,-0.01565424,0.032808673,0.24162443,0.13288938,-0.00037921342,0.007343122,1,0.89131874
-0.118173696,0.004037788,-0.18241285,0.06463467,0.032382134,-0.015656061,0.04588531,0.023087462,-0.086333394,0.057829052,0.0071438067,-0.53319895,-0.09485471,0.0013417513,0.003906771,0.05231271,-4.9424183e-05,-0.024539836,-0.010457622,0.005446157,-0.53905725,-0.62353474,-0.024291731,2.089479,-0.01733852,0.029813716,0.1986305,0.14239432,-0.00041077402,0.007343122,1,0.6234951
-0.94471055,-0.3046291,-0.18339013,-0.031005917,-0.9011324,0.033650033,0.059828047,0.035664417,-0.16829272,-0.3748274,0.0052967863,0.15765788,-0.10424698,0.016035965,0.0023618613,0.06277888,-4.9424183e-05,-0.0013686264,0.00095765805,-0.01456163,0.048240792,-0.47650516,-0.024448585,1.9083693,-0.017276699,0.019789722,0.17700095,0.108869635,-0.00045554392,0.004750503,1,0.28975043
-0.46345845,-0.01456382,-0.5615889,-0.008846592,0.23459318,-0.9586179,0.037648264,0.009612656,-0.18903185,-0.29390776,0.0017703528,-0.076268025,-0.08852599,0.006193448,0.0011174339,0.009782279,-8.64364e-06,-0.034558564,-0.02775182,0.020313084,0.23540437,0.42251027,0.124054745,-1.222569,-0.0171629,-0.9745402,0.017245647,0.004188701,-0.0002882813,0.0025372817,1,0.02197427
-0.6692361,-0.18889417,-0.5912337,-0.021640439,-0.27029628,-0.038546342,0.03837866,0.009693792,-0.10181144,-0.07064603,0.0026439074,-0.12147014,-0.16214733,-0.63507825,0.0015172361,0.034456186,-8.64364e-06,-0.0075793155,-0.0005289607,0.01818435,-1.2520176,-0.5029933,-0.10437891,-2.3099308,-0.04928114,-0.93593717,0.08536411,0.07508986,-0.0006107419,0.004005665,0,0.00042803315
-0.8089364,0.018883372,-0.0683262,0.06643323,0.13475123,-0.5038727,0.053531926,0.013713803,-0.28245285,-1.0535247,0.0034179704,0.13028333,-0.0623201,0.069442965,0.0020281486,0.016208079,-1.322949e-05,-0.014648262,-0.0044740997,-0.011780559,-0.20955521,-0.577987,-0.028644409,1.997676,-0.01713404,0.021450475,0.15900035,0.0956942,-0.00029859104,0.004971542,1,0.29997253
-1.4648465,-0.1980793,-0.27570584,-0.024822846,-0.21943218,0.028698938,0.026080385,0.011515678,-0.07518338,0.0358929,0.002708142,-0.09324077,-0.09025715,0.01698452,0.0013775666,0.030375952,-9.260577e-06,-0.009617875,-0.0056650243,-0.031136606,-0.96035093,-0.56512994,-0.041718327,-2.3891919,-0.052019328,0.010169777,0.10050939,-0.9311881,-0.00059090153,0.003061155,0,0.0007828694
-0.5105757,-0.20017308,-0.3045741,-0.011982555,0.022090098,0.042123124,0.027226446,0.00838425,-0.26768476,-0.65960187,0.0017686529,0.050598968,0.025291385,0.008034594,0.0011210691,0.049514685,-8.64364e-06,-0.031897232,0.0074622673,-0.050056435,-1.4614453,-0.82525665,-0.049249243,-1.6049554,-0.062100098,0.01029335,0.04976503,-0.71829486,-0.00053897436,0.0022042019,0,0.0015883589
-0.13456699,-0.005004559,-0.084416255,0.06684365,-0.18336734,-0.3274495,0.04952877,0.015724188,-0.100076996,-0.6485799,0.006822467,0.14336258,-0.14387883,0.0416241,0.0036162667,0.019603973,-4.9424183e-05,-0.015493352,-0.009746157,-0.013181171,-0.3254667,-0.19773005,-0.025774857,2.2870066,-0.016486926,0.024517087,0.18968466,0.11770688,-0.00037926307,0.0061393166,1,0.6790883
-0.8743712,-0.31324655,-0.2003674,-0.010144734,-0.059785772,0.026362427,0.023814294,0.011372705,-0.048272315,0.0092121065,0.0024895668,-0.055289842,-0.08963433,-0.0005668427,0.0014495722,0.0519156,-6.685659e-06,-0.07294334,-0.0023735655,0.009470688,-1.2665374,-0.8952688,-0.061668687,-2.079566,-0.05184271,0.010709911,-0.722749,0.057401866,-0.00037044886,0.00293994,0,0.0013737809
-0.21429412,-0.2814426,-0.24653177,-0.04456428,-0.2045015,-0.31274343,0.02626232,0.0073465183,-0.16379507,-0.36327952,0.002008884,-0.017839247,-0.030217139,-0.12361257,0.0011628624,0.04416931,-8.64364e-06,-0.0079737855,0.0073145255,-0.05937779,-1.345548,-0.82690585,-0.053566054,-1.7125907,-0.06355263,0.008329282,-0.5817302,0.04383098,-0.00025098838,0.0023560994,0,0.0014974503
-0.20185176,-0.4077206,-0.19365712,-0.018410971,-0.025262916,-0.07733415,0.025926724,0.012451611,0.09022598,0.13289945,0.002431012,-0.0791626,0.03719165,0.028614182,0.0014982002,0.025512319,-8.64364e-06,-0.1005398,-0.010753216,0.01760665,-1.390883,-0.5834142,-0.07434492,-2.2156818,-0.05067391,0.009806911,0.068914086,-0.94330376,-0.00073072617,0.002999396,0,0.002708615
-0.7855324,-0.1371194,-0.80287856,-0.0071716732,-0.108255275,-0.63176423,-1.7693653,-0.026282243,-0.10617941,0.03329504,0.012293092,0.2804009,-0.4000789,-0.41191328,0.01671772,0.03301312,-2.516625e-05,-0.008719994,-0.0014526927,-0.015418673,-0.15381272,-0.47377768,-0.036670383,1.9413754,-0.018707488,0.018522063,0.16316766,0.09566024,-0.011057607,0.004290281,0,0.03562635
-0.87488955,-0.19514613,-0.29619268,-0.054782204,-0.667465,0.026636884,0.023278007,0.008879574,-0.13539283,-0.24759457,0.0026854223,0.06142056,-0.6684843,-0.27744266,0.0014166073,-0.022168364,-8.64364e-06,-0.028893543,-0.0064351032,-0.047477216,-1.3389484,-0.61011577,-0.04621001,-2.0530283,-0.043411277,0.008947148,0.061878372,-0.7438526,-0.00054274127,0.00263106,0,0.00028817396
-1.0393457,-0.11219434,-0.3426578,-0.015481699,-0.16519198,-0.121738516,-0.9316828,0.109011136,-0.021968445,0.0052906894,0.003509346,0.0023095647,0.18614933,0.020666702,0.0052963234,0.041535016,-8.64364e-06,-0.021291682,0.011877791,-0.027857708,-1.2060235,-0.47689345,-0.044740126,-2.1453726,-0.05034537,0.011277057,0.06124459,-0.63258696,-0.001259974,0.0021827165,0,0.001019685
-1.5530438,-0.4894501,-0.14783527,-0.00045798748,-0.09209424,-0.043162353,0.033780612,0.009754999,-0.18225542,-0.34856176,0.0018064051,0.09621468,0.0044096443,-0.029336048,0.0010465169,0.02761775,-4.5451732e-05,-0.0025354954,-0.0067677977,-0.033012766,-1.1339235,-0.65293896,-0.04803077,-1.9209175,-0.029598882,0.0031287349,-0.587672,0.04985893,-0.0006954539,0.0022955863,0,0.000855158
-1.1914152,-0.106479466,-0.242194,0.043170292,-0.06810224,0.040122338,0.036758296,0.019445661,0.22768551,0.44503662,0.007235028,-0.104748555,-0.07866399,0.02506659,0.004115025,0.112515144,-6.685659e-06,-0.018382568,0.0010972681,-0.0015140907,-1.2623894,-0.6226041,-0.008978346,2.0340006,-0.014928389,0.027976787,0.20739469,0.12786518,-0.00028731895,0.007343122,1,0.41464087
-0.87725765,-0.13711956,-0.31852564,-0.014521327,-0.008261724,0.050579008,0.047284473,0.025115836,0.21642695,0.3636481,0.0075817537,-0.31415668,-0.0636319,0.025156543,0.0041063004,0.07110069,-4.9424183e-05,-0.036427982,-0.05747909,0.0047970493,-0.35670254,-0.1427405,-0.030267714,2.3143578,-0.019135352,0.0299336,0.24308112,0.13435318,-0.00037953694,0.007343122,1,0.7644548
-0.77129364,-0.17420761,-0.23451152,-0.045839,-0.55390763,0.06902225,0.031255107,0.010660557,-0.06901501,-0.03629216,0.0028982672,-0.3976391,-0.12114013,-0.017798977,0.0015155684,0.05996566,-8.64364e-06,-0.02474049,-0.008678891,-0.047789626,-1.431354,-0.72683346,-0.052799128,-2.2811184,-0.055077028,-0.90711904,0.09306728,0.06816111,-0.00059245987,0.004005665,0,0.0004961414
-0.7582539,-0.11769107,-0.28822145,-0.038179513,0.024444764,0.20285092,0.049700666,0.02073842,0.21558593,0.47950184,0.0075072865,-0.43951178,-0.020779852,-0.032315884,0.0042723226,0.1104522,-9.260577e-06,-0.008022645,0.00859299,-0.0031931016,-0.3561099,-0.30495527,-0.024595672,2.3391387,-0.01405391,0.031740256,0.23243059,0.13471314,-0.00037504593,0.007343122,1,0.8133303
-2.0048094,0.007930484,-0.33100238,0.00020005868,-0.07750469,-0.061011676,0.037761647,0.023102935,0.19357224,0.36699578,0.007442403,0.13732316,0.01479609,-0.05608751,0.0036416294,0.041993544,-2.516625e-05,-0.013595183,-0.0019748607,-0.008002334,-0.18977009,-0.24921283,-0.025229698,2.1442811,-0.0155578405,0.024468986,0.2432231,0.12736358,-0.00034963535,0.007343122,1,0.58815897
-0.96825355,3.6789503,-0.15240932,-0.032527417,-0.015778664,-0.19832502,0.024970798,0.02115993,0.03136372,0.058954816,0.011427639,-0.25006694,0.17830184,0.11039413,0.005222893,0.037452225,-4.9424183e-05,-0.038821653,-0.049688995,0.0031340378,-0.48554707,-0.13313268,-0.028360918,2.2576907,-0.016329987,0.03173192,0.2265461,0.12575603,-0.0003469743,0.007343122,1,0.98845416
-0.8764084,-0.14029427,-0.29410267,-0.03834708,-0.005851578,-0.64202285,0.01816757,0.010890747,-0.05191408,0.0022765577,0.0025899396,-0.08949493,-0.14735219,0.005162122,0.0014696643,0.044511292,-9.260577e-06,-0.0383827,-0.035137866,0.0038025856,-0.97822905,-0.78147656,-0.038531873,-2.416783,-0.05385806,0.011576171,-0.8550629,0.06666576,-0.00037952006,0.003000453,0,0.00067207095
-1.1308825,-0.048730187,-0.16282783,0.04377851,0.06567847,0.04830146,0.038711622,0.013799817,-0.64138514,-1.6419727,0.0035958,0.14328343,-0.120975725,-0.01329721,0.0019117063,0.055104695,-2.516625e-05,-0.008951238,-0.0021755348,-0.012962077,-0.482201,-0.28318903,-0.02934178,1.6277208,-0.016506206,0.020715714,0.10706468,0.09681724,-0.00029706064,0.004417057,0,0.08982552
-0.7914514,-0.023416236,-0.38760912,-0.008212669,0.10352308,-0.39029947,0.046774324,0.01643437,-0.10808001,-0.6847152,0.0067492807,0.16133048,0.05238349,-0.027099485,0.003503489,0.020331245,-4.9424183e-05,-0.015265154,-0.002326681,-0.012866824,-0.36125702,-0.2167214,-0.02679993,2.0723114,-0.020645117,0.024101283,0.20351322,0.11299083,-0.0003064967,0.0061393166,1,0.44078374
-1.2102807,-0.6703022,-0.05365982,-0.005162934,-0.13805035,-0.28056267,0.026499266,0.011398422,-0.019470822,-0.09063729,0.0020335673,-0.09834297,-0.057652593,-0.17978773,0.0014296415,-0.16044587,-2.4539833e-05,-0.06779047,-0.106399275,0.0064135627,-1.25099,-0.62931854,-0.074332066,-1.581834,-0.039444827,0.0012366606,-0.6178377,0.053036578,-0.00065572734,0.0028597396,0,0.00073198247
-0.76443094,-0.30742177,-0.34023535,-0.0010552547,0.2901832,0.059152223,0.024861427,0.008835868,-0.23770417,-0.5370389,0.0017685004,0.052989937,-0.005623114,-0.025134189,0.0011205914,0.039926942,-6.685659e-06,-0.005172639,-0.041942872,0.030137133,0.6106141,0.6631077,0.15994774,-0.6727465,-0.016871527,-0.020886224,-0.053113878,-0.50710917,-0.00025592314,0.0022042019,0,0.17039278
-1.1544418,-0.1531444,-0.33387327,-0.012631699,-0.023479,-0.27004933,0.027989177,0.011864171,-0.08005502,-0.04837485,0.002518188,-0.3852673,-0.14426918,-0.001618823,0.001408754,0.030889902,-4.9424183e-05,-0.012532768,0.0075474586,-0.039147932,-1.0488511,-0.5272446,-0.04536444,-2.1342008,-0.06916782,0.012707391,-0.7465347,0.056555796,-0.00042569765,0.003000453,0,0.00085190276
-1.1419317,-0.009819587,-0.7245818,-0.011766577,0.25230193,-0.4990471,0.0275315,0.010022588,0.0133803,-0.009391574,0.0025835675,-0.11962357,0.08798945,0.030255694,0.0017250573,-0.008947208,-8.64364e-06,-0.014069001,-0.034925397,0.01810332,0.20069696,0.41552722,0.16502742,-1.4792424,-0.015954116,-0.012422566,-0.91123545,0.048464756,-0.00022951548,0.0029202527,1,0.023948444
-0.65517473,-1.3905307,-0.13950773,-0.029733855,-0.14741704,0.10210346,0.047997627,0.024990804,-0.0013593526,0.1901904,0.005543109,0.10890281,-0.051222958,0.02118055,0.0045273826,0.08400579,-4.044135e-05,-0.008833057,0.0014296127,-0.025702521,-1.6568894,-0.15965867,-0.025159411,1.7220508,-0.0111096725,0.025533576,0.18522419,0.11603181,-0.00045960743,0.00681803,1,0.16148539
-0.76592433,-0.11266316,-0.46090868,-0.012323245,-0.67349666,-0.051720303,0.033969305,0.01042997,-0.1665562,-0.4755382,0.0015989607,-0.26197413,-0.04352026,-0.10048642,0.0009874044,0.020217506,-4.9424183e-05,-0.009312756,0.0049254457,-0.050690655,-0.57195264,-0.37910908,-0.03731726,-1.8345335,-0.07028923,0.008916996,-0.7391405,0.05597756,-0.0004084237,0.0022062548,0,0.0012672534
-1.1391222,-0.5751664,-0.1378348,-0.00412206,0.018293066,-0.58616453,0.026656512,0.01085984,-0.14192294,-0.45017138,0.0015172946,0.049131904,0.042210877,-0.043888368,0.0010372864,0.00884361,-2.4539833e-05,-0.003767137,-0.0015747625,-0.029365066,-1.4188203,-0.8073668,-0.046695147,-1.3681155,-0.049875073,0.0016309333,0.02805855,-0.7400484,-0.00072279596,0.0021424429,0,0.00064518146
-1.3693476,-0.23529238,-0.19754618,0.030407257,0.054827455,-0.465043,0.03995832,0.020630978,0.23884761,0.5381445,0.007596256,0.05219668,-0.060725167,0.05012149,0.004256866,0.09089724,-4.9424183e-05,-0.0069956416,-0.0045830356,-0.005110041,-0.19712089,-0.15290648,-0.022697223,2.2519794,-0.015568413,0.030440705,0.21999475,0.13107145,-0.0003748812,0.007343122,1,0.7396994
-1.4751344,-0.8747446,-0.1714599,-0.023586048,-0.3457804,0.034607373,-1.6213927,-0.5065244,-0.01056212,0.008967948,0.0025867645,-0.18142138,-0.16524291,0.030121239,0.016423043,0.03847711,-0.0010200533,-0.008098417,-0.08365605,-0.03162052,-0.83354247,-0.59721154,-0.04630892,-1.7487252,-0.047648367,0.012517493,0.05570558,0.03733619,0.010912541,0.003099145,0,0.00020062468
-0.8432967,-0.22852245,-0.1885023,-0.028345894,-0.19108386,-0.024126647,0.028867643,0.010706674,-0.15212259,-0.39679813,0.0023031395,0.086949214,-0.09293611,-0.015851852,0.0011457867,0.05175152,-4.9424183e-05,-0.0034716632,0.0018024918,-0.033184145,-1.0959948,-0.62299323,-0.043841768,-2.387423,-0.050550383,0.011228236,0.051330633,-0.85555035,-0.0006543675,0.002331005,0,0.00091302645
-0.613968,0.051207766,-0.2675841,-0.025686452,0.20883726,-0.32144082,0.05637819,0.024958383,-0.34501117,-0.73086053,0.005180256,-0.5787462,0.0057209185,-0.026569303,0.002348767,0.055247206,-4.9424183e-05,-0.005701334,-0.0026141773,-0.014679894,0.06318312,-0.47133386,-0.026910432,1.8022593,-0.020510834,0.024035238,0.16502915,0.11840651,-0.000405737,0.004971542,1,0.29833138
-1.4466213,0.07846378,-0.45455658,-0.020590033,-0.054565586,-0.18215877,0.03073051,0.012413359,-0.01859568,-0.07322597,0.0024934877,-0.14768831,-0.23767126,-0.032254513,0.0013023202,-0.31847924,-4.9424183e-05,-0.040065505,-0.081734985,-0.01036399,-0.8574869,-0.61524796,-0.09671681,-2.348667,-0.06692444,-1.0648761,0.1078977,0.046888877,-0.0007124115,0.0043097176,0,0.00037971925
-0.21767563,-0.16604656,-0.2277122,-0.016412696,-0.1593985,-0.35976598,0.028017199,0.010927379,0.12548615,0.1934575,0.0026403344,-0.32017323,-0.09632547,0.018167289,0.0017410528,0.06369267,-2.2618437e-05,-0.015591405,0.0069369487,-0.05180471,-1.3905244,-0.5705053,-0.046912067,-2.3647277,-0.067820385,0.010970692,-0.76598483,0.06427618,-0.00029455958,0.0029202527,0,0.0018340172
-0.3886621,0.055954386,-0.25203606,-0.017196802,-0.11005344,0.062266577,0.045333263,0.022302689,-0.0962658,-0.0392973,0.0074061104,0.23180467,0.03134757,0.012383429,0.0042896774,0.067735836,-4.9424183e-05,-0.014754214,0.0015811537,-0.014051589,-0.2876569,-0.27380893,-0.025950247,2.256927,-0.015469591,0.031547952,0.23318274,0.13448699,-0.0003950166,0.007343122,1,0.8428119
-1.0232046,-0.16419742,-0.3953025,-0.07099929,-0.3757815,-0.40684894,0.043545365,0.023263963,-0.037155885,-0.071657404,0.0074268025,-0.2744783,0.0045634354,0.013549272,0.0042070216,-0.08266005,-9.260577e-06,-0.0074266484,-0.02135671,0.0031663424,-0.23936494,-0.2983512,-0.027925868,2.0822253,-0.017511822,0.030355563,0.18478225,0.1339301,-0.0003737015,0.007343122,1,0.27543986
-1.2459637,-0.35260865,-0.173148,-0.018108178,-0.05443501,-0.0043531656,0.029404026,0.011394852,-0.045368426,-0.057755135,0.0025354926,-0.121150486,-0.09542513,-0.006447916,0.0014390324,0.052816473,-1.322949e-05,-0.08214304,-0.025498081,0.007620811,-0.9876372,-0.57425815,-0.07761805,-2.2533152,-0.052453272,0.008982301,-0.73290473,0.056057442,-0.00045250665,0.00293994,0,0.0011363302
-1.9544395,-0.009652607,-0.14007275,-0.014397818,-0.17896369,-0.41850194,0.043695215,0.01971706,0.17549458,0.23703453,0.0068833996,-0.39223456,-0.11679838,-0.13636255,0.003298124,0.04708487,-2.516625e-05,-0.0025068617,-0.0075262873,-0.016679185,-0.21225935,-0.5170844,-0.021456037,1.7727053,-0.024585595,0.021029344,0.18763313,0.12973477,-0.00030957808,0.007343122,0,0.18195613
-1.4044493,-0.25135985,-0.14057791,0.026081083,-0.30101204,-0.0033432033,0.024269117,0.008594532,-0.22712804,-0.63712204,0.0016502648,0.03131069,0.024408799,-0.023527503,0.0010574285,0.03478999,-8.64364e-06,-0.020843271,-0.09242394,0.0069273775,-1.4864659,-0.82972413,0.067356005,-1.6069847,-0.049741864,0.008527169,0.037281584,-0.686858,-0.00045421917,0.0022042019,0,0.0005647743
-0.60535043,-0.20456196,-0.18116403,-0.019385135,-0.21943976,0.12659906,0.030114468,0.009811697,0.10278483,0.162592,0.0025825638,-0.037829332,-0.0008485962,-0.026894892,0.001761901,0.06027717,-8.64364e-06,-0.0073273364,0.0112813115,0.01896925,-1.4238114,-0.5749349,-0.0701588,-2.2943978,-0.04660732,0.011030538,-0.785848,0.057744253,-0.00028528826,0.0029202527,0,0.002755672
-0.7575254,-0.21442983,-0.1507907,0.028224755,-0.021648597,0.0036004528,0.026873251,0.008487886,-0.20389353,-0.5307285,0.0017682737,0.085012406,0.03401161,-0.0014868451,0.0011383435,0.054110054,-8.64364e-06,-0.016670791,0.0010789544,-0.053029116,-1.359959,-0.64227295,-0.041237693,-1.7465179,-0.05424204,0.0050881794,0.043092586,-0.7966649,-0.0005338163,0.0022042019,0,0.0018552109
-0.4600456,-0.14440066,-0.33123022,-0.0898619,-0.56185347,0.039421655,0.030852878,0.015952872,-0.38957408,-0.96048766,0.005765508,-0.6664901,-0.08483241,0.0071835504,0.002310801,0.07229229,-4.9424183e-05,-0.017864961,-0.006094167,-0.0133812195,-0.50505644,-0.24097547,-0.02761897,1.8879293,-0.014273706,0.021654004,0.16391799,0.091540664,-0.00028444774,0.004971542,1,0.10325878
-0.3489863,-0.7978105,-0.14850049,-0.020197684,-0.37377307,-0.008358831,-1.7181832,-0.41582522,-0.073654994,-0.16019663,0.0022653812,-0.19508736,-0.06442766,-0.050204497,0.016538687,4.530269e-05,-0.0010200533,-0.00016456874,0.0036199482,-0.03644641,-0.8492433,-0.5958342,-0.04493511,-1.9438852,-0.04791708,0.01239855,0.054200076,0.05902533,0.010912541,0.003099145,0,0.00044211728
-0.94766426,0.04339272,-0.42003983,-0.012234197,-0.10570754,-0.38211188,0.03978492,0.023784738,-0.1133272,0.059673842,0.0071451385,-0.61105114,-0.058504853,-0.05005823,0.0041659772,0.009381012,-1.322949e-05,-0.005703852,-0.002613043,-0.014586302,-0.204964,-0.3499789,-0.026673615,2.1972504,-0.024492001,0.030201392,0.22763287,0.11030363,-0.00028149376,0.007343122,1,0.36334065
-0.74620223,-0.7165492,-0.060303777,-0.014778011,-0.16902642,-0.049294822,0.037176427,0.018076586,-0.047747873,-0.10608647,0.0024286795,-0.041524917,-0.28809068,-0.04600991,0.0014238898,-0.2585614,-4.044135e-05,-0.05689431,-0.09804842,0.0030713293,-1.4221233,-0.43645486,-0.07847545,-1.9033936,-0.031941462,-0.859148,0.09376705,0.06892441,-0.0009931918,0.0039406796,0,0.0007506426
-0.76737124,-0.16990866,-0.3191766,-0.002323703,-0.02627632,-0.0051704864,0.026260069,0.01052259,0.09246266,0.16935621,0.0027293381,0.06519981,-0.0436486,-0.021912882,0.0017654035,0.05995348,-6.685659e-06,-0.018210288,0.023592345,-0.05160199,-1.4924513,-0.91562325,-0.048248984,-2.4082718,-0.065256245,0.013565058,0.08113082,-0.87403846,-0.00057685014,0.0029794767,0,0.0012648862
-0.834987,-0.15762517,-0.2572453,-0.074321866,-0.32696205,0.031215435,0.031100975,0.013066045,0.030022105,-0.009683322,0.0023540666,0.11225785,0.053272784,-0.0151336435,0.0015383585,0.03211596,-4.9424183e-05,-0.0014920942,0.007355512,-0.038836457,-0.6626737,-0.42618227,-0.036987066,-2.3219411,-0.058892995,0.015324046,-0.7975042,0.07430043,-0.00041467152,0.003000453,1,0.00366608
-0.72748846,3.4096377,0.15764351,0.18221992,-0.1273906,0.036633458,0.033294227,0.014852177,0.08255108,0.14937712,0.011610186,-0.13660698,0.23913409,0.1414456,0.0059099165,0.003927588,-1.322949e-05,-0.026950635,-0.0065113,0.00060882705,-0.1266328,-0.28821486,-0.026056746,2.3776114,-0.012453859,0.028500713,0.22803232,0.11599773,-0.00034991853,0.007343122,1,0.9968484
-0.09735917,-0.24941194,-0.43970248,-0.09200804,-0.11395167,-0.1814062,0.050580453,0.019962179,-0.018601323,0.044550132,0.0075107478,-0.0024510545,-0.48625347,-0.17392123,0.0041884053,-0.21383001,-1.322949e-05,-0.025658779,-0.03670568,0.0012542488,-0.2252622,-0.43759388,-0.037461724,2.1698742,-0.007158047,0.02685134,0.21072954,0.12622446,-0.00030118696,0.007343122,1,0.45985436
-0.46600613,-0.20271565,-0.1819666,-0.034651283,0.06259903,-0.6412226,0.03926003,0.0196118,-0.08704776,-0.06495442,0.0070635034,0.015169839,0.00037034464,0.051507846,0.004124948,-0.14568453,-8.64364e-06,0.024443086,0.0013561018,0.0014910635,-1.3321626,-0.6312898,-0.027042022,1.957849,-0.015835855,0.025187258,0.19570981,0.11968406,-0.00029506834,0.007343122,1,0.21601221
-0.69949055,-0.0068682614,-0.2357609,0.0631148,0.043655273,0.07818362,0.046790503,0.022893677,-0.09254978,-0.027038889,0.0071438067,-0.59215593,-0.092441216,0.023957979,0.003906771,0.05012384,-4.9424183e-05,-0.03959302,-0.013892619,0.0065546446,-0.41235754,-0.7287951,-0.03326842,2.0432568,-0.017379329,0.028576331,0.1992479,0.14141457,-0.00041077402,0.007343122,1,0.44600242
-0.9507895,-0.005857261,-0.12531838,0.066279225,0.083532244,0.055846408,0.04799227,0.023949515,0.19062513,0.31483972,0.007030793,-0.34918287,-0.004678271,-0.023879956,0.004016134,0.08987919,-4.9424183e-05,-0.0031882974,0.012626363,-0.014000275,-0.3197083,-0.56240886,-0.022569587,2.0944648,-0.019797193,0.030779062,0.19975378,0.1404747,-0.00048705217,0.007343122,1,0.72642714
-0.45730174,0.0066428636,-0.10465535,0.11481338,-0.19038726,0.020545566,0.04358272,0.017762715,-0.1392161,-0.33232343,0.0072234636,-0.47502923,0.020280968,-0.05534734,0.0034158723,0.026161997,-4.9424183e-05,-0.014879558,-0.003280336,-0.014135567,-0.43204504,-0.20390724,-0.024685362,2.1155958,-0.016338889,0.028390465,0.23165937,0.12303821,-0.0002722789,0.007343122,0,0.5772893
-0.93861127,-0.4184502,-0.21987773,-0.020458994,-0.5969722,-0.032298364,0.042226,0.02882739,-0.050549146,0.11956062,0.0072701285,-0.33887097,-0.048575558,0.038703725,0.0036698913,0.07540766,-4.9424183e-05,-0.055382706,-0.0026855296,0.0067374688,-0.32513052,-0.12399392,-0.030743789,2.1009712,-0.017310113,0.02523151,0.22721884,0.12783897,-0.000534807,0.0071220826,1,0.40115476
-0.8600465,-0.083021834,-0.24085568,-0.067931764,-0.5039093,0.03695771,0.038566325,0.021355994,0.24620071,0.50587994,0.0075073047,-0.15899423,0.06038797,-0.0027445713,0.0039993976,0.12020801,-1.322949e-05,-0.01691852,-0.0009962297,-0.012006711,-0.20832814,-0.06915471,-0.024032967,2.2583659,-0.014298898,0.0324912,0.21999241,0.13026509,-0.00037504593,0.007343122,1,0.80767065
-0.7870664,-0.18173851,-0.185526,-0.012899218,-0.022646014,-0.018718235,0.025932923,0.008044244,-0.17733268,-0.48204967,0.0020453054,-0.33196482,-0.1201917,-0.008869026,0.0011997356,0.03823952,-8.64364e-06,-0.019275796,-0.0078072734,-0.052163325,-1.4776287,-0.8780251,-0.04398085,-1.6728625,-0.06191743,0.0070582726,0.050574485,-0.78050786,-0.00054274127,0.0023567537,0,0.00076168176
-0.79467946,2.9551246,-0.27658105,-0.014844425,-0.14529864,-0.4072175,0.040226225,0.01613191,0.18354736,0.43604904,0.011351389,-0.050344367,-0.013918769,-0.06815045,0.005239655,0.043197498,-1.322949e-05,-0.0054968097,0.008911758,-0.010629195,-0.248113,-0.34613574,-0.022562483,2.3033524,-0.017150352,0.030321354,0.22437313,0.12699138,-0.00029659437,0.007343122,1,0.98165303
-0.7137045,-0.19539313,-0.3020617,-0.014088334,-0.030333476,-0.3455051,0.027602118,0.00963214,0.10059802,0.1914615,0.0026021441,-0.05671538,-0.0008823583,-0.031353336,0.0017618963,0.06341689,-8.64364e-06,-0.016928876,-0.031379007,0.016636746,-1.175496,-0.56958055,-0.06357272,-2.40806,-0.05472152,0.011779396,0.070147626,-0.93413967,-0.0005808594,0.0029794767,0,0.0015989062
-1.197739,-0.019491004,-0.5277963,0.0021412154,0.2608513,-0.437534,0.037519414,0.011437296,-0.06672719,-0.039213393,0.0026709996,0.10718155,0.00840508,-0.042786572,0.0015339572,-0.002812666,-6.685659e-06,-0.025245992,-0.030178305,0.016681828,0.13397346,0.33991206,0.12492008,-1.5385319,-0.017112164,-1.2477605,0.019397693,-0.015413509,-0.00033145753,0.004005665,0,0.015843956
-1.5197496,-0.8654514,-0.1427363,-0.030542042,-0.055785976,0.12973009,-1.6512563,-0.5295014,0.053231835,-0.038265295,0.002591731,-0.1703446,-0.15799412,0.0310772,0.0098380335,0.040688418,-0.0010200533,-0.006922997,-0.07758653,-0.029139377,-0.7495575,-0.58888537,-0.045480922,-1.7202344,-0.047004476,0.014924565,0.058748398,0.040994693,0.010912541,0.003099145,0,0.00032786766
-1.1891901,0.0077780867,-0.6518698,-0.009847679,0.008671908,0.2705521,0.028296582,0.0071908273,-0.25364918,-0.62393296,0.0018849439,0.07861032,-0.1318263,-0.0018927049,0.0011086428,0.0461221,-8.64364e-06,-0.017318133,0.0038097666,-0.040584866,-1.521213,-0.6010884,-0.05047531,-1.4339657,-0.051134545,0.011379362,-0.62900716,0.0343339,-0.00027446804,0.0021707695,0,0.0012339278
-0.34943932,-0.7215008,-0.18509626,-0.020341868,-0.30702028,-0.38133913,-1.5854672,-0.36198613,-0.2718119,-0.58452725,0.0009971559,0.06831746,-0.16131942,0.037834637,0.0065891608,0.030916825,-0.0010200533,0.0005363217,0.0032142994,-0.03428988,-0.7510703,-0.51476663,-0.04157667,-1.660727,-0.05370718,0.009159695,0.031047512,0.05540829,0.0025410135,0.00224216,0,0.00043962558
-0.95932585,-0.1111889,-0.2631211,-0.047928654,0.08470379,-0.17643155,0.045218352,0.024169032,0.17777279,0.36343592,0.0074402965,-0.20464034,-0.002984471,-0.021494772,0.0042100064,0.096913375,-1.322949e-05,-0.0015115272,0.0010095364,-0.012626277,-0.4520394,0.014069292,-0.033977523,2.2971525,-0.015948698,0.033087105,0.23535667,0.13854627,-0.00037400206,0.007343122,1,0.7748449
-0.5992943,0.020464258,-0.71365976,-0.0016030049,0.2515561,-0.67857695,0.037753686,0.010566575,-0.10790201,-0.22718017,0.002782659,-0.024746403,-0.2997459,-0.10377424,0.001678298,-0.17103459,-6.685659e-06,-0.035808694,-0.008487116,0.0075000017,0.18058431,0.39017278,0.13467863,-1.3762583,-0.017861413,-1.1168325,-0.01138418,0.03548867,-0.00033393322,0.004005665,1,0.012030504
-0.7975108,-0.27570796,-0.38124764,-0.011406191,0.32275397,0.009648302,0.02856183,0.009757626,-0.050779987,0.009656943,0.0028953596,-0.1671933,-0.0647746,-0.014944478,0.0017372379,0.030057684,-8.643641e-06,-0.037477676,-0.060656212,0.030995004,0.54146034,0.7621372,0.16210781,-1.209217,-0.016797425,-0.016996495,-0.003256128,-0.5568741,-0.00029909937,0.0029794767,0,0.1491422
-1.192542,-0.038871076,-0.06935592,0.13620539,-0.017021,0.1192541,0.053644575,0.016883675,0.082286336,0.13529815,0.008294321,0.02435282,-0.15579282,0.015081131,0.005171392,0.09943852,-6.685659e-06,0.038233053,0.0050154105,0.0072081652,-1.6452509,-0.424646,-0.028193785,1.9174545,-0.016361322,0.028340911,0.1475945,0.1170309,-0.0002944683,0.007039069,1,0.35081562
-0.7507782,-0.53181607,-0.13732171,-0.0055337576,0.2889649,-0.049843,0.028628204,0.00800089,-0.14723128,-0.27038547,0.0020654495,0.08059088,-0.12949853,-0.030521967,0.0012445296,0.035386935,-8.643641e-06,-0.001897218,-0.028940266,0.038302522,0.4400694,0.5417873,0.16294314,-0.9597564,-0.015071911,-0.0139437225,-0.6502466,0.022772899,-0.00018638345,0.0023206142,1,0.11296064
-0.5291187,0.10091686,-0.21800944,0.11446093,0.08496834,0.09308728,0.04242385,0.016860189,0.033866573,0.101008564,0.008341583,0.0014723425,0.21376993,0.104119025,0.0053767837,-0.10256886,-8.64364e-06,0.0034545835,-0.05270099,0.0016794098,-0.8854539,-0.3429488,-0.02618211,2.1888885,-0.014689317,0.027831862,0.20260732,0.11066538,-0.00025177054,0.007039069,1,0.7858281
-1.1444536,-0.013371915,-0.064511925,0.12680748,-0.2769829,-0.27674532,0.043789282,0.018666176,-0.1952777,-0.16003585,0.0077612665,-0.007955087,-0.1305398,0.02562641,0.0038532976,0.04103846,-2.2618437e-05,0.014190317,0.0363116,0.01489063,-1.3122859,-0.28026944,-0.027919265,1.7918849,-0.01674264,0.024983533,0.18584342,0.1064904,-0.00029486892,0.007039069,1,0.19012764
-0.98260415,-0.8762001,-0.15470694,-0.009094756,0.008422343,-0.035051055,0.035878018,0.023166033,-0.38803256,-1.0072871,0.0034956366,-0.03713615,-0.0036592488,-0.006504616,0.0022408264,0.07930265,-2.4539833e-05,-0.008154403,0.00058572955,-0.031552806,-1.6922966,-0.7165834,-0.026771626,1.2909502,-0.012461933,0.019389404,0.04787494,0.082888454,-0.00044687596,0.004750503,1,0.012363453
-1.1394922,-0.15196535,-0.15774766,0.0307824,0.0355614,0.0099180555,0.025430512,0.008174696,-0.24858116,-0.65712905,0.0017582508,0.08221434,0.028093087,-0.044462524,0.001115351,0.022390144,-8.64364e-06,-0.016006486,-0.0031914413,-0.039351024,-1.4579655,-0.63766015,-0.04068612,-1.474659,-0.04369038,0.007971557,0.020536253,-0.7342966,-0.0005375832,0.0022042019,0,0.0014107353
-0.6529603,-0.10499109,-0.20396098,0.043995045,0.019516516,-0.0024205234,0.028595414,0.012219648,-0.05451956,-0.115301155,0.0029062552,-0.009020047,-0.2752384,-0.028187167,0.0017106036,-0.24741824,-2.2618437e-05,-0.010781975,-0.054808132,0.0038475324,-1.1357242,-0.5176977,-0.08666554,-2.6248603,-0.053400762,-0.9185567,0.098771326,0.072840974,-0.0005839691,0.004005665,0,0.0011129153
-0.9702771,-0.06020666,-0.40598586,0.051843904,-0.221476,0.05473053,0.024608063,0.007795982,-0.31885436,-0.6969226,0.0018926936,0.039040025,-0.13601597,0.022713676,0.0011777712,0.049728185,-2.2618437e-05,-0.017300632,-0.00017739287,-0.034651913,-1.2513262,-0.6675899,-0.051523652,-1.6810683,-0.07103786,0.00914653,-0.5874654,0.031898774,-0.00020559353,0.0021707695,0,0.0010412312
-0.66371584,-0.72020173,-0.29389164,-0.04035239,0.069652185,-1.0878425,0.04790858,0.018599883,-0.11348739,-0.050986417,0.006057931,-0.077439345,0.096024595,-0.049426157,0.0039127558,-0.29425797,-8.64364e-06,-0.04387708,-0.031291414,0.0021597736,-1.8385756,-0.38352615,-0.030326938,1.5709114,-0.0129750455,0.02420898,0.16792895,0.11463182,-0.0003609783,0.00681803,0,0.026735201
-0.7373673,-0.08488429,-0.19015051,-0.031821735,-0.18199795,-0.04655333,0.028792659,0.007383099,-0.2741676,-0.7409836,0.0016622137,0.056418125,-0.040351607,-0.39401823,0.0010339731,0.036477156,-4.9424183e-05,-0.011342471,-0.0043862155,-0.037768785,-0.9602492,-0.5932308,-0.05436752,-1.7032932,-0.05858234,0.00886435,-0.6563592,0.052892074,-0.00028490313,0.0022062548,0,0.0013620101
-1.2745672,-0.31738216,-0.1103201,-0.0112194065,0.3016103,0.04015302,0.030903935,0.008971255,-0.07131232,-0.12670064,0.0024401222,0.04492848,-0.06473053,0.0034714397,0.0013382738,0.040685304,-8.643641e-06,-0.0002824798,-0.029077226,0.026815018,0.7280551,0.71345556,0.13163182,-0.7597205,-0.015812172,-0.025318999,-0.0736122,-0.6175693,-0.00033796357,0.0029177177,1,0.19599102
-0.492167,-0.09929322,-0.44686812,-0.09296629,0.050393987,0.0770417,0.053177066,0.016817072,-0.035901546,-0.018540157,0.0083418805,0.037635654,0.014537258,0.059543885,0.0052685956,-0.18661416,-8.64364e-06,0.00051443436,-0.071585186,0.0019607062,-1.2917178,-0.42238924,-0.031977873,2.0031073,-0.014249269,0.023276502,0.19183913,0.11704858,-0.0002780885,0.007039069,1,0.3709925
-0.5564973,-0.27476698,-0.1964465,-0.016597487,0.057342473,-0.7797888,0.052656002,0.017239027,-0.0029641518,0.071213044,0.0075292788,-0.086902305,-0.12714542,-0.6467036,0.005251979,0.112016924,-8.64364e-06,-0.017604223,-0.040947225,-0.016726522,-1.0572008,-0.15867385,-0.027589474,2.0110514,-0.014336189,0.027638651,0.1945824,0.12637709,-0.00028056419,0.007039069,1,0.21045415
-1.5625883,0.052216876,-0.33346984,-0.008818757,-0.12544823,-0.57810986,0.051643804,0.022421742,0.016939962,-0.0012212741,0.007036305,-0.06799549,-0.09607054,-0.26201013,0.003947586,-0.1397409,0.0016433091,-0.008093965,-0.1623707,0.0076340786,-0.21839972,-0.639604,-0.025502285,1.8402797,-0.01724285,0.027586302,0.16585688,0.12331835,-0.0004964882,0.007343122,1,0.12895145
-1.3514985,-0.9219369,-0.14869128,-0.019835904,-0.26169354,-0.2123933,-1.5523264,-0.5127853,-0.034942422,-0.095087536,0.0030824114,-0.062816635,-0.012888671,-0.010033356,0.01334457,-0.034193467,-0.0010200533,0.0011335078,-0.031728312,0.005056118,-0.7035457,-0.5082434,-0.06814721,-2.1294377,-0.053234946,0.011250419,0.034659408,0.050414603,0.0016734061,0.003099145,0,0.00018523156
-0.64872736,-1.1968081,-0.118454665,-0.02136376,-0.25751585,0.08309389,0.054532975,0.033081982,0.08146116,0.17222722,0.0065264357,-0.26245683,-0.59429014,-0.34977856,0.0038024087,-0.012631089,-0.0010200533,0.0006108285,-0.005125628,-0.013906836,-0.2778228,-0.22996883,-0.024422314,1.9082181,-0.014191389,0.027380299,0.20215358,0.12321655,-0.000837647,0.0071220826,1,0.21134439
-0.7024398,-0.55098164,-0.29728165,-0.04221667,-0.05206641,-0.51527613,0.042805195,0.024155764,-0.07445889,-0.038029794,0.0072488417,-0.043872397,0.06308132,0.034684077,0.0040318305,-0.13705646,-4.9424183e-05,-0.068044305,-0.06399797,-0.0064092204,-0.2802319,-0.07676881,-0.02785609,2.0394375,-0.014806985,0.025987145,0.20646027,0.1323108,-0.0005333415,0.0071220826,1,0.40227363
-0.5038919,-0.18985529,-0.35664976,-0.02886681,0.004580961,0.086165614,0.043184552,0.01191237,-0.83999157,-1.8318101,0.0033385763,0.07471113,-0.13266177,-0.02501458,0.0018780011,0.07329306,-8.64364e-06,-0.026966901,0.010331606,-0.024471905,-1.3875272,-0.38234988,-0.028217942,1.3486305,-0.014811073,0.021286532,0.12882273,0.083546594,-0.0002495877,0.004417057,0,0.020468364
-1.5373597,-0.8401099,-0.0558744,-0.023369933,-0.06954222,0.09938552,-1.5688131,-0.4470083,-0.06731161,-0.12441432,0.002475656,-0.074694656,-0.10813766,-0.23033163,0.011063312,-0.31749767,-4.044135e-05,-0.071146935,-0.092027746,-0.006227017,-1.2782793,-0.6109622,-0.07360751,-1.40133,-0.03120798,0.010521543,0.052652802,0.035314143,0.0028561575,0.0030132602,0,0.00015026407
-0.87216234,-0.29150403,-0.25756615,-0.057819333,-0.30538124,0.018799655,0.0614626,0.025111025,-0.41132277,-1.1154051,0.0032417187,-0.67712694,-0.10297797,-0.020401314,0.0019139257,0.047024153,-4.9424183e-05,0.0010749449,-0.0036979464,-0.015164353,0.00705852,-0.532151,-0.024588205,1.5425335,-0.017220661,0.020896802,0.160727,0.11066059,-0.00045554392,0.004750503,0,0.063525155
-0.82070434,-0.045448292,-0.6153938,-0.011828695,-0.8049161,-0.058439825,0.023758648,0.0076429634,-0.19121997,-0.4523631,0.0018849575,0.0489805,-0.19104923,-0.04046577,0.0010861061,0.048952892,-8.64364e-06,-0.025963925,-0.0011036054,-0.05615268,-1.5738757,-0.6714037,-0.052235182,-1.6109573,-0.060480524,0.007906996,-0.67723167,0.03695385,-0.00027446804,0.0021707695,0,0.00042071776
-1.1903234,-0.33496585,-0.3302084,-0.015229185,0.3101777,0.07176971,0.029147713,0.00996827,-0.044129916,-0.20585014,0.0027593286,-0.12772408,-0.26671487,-0.1685275,0.0016671593,-0.03058436,-8.643641e-06,-0.02732208,-0.08950071,0.03077412,0.3325506,0.6156342,0.17826517,-1.0780627,-0.015923576,-0.014993984,-0.6837966,0.0035649538,-0.00022811537,0.0029202527,1,0.046271928
-1.2472793,-0.74725705,-0.10403166,-0.016169876,-0.6831871,0.017589072,0.020170674,0.016715428,-0.060459036,-0.1804307,0.0021779714,-0.068113886,-0.14366066,0.004407514,0.0011913228,0.052413188,-4.044135e-05,-0.15037926,0.050714396,0.012303698,-1.3888602,-0.7584281,0.08394615,-1.5592167,-0.030390423,0.0067266324,0.05594482,-0.74494743,-0.00089857314,0.0029177177,0,0.0005271572
-0.51917064,3.807576,0.028850716,-0.025228184,-0.24572954,-0.8503529,0.031095255,0.017113633,0.22469872,0.38293734,0.011471487,-0.10892714,-0.090841,0.03889168,0.00518818,0.08554361,-8.64364e-06,-0.0126965605,-0.006848336,0.0046657743,-0.76808715,-0.41552874,-0.02289445,2.2533581,-0.013761391,0.029722264,0.21430142,0.10702963,-0.00029923965,0.007343122,1,0.9849091
-0.88823724,-0.055277493,-0.30665326,0.03910171,0.012836699,-0.29909843,0.026362762,0.010010137,-0.060098153,0.01721063,0.0025481035,-0.011089913,-0.13838695,0.004392375,0.0015423902,0.05269116,-8.64364e-06,-0.01413611,0.0008819187,-0.055587094,-1.2074239,-0.85655797,-0.047056086,-2.4402277,-0.07448719,0.0126603255,-0.7430417,0.053090177,-0.0003189745,0.003000453,0,0.00095551746
-0.6320582,-0.068671495,-0.2112188,-0.019489488,0.10560828,-0.4279129,0.04445025,0.020400183,0.23432988,0.44079596,0.0072016083,-0.10137841,-0.06356321,0.028839571,0.0040568737,0.08853657,-2.2618437e-05,-0.017350536,0.011524927,-0.01819495,-1.0280954,-0.09278647,-0.025397977,2.0728703,-0.020513315,0.028818024,0.21108562,0.13155402,-0.000296755,0.007343122,1,0.67250097
-0.0815092,0.08218958,-0.5506944,-0.023979988,-1.0187701,-0.45505533,0.042050526,0.02029854,-0.08432225,0.032354347,0.007399441,-0.21149868,-0.007564816,-0.034690313,0.003876515,-0.15085083,-1.322949e-05,-0.0052668145,-0.028405065,0.0019337258,-0.16674429,-0.49886638,-0.04150099,2.0715969,-0.019147601,0.027525473,0.2220138,0.120324224,-0.00040086178,0.007343122,1,0.32490486
-0.20864345,-0.25603694,-0.091986775,-0.01076262,0.30227306,0.02666462,0.030228551,0.011903253,-0.13874151,-0.18591495,0.002578534,0.009674106,-0.058844708,0.00885294,0.0014421488,0.041348573,-8.643641e-06,-0.017221468,-0.02464608,0.0315812,0.6213189,0.712587,0.16116844,-0.9418657,-0.015757935,-0.031908005,-0.045286603,-0.6365861,-0.00037574657,0.0029177177,0,0.3338118
-0.80282354,-0.3244114,-0.23937061,-0.03626735,0.31379142,-0.62450856,0.026860207,0.009477379,-0.002775686,0.054339904,0.002594268,-0.06705344,-0.059993077,-0.13160521,0.0017615138,0.027805282,-8.64364e-06,-0.007698166,-0.034924816,0.02812665,0.17743957,0.29209983,0.12717974,-1.4107004,-0.017678251,-0.048715428,-0.11374191,-1.0958999,-0.00029780815,0.0029794767,1,0.01898451
-0.5461104,-0.7491751,-0.21815799,-0.0274839,0.047970857,0.09667098,0.050075177,0.019752,0.24331215,0.3697319,0.0063845296,-0.070530795,-0.02835765,-0.018488117,0.004683327,0.16530024,-8.64364e-06,-0.050072312,0.024555,0.0073181572,-1.719715,-0.12399214,-0.028013075,1.8724325,-0.012419708,0.027509723,0.19006291,0.11619043,-0.0003547357,0.00681803,1,0.41701013
-0.070647046,0.0090826,-0.17116818,0.050873857,-0.024818221,0.08463293,0.047437184,0.021657096,0.24333993,0.51058996,0.00764562,-0.16395451,-0.055938657,0.009572816,0.0041950056,0.07512599,-4.9424183e-05,-0.012263486,0.0013983798,-0.008227602,-0.123290315,-0.103681505,-0.021726286,2.4100368,-0.014173132,0.032823335,0.24060948,0.14127521,-0.0003703221,0.007343122,1,0.95836884
-0.57991123,-0.1858195,-0.39348006,-0.025946314,-0.4963047,-0.08648044,-1.796871,0.017164223,-0.12521294,-0.06980335,0.0025595322,0.055590592,-0.43429804,-0.14372589,0.019238163,0.053844664,-8.64364e-06,-0.042862974,-0.025625644,-0.029584939,-1.8912659,-0.2283766,-0.025128175,1.5782578,-0.014083286,0.022595106,0.15774584,0.0684024,-0.0027512973,0.004204396,0,0.009864642
-0.73741513,-0.016111715,-0.11359234,0.063648656,-0.15545541,0.6894157,0.04584979,0.020043777,0.2269705,0.499982,0.0075962013,-0.063362725,-0.123365454,0.038026877,0.004334265,0.07298153,-4.9424183e-05,-0.010574713,0.00556254,-0.012326145,-0.14898154,-0.18096057,-0.038097505,2.3296592,-0.017134618,0.030858584,0.22707485,0.13311155,-0.0002722789,0.007343122,1,0.94234055
-1.4981391,-0.26183465,-0.22933301,-0.022390604,-0.28254288,-0.24442305,0.04152398,0.024232514,-0.075397216,0.011321586,0.0067952857,-0.31297714,-0.034964643,-0.05854156,0.0037902829,0.010507195,-4.9424183e-05,-0.0037243643,-0.0036852455,-0.0118842935,-0.12144851,-0.6342366,-0.022933267,1.9494617,-0.023167698,0.028911341,0.20559342,0.12613577,-0.00029361335,0.007343122,1,0.19508572
-1.2941195,0.07566909,-0.53692657,-0.009996802,-0.40318546,-0.75928634,0.038855035,0.011452979,-0.5142002,-0.7460914,0.0015707379,0.027056605,-0.0038438549,-0.056752875,0.0011418526,0.04366265,-2.2618437e-05,-0.009822547,-0.0027580522,-0.030779984,-1.2163715,-0.4371963,-0.038146134,-1.186012,0.3697715,0.016305106,0.05111399,0.053900395,-0.0002501863,0.004334671,0,0.0014397056
-0.24156417,0.021203773,-0.60406584,-0.013750939,-0.9255502,-0.042630665,0.02225376,0.01083582,-0.084858336,-0.10109564,0.0024371624,0.14352189,-0.000494753,-0.08057131,0.001469816,-0.12591822,-1.322949e-05,-0.018740233,-0.045132253,-0.0028506485,-0.90715575,-0.9810673,-0.07749386,-2.4640288,-0.051955838,0.012350952,-1.0035608,0.058383115,-0.0003978021,0.003000453,0,0.0005592297
-1.1603254,-0.2683752,-0.18926041,-0.008514359,-0.6549804,0.028906498,0.022045555,0.008991787,-0.1970492,-0.5631013,0.001824851,0.038870968,-0.142674,-0.027441368,0.0010279719,0.05084212,-6.685659e-06,-0.007949501,-0.0051745577,-0.03573045,-1.4951668,-0.5891385,-0.05052567,-1.5254326,-0.045584254,0.005049055,0.043068178,-0.66994786,-0.00058790075,0.0021424429,0,0.000595719
-0.520102,3.6631372,-0.2863361,-0.027761567,-0.22019641,0.09615097,0.04348712,0.013096404,-0.16301529,-0.4736145,0.011253995,0.03166686,-0.084811576,-0.014223063,0.004712945,0.07107715,-8.64364e-06,-0.02714942,-0.0052274037,0.008503861,-1.1993281,-0.23291187,0.047129106,1.9865793,-0.011305017,0.021947388,0.18097284,0.09335319,-0.00026164675,0.005835264,1,0.9535451
-1.2050953,-0.17034347,-0.34478676,-0.013923146,-0.06760811,-0.013617191,0.02826292,0.0111412965,-0.06496288,-0.050912373,0.0024122235,-0.1351899,0.008358808,0.00073784275,0.0014937383,0.04428211,-1.322949e-05,-0.017375775,-0.036700398,0.0059758546,-0.92646074,-0.5768711,-0.065136194,-2.4045928,-0.044782583,0.013175056,-0.81665033,0.06039015,-0.00037575315,0.003000453,0,0.0011496859
-0.834466,-0.17615804,-0.32271537,-0.008154093,-0.17091891,0.18503568,0.026497528,0.009515851,-0.13279021,-0.40995002,0.0025330933,-0.33890188,-0.11251842,0.0021683518,0.0013041119,0.025905708,-2.516625e-05,-0.0133987125,0.0004050504,-0.035446193,-1.2207632,-0.67251927,-0.046063174,-2.1096542,-0.06741184,0.0116139995,-0.00081428885,-0.88553554,-0.00062487146,0.002392764,0,0.0006870617
-0.48775506,-0.12641275,-0.3096329,-0.021714631,-0.38346788,0.04085376,0.044559125,0.017874945,0.024415914,0.205328,0.00832117,-0.13443092,0.10203978,0.055307943,0.005424647,0.1345122,-8.64364e-06,-0.042302255,0.007616073,-0.028384268,-1.0866274,-0.12104197,-0.027606368,2.0053442,-0.0139292125,0.027962547,0.2002101,0.114932306,-0.0002780885,0.007039069,1,0.5565574
-0.43676358,0.025880419,-0.19580391,0.09241824,-0.5418241,0.28744593,0.030222211,0.017863922,-0.15613222,-0.58817613,0.0067361253,0.15194254,0.03601071,-0.0026297704,0.003029273,0.078700475,-4.9424183e-05,-0.021114085,-0.007180124,-0.013130153,-0.3948585,-0.20839536,-0.025428958,2.1703565,-0.013796341,0.024306176,0.17405401,0.10288663,-0.00026876593,0.004971542,1,0.64801514
-0.5289569,-0.13914028,-0.33197555,-0.024766108,0.037315924,0.045573644,0.05036024,0.018127905,0.24197814,0.41516873,0.0072462503,-0.08093245,-0.06304288,0.016956244,0.004069418,0.114637814,-8.64364e-06,0.013414556,-0.03755985,0.0077781733,-1.1522664,-0.15991504,-0.030557029,2.142781,-0.013882721,0.02902242,0.21438426,0.121691406,-0.0002958097,0.007343122,1,0.7178059
-1.5521737,-0.82197934,-0.11434665,-0.005452627,-0.07363298,-0.2930478,0.033570886,0.019938817,-0.052973773,-0.20739779,0.0019413015,0.032711912,-0.103773065,-0.15537705,0.0012704349,0.025890702,-4.044135e-05,-0.012926671,-0.05686928,-0.02237785,-1.3670956,-0.51943797,-0.04391918,-1.6618599,-0.05304107,0.014635314,0.07748501,0.045702323,-0.0009894249,-0.33958405,0,0.0007489435
-1.0451267,3.5366452,-0.014999805,-0.013387897,0.06086525,-0.5019705,0.034911033,0.021281239,0.1754031,0.3073226,0.01113122,-0.3113286,-0.07445181,0.0772272,0.004920445,0.06969712,-4.9424183e-05,-0.005113657,0.0019910312,-0.009878011,-0.30774918,-0.56547976,-0.021967735,2.1486115,-0.016453978,0.032095328,0.20219865,0.1281907,-0.00042269472,0.007343122,1,0.98093235
-1.1103438,-0.37091082,-0.27989876,-0.031877544,-0.7881532,-0.00719871,0.019864814,0.010338304,-0.05919833,-0.15435039,0.0024945042,-0.043179117,-0.34681672,-0.08785567,0.0013779213,-0.35183007,-8.64364e-06,-0.09895198,-0.11053111,0.011085408,-1.2835381,-0.6601431,-0.07354005,-1.7755048,-0.040219348,0.00733018,-0.6571232,0.04831872,-0.00036950357,0.00293994,0,0.00026948148
-0.68501914,3.0979786,-0.12491579,-0.004268552,-0.05764791,-0.34040704,0.038531672,0.021107689,0.19899404,0.34478638,0.0110811815,-0.2986933,-0.091695316,0.02270032,0.004918174,0.065869644,-4.9424183e-05,-0.0048864703,0.0024769264,-0.012084777,-0.26168677,-0.40867206,-0.022253409,2.1444044,-0.01751095,0.03020456,0.22139561,0.1307249,-0.00042539486,0.007343122,1,0.98238707
-0.22210626,-0.16545549,-0.33468342,-0.01695795,0.2861851,0.00041767035,0.026903542,0.0100371875,-0.046338785,0.002768915,0.0027262813,-0.06326696,-0.051412523,-0.08627858,0.0016916028,0.024726396,-8.643641e-06,-0.26837412,-0.09953365,0.029841358,0.4391689,0.5794701,0.1619171,-1.5435578,-0.016374486,-0.040565383,-0.028275197,-0.70372134,-0.00029533246,0.0029794767,1,0.10819452
-0.29590744,-0.2012392,-0.15619059,0.057871025,0.02988909,-0.14187305,0.03565468,0.009903439,0.005927665,0.04834868,0.002904255,-0.32416385,-0.6132338,-0.28567603,0.0018057708,-0.039688233,-8.64364e-06,-0.022354119,-0.005831136,-0.036404043,-1.199689,-0.6134104,-0.046050552,-2.6203332,-0.057184856,-0.9539363,0.10365065,0.0805155,-0.0005830238,0.004005665,0,0.00072818325
-0.47268206,-0.095740564,-0.26348045,-0.05125972,-0.009925726,0.08967465,0.0536046,0.019727854,-0.04558761,0.15870397,0.0075388188,0.13076203,-0.089182466,0.017883731,0.0042033093,0.08041074,-1.322949e-05,-0.011558689,0.0060932804,-0.011862109,-0.32289165,-0.4766514,-0.025416618,2.3052251,-0.014256989,0.02952483,0.23233102,0.13353732,-0.00037881284,0.007343122,1,0.8013462
-0.4578715,3.2185826,-0.18634343,-0.021676078,-0.41498807,0.11236063,0.024533765,0.01613467,-0.6286226,-1.1374286,0.0070391623,0.1864951,-0.004250105,0.012353465,0.0027757643,0.06774817,-2.2618437e-05,-0.019309534,0.00023731035,-0.015178337,-1.1892848,-0.16770175,-0.021778539,1.7801477,-0.01376585,0.021510541,0.16144404,0.09595392,-0.000287445,0.004417057,1,0.8088073
-1.4647043,-0.28003532,-0.20934093,0.022080647,-0.037412055,-0.4467858,0.047761783,0.021347253,0.21830134,0.42645663,0.007526381,-0.022760378,-0.080546,0.06950707,0.00414915,0.07308405,-1.322949e-05,-0.003261497,0.0028150573,-0.010540574,-0.075375706,-0.14098714,-0.021966914,2.213764,-0.017118568,0.030925525,0.21198809,0.1299636,-0.00037080864,0.007343122,1,0.66481954
-1.3321854,-0.16970095,-0.3419866,-0.0049151597,-0.19797361,0.02848139,0.025898995,0.010520863,0.06949177,0.13821115,0.0026952776,-0.33944184,0.0013314653,-0.0031497087,0.0017816602,0.055786353,-1.4532401e-05,-0.016711626,0.022566218,-0.03421317,-1.5457504,-0.7229306,-0.047541708,-2.4021833,-0.064495556,0.010503968,0.08281099,-0.8862694,-0.00057685014,0.0029794767,0,0.00047680284
-1.0271723,3.1107843,-0.19852097,-0.011473099,-0.008561553,0.2275686,0.040335815,0.020257538,0.13337259,0.20219074,0.0115301125,-0.059737246,-0.11872697,0.008497164,0.0051403902,0.06559058,-1.322949e-05,-0.0044377553,-0.0024341426,-0.010478786,-0.17624098,-0.24563502,-0.045396354,2.3255572,-0.01577915,0.029133825,0.22464192,0.11855407,-0.00037895958,0.007343122,1,0.9901906
-0.22398178,-0.042311147,-0.32818612,0.056085803,-0.30956593,0.056084212,0.022549372,0.00884653,-0.19321088,-0.4026591,0.002083516,-0.3123119,0.0046324995,0.0041414676,0.0012995768,0.020772222,-2.2618437e-05,-0.020282023,-0.0049873376,-0.050009996,-1.5150156,-0.6892616,-0.044419657,-2.150852,-0.070850395,0.010419598,0.035317205,-0.8130837,-0.0004958535,0.0023567537,0,0.0009693968
-0.803178,-0.29532853,-0.16602448,-0.006291284,-0.12023376,-0.2675749,0.025565311,0.013638576,0.14058946,0.23744023,0.0025034477,-0.29583308,-0.004552789,-0.10333109,0.0014897404,0.06449571,-2.516625e-05,0.0020107112,0.014013569,-0.025355585,-1.0268502,-0.5591876,-0.028177757,-2.5429308,-0.058924574,0.009004057,0.07964105,-0.98300695,-0.00083363673,0.002999396,0,0.0012477107
-1.3446232,-0.2692833,-0.23394486,-0.013066238,-0.14533077,-0.29124418,0.045320682,0.022313448,-0.05567081,-0.0034049838,0.007493495,0.11783881,-0.12483593,0.043039463,0.0041945945,0.060964596,-4.9424183e-05,-0.011532309,-0.004057833,-0.010224612,-0.37127823,-0.23787995,-0.023305785,2.1422043,-0.020093488,0.02910482,0.2199313,0.12368656,-0.00037921342,0.007343122,1,0.41879618
-0.60401964,-0.20160045,-0.21155196,-0.037314776,0.27598086,-0.0035896432,0.029065328,0.009929563,-0.07343253,-0.06657172,0.0027516452,0.015296932,-0.07310364,-0.007988181,0.0015274901,0.028870855,-8.643641e-06,-0.030324133,-0.041862834,0.039125696,0.6492436,0.7569156,0.17926393,-1.0942013,-0.01557243,-0.014179332,-0.7079698,0.022204168,-0.00022811537,0.0029202527,0,0.23841871
-0.7774123,-0.16970257,-0.1900319,-0.029892508,-0.03218057,-0.5253645,0.044326633,0.024710609,0.18381777,0.35441262,0.0074402965,-0.013123136,0.021532029,-0.020203458,0.0041948664,0.090363204,-1.322949e-05,-0.0065994128,-0.026558027,-0.011830269,-0.24036466,-0.24556997,-0.02162772,2.1819277,-0.018073304,0.030671248,0.23424484,0.14047757,-0.00037400206,0.007343122,1,0.7321567
-1.0445372,-0.1757756,-0.3447656,-0.018409472,-0.063085645,-0.032416068,0.02776063,0.012069722,0.088644125,0.2205114,0.0025799621,-0.12867673,-0.0016894317,-0.03426451,0.0015283887,0.05944862,-1.322949e-05,-0.032770045,-0.058972728,-0.0029145242,-0.88654673,-0.61931133,-0.0752595,-2.7445798,-0.04664658,0.014285507,0.09972511,-0.98979044,-0.0006753412,0.003061155,0,0.0011550698
-0.85114294,-0.09012802,-0.28895062,-0.07594458,0.061884336,0.10131431,0.055570964,0.017743295,0.24213766,0.47151837,0.008481653,0.076503105,-0.068687394,0.021808743,0.0056390893,0.13548237,-8.64364e-06,-0.018376598,0.006913908,-0.01817664,-1.30367,-0.1443001,-0.025329098,2.1009321,-0.013293385,0.028310135,0.19720522,0.12920474,-0.0002818554,0.007039069,1,0.6853467
-0.8414484,-0.18088196,-0.15490279,-0.0024517963,-0.0124472715,-0.012122295,0.026367648,0.008186277,-0.09814764,-0.33076215,0.0025085185,-0.063475125,-0.10131479,0.009020296,0.0012261941,0.041448917,-6.685659e-06,-0.016877934,-0.007675744,-0.05209336,-1.3581505,-0.85768235,-0.044093225,-1.9451277,-0.06174504,0.008624186,-0.004835028,-0.8011318,-0.00054988294,0.002392764,0,0.0010699253
-1.3136423,-0.5860829,-0.02600732,-0.0044152685,0.32818273,-0.24629161,0.028099472,0.017190699,-0.03382819,-0.13974392,0.0024125886,-0.11046091,-0.11377865,0.05323375,0.001413746,-0.13156168,-2.4539833e-05,-0.2384528,-0.0048263296,0.020525368,0.13962066,0.6393569,0.14763995,-0.9220268,-0.0138007635,-0.03515736,-0.0729275,-0.7547583,-0.00069983123,0.0029177177,0,0.033606898
-0.81165975,-0.29630768,-0.1774231,-0.009661163,-0.040835332,-0.27425188,0.028054973,0.011534836,0.03152026,0.18138492,0.0025558863,-0.069045655,-0.0734044,0.03177402,0.0014678402,0.06255384,-9.260577e-06,-0.08109074,-0.028078526,0.001857622,-0.9735506,-0.8092224,-0.075950086,-2.421016,-0.05573314,0.010361313,-0.73970234,0.06282368,-0.00045250665,0.00293994,0,0.0015019123
-0.5751673,-0.5468332,-0.11704305,-0.02277754,-0.093646385,0.022604669,-1.5590949,-0.3169396,-0.24241616,-0.56399,0.0019307962,0.028991215,-0.114140496,0.0052876114,0.007399192,0.0396479,-4.044135e-05,-0.0072892206,0.0052938387,-0.04684522,-1.2696474,-0.5856763,-0.050629623,-1.4905967,-0.032692727,0.009082581,0.046990342,0.050954785,0.003381392,0.0022046738,0,0.0006092684
-0.9035716,-0.40620443,-0.16530581,-0.022104386,-0.00955996,-0.03516913,0.029877786,0.010296651,-0.008549807,0.0723943,0.0022861827,-0.09860442,0.0047727954,-0.015279432,0.0016383481,0.0608279,-8.64364e-06,-0.06994845,0.0042269714,0.019202543,-1.1400607,-0.63566977,-0.07696237,-2.244536,-0.041291017,0.010165396,-0.77521145,0.048713308,-0.0003316427,0.0028597396,0,0.001705729
-1.3538963,0.011587612,-0.6228607,-0.011994992,-0.57475007,-0.032288574,0.029631885,0.010798949,-0.08070768,-0.016959535,0.0024917661,0.026311139,-0.033378027,-0.03982769,0.0013329653,0.04510593,-8.64364e-06,-0.026789466,-0.06039399,-0.040979303,-1.5806205,-0.63166976,-0.060922496,-1.9814135,-0.051010776,-0.9210571,0.120357454,0.038277626,-0.0006107419,0.004005665,0,0.00040018247
-0.73461014,-0.8282816,-0.17253742,-0.030382112,-1.4189425,-0.4401916,-1.4784465,-0.42867643,-0.0882143,-0.07484892,0.0011703018,-0.18718354,-0.023186052,-0.012424521,0.010050762,0.0057126144,-0.0010200533,-0.003823567,-0.004070583,-0.031735875,-0.7042035,-0.49260405,-0.039891336,-1.4610409,-0.04321105,0.011847884,0.029942056,0.047386218,0.002708954,0.003099145,0,0.000188061
-0.7875052,-0.52146715,-0.18562779,0.01505644,0.25559038,0.07340783,0.034452055,0.009531723,-0.21126209,-0.43328536,0.0019543837,0.07237026,-0.10310491,-0.016840303,0.0011332186,0.029867303,-8.643641e-06,-0.021896705,-0.03790673,0.026752576,0.41768935,0.2982913,0.15534441,-0.9902403,-0.015418117,-1.0539874,-0.023252787,-0.0010977199,-0.00026056322,0.0025372817,0,0.04741992
-1.5668725,-0.30009082,-0.16201983,-0.0052510863,-0.072594464,-0.051001254,0.028371666,0.010065789,-0.06410679,-0.043515064,0.0022119477,0.034783855,0.010497858,-0.026277939,0.0013185088,0.04072715,-6.685659e-06,-0.006399846,-0.007793662,-0.040614124,-1.4082694,-0.5685151,-0.049223397,-1.7508565,-0.042589944,0.003431551,-0.7036008,0.059313223,-0.0003316427,0.0028597396,0,0.0012702141
-0.08680551,0.11597272,-0.48145565,-0.03127062,0.09381454,0.0012083588,0.054031093,0.017192254,0.019107725,0.07464256,0.008284319,0.010144378,-0.025322514,0.04012938,0.005185493,-0.12174225,-8.64364e-06,0.03587514,-0.109329,0.0021748352,-1.3657517,-0.24718286,-0.030427884,2.059723,-0.015313273,0.0247301,0.2151906,0.12000698,-0.00030390435,0.007039069,1,0.5983493
-0.57689655,-0.86944574,-0.10042021,-0.02033637,-0.25934345,-0.53899,-1.421119,-0.517034,-0.03772899,-0.12242971,0.0017005284,-0.27070665,0.044619747,-0.008950745,0.0119762495,0.017788282,-4.5451732e-05,-0.115805745,-0.09893155,0.004266766,-0.80197597,-0.4868726,-0.055683404,-2.104519,-0.051155627,0.008450471,0.061880197,0.060658004,0.001134763,0.003099145,0,0.00026546506
-0.6214145,-0.14350067,-0.41006774,-0.08025067,-0.18345235,0.08935908,0.03075295,0.024389397,0.013106808,-0.04989222,0.0073590456,0.14440776,0.22383307,0.10363603,0.004298091,-0.030006196,-1.322949e-05,-0.00865255,-0.011333503,0.0035252795,-0.0068489965,-0.37193295,-0.030453186,2.267241,-0.017491587,0.02919241,0.23395845,0.13339968,-0.0002460998,0.007343122,1,0.7956458
-0.801394,-0.25385523,-0.20105307,-0.011617311,0.27177507,0.07268926,0.0357261,0.009191927,-0.22768477,-0.41795507,0.0017701543,0.070096046,-0.10926361,-0.40226424,0.0011265053,0.03616007,-8.64364e-06,-0.0129713975,-0.037322707,0.023528788,0.32496393,0.47178906,0.15019315,-0.9213382,-0.016363256,-0.8091087,-0.019792393,0.036604397,-0.00026623235,0.0025372817,1,0.06151101
-1.0199075,-0.7681518,-0.13597442,-0.035502084,-1.2890118,-0.5707398,-1.4428122,-0.44693354,0.049506113,0.056303527,0.00108929,-0.1543533,-0.47558475,-0.15082824,0.0102002155,-0.0047104396,-0.0010200533,-0.012214636,-0.06963053,-0.028773902,-0.79437965,-0.5372355,-0.042272672,-1.2044857,-0.04248199,0.012324018,0.044236377,0.041347843,0.002708954,0.003099145,0,0.00012374784
-0.9689742,0.02177433,-0.36581373,-0.01201328,0.008010323,0.17423113,0.050647296,0.020420784,-0.031079253,0.08420708,0.007401324,0.15635854,0.04238352,0.022899503,0.004272676,0.09794289,-1.322949e-05,-0.0136814155,0.009743795,-0.011860992,-0.20121357,-0.17835815,-0.024688067,2.1841283,-0.015107444,0.022576721,0.2591195,0.1209738,-0.00039709487,0.007343122,1,0.8146161
-0.7569895,0.006762634,-0.5948761,-0.001336267,-0.08480639,-0.2285138,0.026975585,0.009436266,-0.093559295,-0.13237242,0.0026031735,-0.033587586,-0.30389622,-0.050393224,0.0016962216,-0.22003448,-6.685659e-06,-0.028526487,-0.10930437,0.013202472,-1.2990221,-0.6023342,-0.07631217,-1.9994859,-0.056040555,0.007339921,-0.73965967,0.051428,-0.00031110412,0.0029202527,0,0.00068874523
-1.2735542,-0.87215024,-0.06611244,-0.024328694,-0.327056,-0.1017794,-1.4244064,-0.44733,-0.10207271,-0.1310782,0.0024756663,-0.0706444,-0.18459493,-0.5601891,0.011039657,-0.2429247,-4.044135e-05,-0.07600286,-0.058653977,-0.004197228,-1.352981,-0.54460335,-0.05981283,-1.368813,-0.031532332,0.010015706,0.049289953,0.031161392,0.0028561575,0.0030132602,0,0.00010042917
-0.084574565,-0.24047358,-0.17675132,-0.04770935,-1.1324129,0.18885936,0.038641356,0.017785026,-0.22054061,-0.23613073,0.007246268,-0.007298009,-0.34202194,-0.07600448,0.0037673372,-0.44260138,-8.64364e-06,0.03938223,-0.076300584,0.0021559866,-1.3132492,-0.27138525,-0.02983061,1.8204952,-0.013100495,0.026121233,0.20706888,0.121105984,-0.0002958097,0.007343122,0,0.09782186
-1.182271,0.11595991,-0.45565954,-0.03179283,-0.10465765,0.008355537,0.039081167,0.022652082,-0.006694327,0.07795738,0.007370516,-0.1668127,-0.03723922,0.0137618715,0.0041794693,-0.04544968,-4.9424183e-05,-0.017664915,-0.04531338,-0.00038902825,-0.17354004,-0.12779965,-0.044148456,2.2333949,-0.015046114,0.027745921,0.22940603,0.12628539,-0.00028171495,0.007343122,1,0.6148485
-1.4795598,-0.8400942,-0.16157387,-0.021097777,-0.099517,0.021758562,-1.6525882,-0.39451045,-0.0785417,-0.20794767,0.002031362,0.104948916,0.016291913,-0.034838974,0.010443144,0.03795404,-0.0010200533,-0.0044064834,-0.082373776,-0.031954795,-0.7491526,-0.5129478,-0.042421043,-1.922981,-0.047040924,0.011269463,0.025517575,0.037931997,0.009175418,0.0024028458,0,0.00031088098
-0.61499333,-0.14378949,-0.22830357,-0.045572456,-0.0050584115,-0.11178251,0.024315517,0.010078545,-0.07622205,-0.0057501853,0.0025376603,0.050568048,0.05716583,0.032080587,0.0015838287,0.017545527,-8.64364e-06,-0.016839745,0.006605991,-0.053161334,-1.418037,-0.4349445,-0.048101626,-2.106635,-0.04870369,0.01462391,-0.78385746,0.056232274,-0.00026840635,0.0029202527,0,0.0028524406
-1.2610263,-0.043806758,-0.30956572,0.065534994,-0.13507256,0.05549077,0.029328477,0.011064838,0.03526475,0.1316848,0.002440126,-0.07949681,-0.55986273,-0.28409657,0.0013656119,-0.012576678,-4.9424183e-05,-0.015727544,-0.05744945,-0.0007984291,-0.7396332,-0.6357695,-0.077481665,-2.3948305,-0.058662213,0.011577239,-0.9437696,0.04155845,-0.00039741845,0.003000453,0,0.00073661277
-0.8815686,-0.19749078,-0.3157874,-0.0074109277,-0.016860282,-0.026290614,0.028074518,0.009848243,-0.027202899,0.036862154,0.0025748804,-0.03109894,0.035013624,-0.0059787426,0.0017618348,0.05983758,-8.64364e-06,-0.019663852,-0.03910159,0.025678856,-1.2438656,-0.589749,0.085109085,-2.2579958,-0.044136506,0.013155351,-0.78176504,0.055307783,-0.00026867044,0.0029202527,0,0.002191342
-0.5825202,3.5326664,-0.009857634,-0.01189136,0.07121923,-0.7783854,0.032275345,0.019108895,0.23197043,0.45190388,0.011608349,0.09703533,-0.05297115,0.06160652,0.0050027966,0.06739744,-2.516625e-05,-0.006376878,0.01379251,-0.006440565,-0.18890809,-0.12743746,-0.021774685,2.3668544,-0.013260428,0.032413926,0.22328371,0.13165572,-0.00038224278,0.007343122,1,0.9961887
-0.6509473,3.4549725,0.20529002,0.22527084,-0.13371654,-0.31937364,0.031648576,0.015485558,0.02817391,0.078858405,0.011509464,-0.026568037,0.06504849,0.01347031,0.005633735,-0.015974652,-4.9424183e-05,-0.023098433,0.043542817,0.0006728825,-0.17849045,-0.12615904,-0.026164664,2.3520641,-0.0134320585,0.029981483,0.20269407,0.12473415,-0.0002886365,0.007343122,1,0.99546415
-0.20842369,-0.34221885,-0.17170335,-0.020620463,-0.0650361,-0.05172751,0.029934365,0.010504321,0.08631669,0.15436275,0.0024944989,-0.04558681,-0.075260825,0.020760436,0.0014438458,0.068028145,-8.64364e-06,-0.068508565,-0.0069639464,0.020193258,-1.2555631,-0.7848206,-0.077616535,-2.3245604,-0.05054386,0.008543808,-0.7679542,0.064944245,-0.00036950357,0.00293994,0,0.0029062845
-1.4459854,-0.8270362,-0.08717803,-0.032951336,-0.049661905,0.035682373,-1.5463573,-0.4489508,-0.051029813,-0.13257357,0.002625862,-0.1270319,-0.29020575,-0.053528666,0.011422992,-0.33459473,-9.558551e-05,-0.09215191,-0.05686263,-0.009122933,-0.89720815,-0.74697423,-0.073891744,-1.8667926,-0.03772588,0.0100494735,0.06917302,0.033791654,0.0033126962,0.003099145,0,0.000119783246
-1.5374898,-0.7000194,-0.14484565,-0.020639053,-0.08778681,0.03225902,-1.6370676,-0.37333846,-0.27387965,-0.5701472,0.0018882055,0.03152877,-0.114019856,0.02029478,0.0073867803,0.047680125,-0.0010200533,-0.007304256,-0.083478004,-0.03142215,-0.6953321,-0.5399924,-0.045913503,-1.695131,-0.04824947,0.009802451,0.048925076,0.019132549,0.0029247182,0.00224216,0,0.00023074618
-0.9067643,-0.11997038,-0.15887141,-0.0055795843,-0.57794875,-0.53790265,0.04150654,0.022459034,-0.064592056,0.122281246,0.0072859717,-0.29491413,-0.06990541,-0.1383796,0.004211216,0.052719083,-1.322949e-05,-0.011287396,-0.0013397604,-0.01704196,-0.17506096,-0.34497282,-0.023866175,2.1204736,-0.02301689,0.025608832,0.2256029,0.12355566,-0.00037329114,0.007343122,1,0.3296652
-1.2611284,-0.78395927,-0.09666068,-0.012143898,0.31512928,-0.32711902,0.02802376,0.012205624,0.0073723895,0.034942303,0.0018637623,-0.090004325,-0.038424075,-0.07133555,0.0013338662,-0.047916856,-4.044135e-05,-0.45464933,0.03542601,0.027338613,0.5054688,0.67423916,0.17310366,-0.70669144,-0.017441973,-0.047830902,-0.8294187,-0.08085696,-0.00059478753,0.0028597396,1,0.04574467
-0.08921175,0.048024487,-0.40839323,-0.0109511735,0.014564775,0.015140515,0.051231742,0.020650465,0.18900801,0.4275449,0.0075120013,-0.044415854,-0.109509856,-0.11452635,0.0042762426,0.065472335,-1.322949e-05,-0.01593979,0.012871178,-0.011730344,-0.13848695,-0.41318658,-0.024109455,2.3790264,-0.015399445,0.0290664,0.25721318,0.12848061,-0.00039556128,0.007343122,1,0.9063795
-1.562168,-0.8435848,-0.13711372,-0.024288652,-0.35184306,0.037129786,-1.6040493,-0.4942744,0.010110562,-0.022092963,0.0025828944,-0.17593591,-0.29421255,-0.0113141425,0.016559351,0.0076988055,-0.0010200533,-0.020389527,-0.0592143,0.0014631981,-0.75900745,-0.5169846,-0.07316386,-1.5845554,-0.0395515,0.012572106,0.0292302,0.038010005,0.010912541,0.003099145,0,0.00022563977
-1.5345571,3.4739332,0.019325944,0.07990362,0.03017136,0.055815175,0.033443253,0.016943326,0.17092077,0.3079889,0.012245485,-0.05077346,-0.054024827,0.013207658,0.0067994776,0.09102903,-6.685659e-06,-0.017345041,0.0023460651,-0.008950906,-1.0309298,-0.44784325,-0.020991312,2.2322254,-0.0138943875,0.024981594,0.20049997,0.112509325,-0.0002758493,0.007039069,1,0.97635764
-1.253292,-0.13073201,-0.23926662,-0.050883405,-0.67374086,-0.07922874,0.023457462,0.009708388,0.07951199,0.1901264,0.0029030484,-0.051195644,-0.10291256,0.008686462,0.0016915576,0.0700194,-8.64364e-06,-0.04365777,0.0058397017,0.014846338,-1.4352745,-0.5797333,-0.07002161,-2.3359492,-0.043649398,0.01177036,0.055683374,-0.8166587,-0.00058215065,0.0029794767,0,0.00059848337
-0.6526887,-0.19557235,-0.310147,-0.010542915,0.04327372,-0.43165094,0.02575356,0.008679835,-0.21903637,-0.6370892,0.00171041,0.03805311,0.06986673,-0.034592863,0.0011049504,0.010278942,-8.64364e-06,-0.017173834,0.00081126037,-0.052284155,-1.3584241,-0.5168146,-0.0490799,-1.4968683,-0.062736094,0.008250806,0.041605644,-0.76528883,-0.00054521696,0.0022042019,0,0.0014282193
-0.5207049,-0.076995075,-0.29837945,0.12729998,-0.18848056,-0.0066662407,0.027487911,0.00991049,0.03763393,0.10987773,0.002935196,0.093977824,-0.41021657,-0.21008563,0.0018316046,-0.005571066,-2.2618437e-05,-0.022150641,-0.0023088471,-0.05302539,-1.4222054,-0.75639886,-0.047594417,-2.5236173,-0.067021966,0.014368271,0.04322048,-0.9482442,-0.0005999868,0.0029794767,0,0.0008413049
-1.3595493,-0.23948316,-0.3345778,-0.015466511,-0.19165726,-0.26509747,0.030378183,0.011103738,0.13342986,0.21530712,0.0024420826,0.10294858,-0.030861633,-0.19745027,0.0015255694,0.042753533,-4.9424183e-05,-0.00939668,0.031421047,-0.03627944,-0.74611676,-0.5714736,-0.045892004,-2.6328473,-0.058535907,0.014973313,-0.86912924,0.061907746,-0.00037421958,0.003000453,0,0.00096347625
-0.91771907,-0.24916618,-0.18527277,-0.0080171805,-0.037589062,-0.02803227,0.029436324,0.008135719,-0.09283811,-0.29830655,0.0026851296,-0.0054600243,-0.10263528,0.0054755053,0.0014166686,0.041218493,-8.64364e-06,-0.016690342,0.0013140684,-0.0521579,-1.3409073,-0.62616235,-0.043805923,-2.1313913,-0.05137706,0.009817692,0.063202806,-0.83138716,-0.0005758554,0.00263106,0,0.0010635123
-0.711705,-0.19259591,-0.26555297,-0.047440905,-0.022496043,0.0046018064,0.02284021,0.008423181,-0.22051345,-0.5336911,0.0017912434,-0.36444268,-0.11544104,0.003705286,0.0010165104,0.050730854,-8.64364e-06,-0.014147232,0.0046271477,-0.05551635,-1.5494937,-0.89737856,-0.05188275,-1.6523677,-0.054862473,0.008704866,-0.6231004,0.041466102,-0.00025777885,0.0022062548,0,0.0007358659
-0.31570387,-0.8778194,-0.10332079,-0.022947352,-0.2644339,-0.26808143,-1.5153509,-0.45267454,-0.00079131644,-0.08936626,0.002428067,-0.25399208,-0.18663763,0.030867983,0.011235597,0.010536628,-9.558551e-05,-0.11480742,-0.087127954,0.0061025093,-0.9493542,-0.62309796,-0.07187416,-2.0728726,-0.052726526,0.008378048,0.06880689,0.05524871,0.003404995,0.003099145,0,0.00029925548
-0.67800957,-0.6201759,-0.150443,-0.008344872,-0.28676948,-0.21010321,-1.5578848,-0.36200893,-0.26790085,-0.60091215,0.0020105639,0.2001861,-0.14161742,0.039848957,0.007838984,0.039793253,-0.0010200533,-0.0011313687,0.004177288,-0.03533555,-0.61995,-0.50316876,-0.047253244,-1.7712858,-0.05627623,0.009348544,0.045061264,0.05154097,0.0026986573,0.00224216,0,0.00054958893
-0.6714762,-0.19124994,-0.1377879,-0.00698738,-0.7161696,-0.0073215044,0.020914134,0.015018001,-0.11838548,-0.019363118,0.002646678,-0.1709766,-0.61663073,-0.19231653,0.0013371015,-0.029401204,-2.516625e-05,-0.01121777,-0.013424714,-0.031898856,-0.52958363,-0.5695534,-0.035760775,-2.0921147,-0.0802564,0.011236413,0.09197882,-0.9275056,-0.0007205053,0.003061155,0,0.00089760235
-0.81133336,-0.31113517,-0.22378585,-0.0050892,0.27570993,-0.5100251,0.02554943,0.0075666006,-0.09401611,-0.2523615,0.0020023014,0.07728577,-0.022324923,-0.4472827,0.0012655372,0.014617643,-6.685659e-06,-0.02228613,-0.031892527,0.029956467,0.36689395,0.09847428,0.13058762,-1.0491216,-0.015966935,-0.029435562,-0.7007893,0.06598159,-0.00018261654,0.0023206142,0,0.031683248
-0.85766155,3.2795293,0.039551508,0.15151595,0.05301194,-0.6796783,0.035070866,0.017220024,0.008059964,-0.08407561,0.011718905,0.059044138,-0.35573897,-0.03410548,0.0053352974,-0.3028588,-4.9424183e-05,-0.020497108,-0.06179821,-0.006772138,-0.28334984,-0.2088357,-0.03457863,2.309157,-0.013205449,0.030816568,0.23148626,0.1261312,-0.00037280674,0.007343122,1,0.9686432
-1.145325,-0.1994073,-0.2972614,-0.05506955,-0.15951514,0.05521032,0.044831924,0.01693843,-0.05791871,0.10485084,0.0070752855,-0.45908353,0.019916767,-0.016287202,0.004210074,0.06261262,-6.685659e-06,-0.021099204,-0.0032631601,-0.0139647825,-1.5912082,-0.32685477,-0.011125278,1.8747962,-0.013183448,0.028135289,0.19581921,0.11758578,-0.00029174227,0.007343122,0,0.13913594
-0.49817234,-0.068216205,-0.3001318,-0.053970203,0.07341604,0.06208489,0.0551496,0.017786622,0.21681046,0.39677942,0.008344228,0.08827328,0.004549621,0.016751904,0.005716978,0.1617626,-8.64364e-06,-0.020639393,0.005924757,-0.017072678,-1.3160248,-0.22169822,-0.026824305,2.1078446,-0.014720916,0.028714513,0.20827216,0.13185017,-0.0002780885,0.007039069,1,0.744286
-0.99169654,-0.06830711,-0.36196736,-0.016964983,-0.2888316,0.009141421,-1.3887856,0.05413828,0.18479452,0.42059815,0.012860695,-0.09590019,0.34728742,0.095091015,0.036945544,0.017387243,-1.322949e-05,-0.014803125,0.0043490827,-0.012499447,-0.1074806,-0.15451902,-0.025334237,2.186783,-0.0150800515,0.022154579,0.2022231,0.090022154,-0.0009722195,0.004290281,1,0.5384157
-0.82889354,-0.2555197,-0.102280766,-0.012491798,0.28043973,-1.0857402,0.028783016,0.0105277365,-0.015154401,0.030217143,0.002407984,-0.10840438,-0.06776956,-0.020151768,0.0016026869,0.051258843,-8.643641e-06,-0.0037888507,-0.037455637,0.034915708,0.60637397,0.6946588,0.16566843,-1.027671,-0.014027845,-0.019858507,-0.6038303,0.029264843,-0.00027694547,0.0028597396,1,0.09489391
-0.7076887,3.3397498,0.047199935,0.133728,-0.13568264,-0.30451038,0.032626607,0.015403742,0.04922092,0.09863594,0.011547005,-0.0657325,-0.010650079,-0.025490444,0.005820153,-0.020876318,-2.516625e-05,-0.016985033,0.009026148,0.0010926595,-0.16660808,-0.0868206,-0.027925905,2.3404293,-0.017208237,0.029604763,0.22248882,0.12795171,-0.00036656094,0.007343122,1,0.99256694
-0.5479803,0.023523431,-0.24588251,-0.013157791,-0.10808771,0.08605455,0.04817318,0.014076574,-0.20940185,-0.7345437,0.006983204,0.18061091,-0.07835392,0.012916435,0.0035350795,0.051640894,-1.322949e-05,-0.015638793,-0.00089861616,-0.013373895,-0.43345883,-0.22628282,-0.03325016,2.1799357,-0.01528805,0.023952825,0.18030703,0.09543529,-0.00030525087,0.004971542,1,0.5610079
-0.4401673,0.038411457,-0.10549293,0.10364038,0.042451106,0.09682942,0.04599364,0.019675836,0.23561947,0.4329164,0.008514039,-0.036776256,-0.060264256,0.015650049,0.0057598623,0.099875495,-8.64364e-06,0.014658866,0.0034565502,0.0071558957,-1.1178485,-0.48858708,-0.028185774,2.2461388,-0.016695214,0.028483469,0.20011774,0.11894997,-0.0002954136,0.007039069,1,0.81548744
-0.5802835,-0.025151482,-0.63070583,-0.016166909,-0.09462273,0.0138563365,0.030785711,0.0096316375,0.08766096,0.16546565,0.002761207,0.045530472,-0.11291483,0.0021982247,0.0017414759,0.061619725,-8.64364e-06,-0.02209735,0.010122595,-0.05207879,-1.5326183,-0.8419655,-0.048575655,-2.4083712,-0.06062664,0.013530079,-0.927871,0.056987092,-0.00031110412,0.0029202527,0,0.0010684198
-0.21949157,-0.6282326,-0.09926298,-0.008843752,-0.015827069,0.0020235004,0.03240051,0.011815382,-0.009152247,0.04455069,0.0022911131,-0.034029532,-0.10569438,0.0003374773,0.0015622268,0.051016074,-4.044135e-05,-0.010187197,0.006158608,-0.052784566,-1.4579948,-0.58047426,-0.05129703,-1.8856769,-0.031860244,0.0134103345,-0.7546711,0.06260796,-0.00065949425,0.0028597396,0,0.0033146131
-0.8471916,-0.08089426,-0.2170344,0.020948257,-0.18646452,-0.55273205,0.04807009,0.017647844,0.2043321,0.48176065,0.0073151425,0.06517504,-0.05487029,-0.058509845,0.0042350716,0.03258534,-1.322949e-05,-0.010172759,-0.0040124822,-0.011492943,-0.114727564,-0.14530806,-0.023062082,2.2168581,-0.019039474,0.031581733,0.22631489,0.14011224,-0.00028117024,0.007343122,1,0.76629835
-0.8262966,3.5598922,0.15842062,-0.029746667,-0.09525038,0.06688199,0.037847497,0.018491073,0.021552356,0.06324824,0.011607669,-0.062039446,-0.22616668,-0.00435848,0.005195105,-0.15321873,-4.9424183e-05,-0.020656083,0.012687022,0.0011512409,-0.23441868,-0.13583532,-0.03243338,2.2784731,-0.012708006,0.030047836,0.23129554,0.12516151,-0.00038169808,0.007343122,1,0.9918761
-0.841869,3.3619046,-0.00094403344,0.07086044,-0.3431405,-0.1990483,0.021985177,0.021572798,0.19142719,0.27108473,0.011108344,-0.11217363,-0.015979407,-0.062044535,0.004821063,0.08988922,-2.516625e-05,0.004375873,0.0005479432,-0.0101404665,-0.3620159,-0.55774593,-0.006463912,2.0502849,-0.016182804,0.032070085,0.18212205,0.1294554,-0.00040701288,0.007343122,1,0.98076737
-1.1851137,-0.015871929,-0.34839025,-0.0014825108,-0.37006688,-0.25852838,0.021273825,0.008697094,-0.062327765,-0.26877552,0.0026513822,0.024592618,-0.04777105,0.02286479,0.0013015723,0.031496033,-6.685659e-06,-0.031614996,-0.016513977,-0.033173326,-1.4429672,-0.48895487,-0.050005518,-1.9158896,-0.051330224,0.0042916187,0.047061317,-0.675299,-0.0005647902,0.00263106,0,0.0008337557
-0.777028,-0.35147014,-0.23425122,-0.008963955,-0.082640596,0.025369676,0.038268395,0.013445339,-0.09062519,-0.19569793,0.0024429057,-0.08233377,-0.04218415,-0.08954849,0.0014706048,0.042943507,-6.685659e-06,-0.06051788,-4.900014e-05,0.009582761,-1.335152,-0.58763385,-0.09940581,-2.2081566,-0.04072696,-0.85413766,0.09556307,0.08467189,-0.0007579173,0.0042447317,0,0.001096832
-1.3090692,-0.13654968,-0.32889092,-0.008749552,-0.006673771,-0.25306675,0.027559206,0.00927234,-0.04622714,0.017135965,0.0024043922,-0.07223643,0.013074702,-0.028467763,0.0015872518,0.05537026,-8.64364e-06,-0.016043963,-0.055515938,-0.03472882,-1.2872365,-0.64913136,-0.04276106,-2.034801,-0.060921226,0.013988315,0.08205845,-0.788219,-0.00057838374,0.0029794767,0,0.0009815501
-0.83802605,-0.07693169,-0.33406702,-0.06315314,-0.031850785,0.07634443,0.041816223,0.019708907,0.017350981,0.061559472,0.0072509646,-0.008976841,-0.34083086,-0.12436162,0.0040544854,-0.26701242,-8.64364e-06,0.037107572,-0.027493173,0.002153004,-1.2441232,-0.42470637,-0.03066145,1.955478,-0.01581985,0.025279444,0.19793245,0.1110248,-0.000296755,0.007343122,1,0.22185934
-0.26495537,0.016794378,-0.29265046,0.024965405,0.27782854,0.031764448,0.029221836,0.008730951,-0.033131648,-0.10413014,0.0025997225,-0.030224029,-0.026453048,-0.08535812,0.0018560694,-0.19608477,-8.643641e-06,-0.17328693,-0.0046563167,0.034386043,0.5108093,0.55749685,0.17934023,-1.3669308,-0.016352143,-0.041425794,-0.6150973,0.01249568,-0.00024130156,0.0029202527,0,0.1749818
-0.77691853,0.041192077,-0.29621303,-0.00792101,0.0051663877,0.08578491,0.04551869,0.023150083,0.23330276,0.4796511,0.0075120013,-0.06252552,0.0034906564,-0.0058583952,0.00426235,0.09624433,-4.9424183e-05,-0.009435663,0.020938141,-0.008146956,-0.11138136,-0.116876096,-0.022960283,2.3538485,-0.01542116,0.033598594,0.2609469,0.13254184,-0.00039556128,0.007343122,1,0.9175445
-1.349946,-0.12316215,-0.3599322,-0.027513191,-0.1920211,-0.00050095597,0.046750147,0.02481022,0.21531251,0.3938124,0.007173728,-0.55793536,-0.10313677,-0.006895388,0.003917959,0.07581383,-4.9424183e-05,-0.047693755,-0.04538784,0.0036339227,-0.42923146,-0.70820683,-0.044858668,2.0280485,-0.01927019,0.030413663,0.15851207,0.120591104,-0.00041966542,0.007343122,1,0.2909085
-1.9815487,-0.5036721,-0.26245692,-0.009543307,-0.0105361175,-0.466461,0.044025376,0.018968048,-0.10122607,-0.14892095,0.0058282185,-0.42086312,-0.0053389464,-0.05194151,0.0029780199,0.04078236,-6.685659e-06,-0.0050994763,-0.018051842,-0.014264446,-1.9765835,-0.24632405,-0.023795407,1.3630407,-0.017870272,0.016506324,0.1592634,0.110265136,-0.0003585026,0.00681803,0,0.0111254435
-0.9768773,-0.46722695,-0.23982541,-0.0066540856,0.30318037,0.019811071,0.029086,0.008788036,-0.18645264,-0.46726492,0.0019536186,0.06299402,-0.08995813,-0.028961616,0.0011068897,0.026642697,-8.643641e-06,-0.017121717,-0.023085818,0.02707988,0.5454079,0.62018126,0.15297028,-0.6967922,-0.016378317,-0.027799709,-0.05855135,-0.5990941,-0.00025969004,0.0022042019,1,0.109891154
-1.2356201,-0.2039587,-0.33552903,-0.015985627,-0.58636147,-0.29636216,0.020379467,0.009254658,-0.103027426,-0.28401667,0.0016559514,0.056324832,-0.120143324,0.011060546,0.0011296511,0.030977612,-2.2618437e-05,-0.030120362,-0.05254939,-0.037346017,-1.2008947,-0.5390726,-0.0465549,-1.699249,-0.06751788,0.0072516096,-0.6473391,0.019714272,-0.0002579235,0.0023206142,0,0.0006533085
-1.3345643,-1.3458796,-0.14038,-0.025119636,0.023620438,0.07038882,0.05105152,0.027744718,0.1164622,0.3126822,0.006671709,-0.35135132,-0.050781753,0.014599877,0.0036781428,0.10311997,-9.558551e-05,-0.074621394,-0.032683533,0.0016539963,-0.31667572,-0.098934956,-0.036743052,1.985741,-0.01144172,0.025571506,0.16272692,0.11155654,-0.0017261641,0.0071220826,1,0.31269428
-0.22061001,-0.044023797,-0.25254482,0.021675061,-0.018671056,-0.2564646,0.030332524,0.0074983514,-0.07578005,-0.17797548,0.0022987435,-0.36768883,0.038012404,-0.026082499,0.0015230507,0.039787542,-8.64364e-06,-0.015753169,-0.000545294,-0.057596568,-1.3696347,-0.5594048,-0.047757942,-2.0854402,-0.06712782,0.0133643225,-0.69658667,0.047827784,-0.00030224136,0.0029202527,0,0.002181181
-0.6317594,-0.096004866,-0.33275756,-0.016445966,0.048452478,0.005748862,0.04561275,0.02320357,0.2313496,0.45039836,0.0075120013,-0.06341108,-0.011398291,-0.02321477,0.0042554312,0.09426804,-4.9424183e-05,-0.013141734,0.029135227,-0.008949546,-0.23257041,-0.22543967,-0.033550568,2.3317947,-0.01542042,0.031709384,0.2414919,0.13538635,-0.00037351233,0.007343122,1,0.8799786
-0.80479765,-0.35527793,-0.38096738,-0.013025875,0.303151,0.29329973,0.026488062,0.008498678,-0.13564456,-0.26523167,0.0018812654,0.06643574,0.018540945,-0.025201026,0.0012504498,0.04221505,-8.643641e-06,-0.0026674438,-0.052984312,0.041490804,0.4774184,0.594226,0.17047988,-0.9601024,-0.015914485,-0.011558936,-0.6138696,-0.005102736,-0.00018771239,0.0023206142,1,0.16997676
-0.73195547,0.0472869,-0.75229466,0.0031986306,0.2739341,0.03505588,0.027936483,0.009563816,-0.032871116,-0.1141198,0.0025825638,-0.047920972,-0.13519715,-0.18527773,0.0016953826,-0.19446692,-6.685659e-06,-0.17958617,-0.006808522,0.034247518,0.47914794,0.50946087,0.17919502,-1.2688781,-0.015810354,-0.044995986,-0.7555115,0.014878771,-0.0002463974,0.0029202527,0,0.05542051
-1.7797432,0.00021210703,-0.6685256,0.0065859677,-0.37549093,-0.09821096,0.033591334,0.024331452,0.2067394,0.3135976,0.0074255224,-0.38107997,-0.08020602,-0.11376658,0.00338125,0.079906456,-9.260577e-06,-0.022538502,0.015638243,0.0026214183,-0.321759,-0.29342848,-0.048726052,1.986202,-0.018010592,0.022112962,0.21844378,0.12305405,-0.000396051,0.007343122,1,0.24201746
-0.8186239,-0.18924116,-0.27232808,-0.004246241,-0.114650294,-0.3169579,0.022428958,0.008643349,-0.16566256,-0.55349904,0.0018543191,-0.31388512,-0.01915728,-0.15036093,0.0011172015,0.027774215,-9.260577e-06,-0.011962416,0.0036224786,-0.033366136,-1.0680107,-0.80636215,-0.036639713,-2.007705,-0.06618793,0.0028815956,0.05668159,-0.77804095,-0.0005830563,0.002392764,0,0.00050470675
-0.72753066,3.673622,0.095720105,-0.010658696,-0.2781393,-0.56518257,0.039185937,0.01620947,-0.11159399,-0.012453983,0.011420716,0.1410121,-0.16150057,-0.7058421,0.0052985507,0.041061092,-4.9424183e-05,-0.012947147,-0.003545174,-0.009803583,-0.4594971,-0.2345576,-0.014524685,2.2846327,-0.012866355,0.032288536,0.22520164,0.1286854,-0.0002854055,0.007343122,1,0.96738285
-0.9088871,0.0016943767,-0.13739032,0.031519674,-0.2145833,0.021489985,0.024267757,0.012240302,-0.08401576,-0.059666783,0.002709454,0.07987057,-0.108033024,0.027194735,0.0015057032,0.042102154,-2.516625e-05,-0.009154802,-0.0002551073,-0.032247704,-1.0705148,-0.7407407,-0.0329745,-2.5627596,-0.06744325,0.014334633,0.10869019,-0.96923584,-0.0005768521,0.003061155,0,0.0013332906
-1.2490729,-0.05996853,-0.40105924,0.047225963,-0.070018135,-0.009542842,0.027698765,0.010048144,0.08909201,0.19748035,0.0024910755,0.04887947,-0.09362547,0.0054405676,0.00137152,0.070037976,-2.2618437e-05,-0.017921807,-0.057724647,-0.035458535,-1.2751654,-0.70429194,-0.044322006,-2.5800447,-0.071102984,0.015965862,0.075942434,-0.87827915,-0.0006139411,0.003061155,0,0.000963044
-0.92721367,0.0055829315,-0.5169242,-0.016723521,-0.3064858,-0.8617132,0.027763989,0.017796071,-0.16067639,-0.32520464,0.0066498145,-0.61766505,-0.13809265,0.0543378,0.0033653725,0.041526124,-4.9424183e-05,-0.012374848,-0.013358297,-0.0130165145,-0.57487893,-0.60140115,-0.023449086,1.9682126,-0.016664296,0.02901648,0.20091435,0.123235375,-0.00050241046,0.007343122,1,0.067132294
-0.957653,0.03134336,-0.6621563,-0.0062173856,0.26720443,0.057377003,0.036021817,0.011315406,-0.044949364,0.007021405,0.0027208657,-0.26386473,-0.034132425,-0.028475752,0.0017731962,0.053420197,-8.643641e-06,-0.032084655,-0.053539008,0.025885975,0.47540227,0.40735003,0.1621074,-1.5764134,-0.016653499,-1.1962346,-0.027663354,-0.017106613,-0.00032769062,0.004005665,1,0.03339198
-1.5234897,-0.77102274,-0.070911504,-0.02779854,-0.08600128,-0.0013477434,-1.5685939,-0.44644344,-0.04657235,-0.1089634,0.002277279,-0.041984398,-0.2865258,-0.039731134,0.009410225,-0.3238021,-4.044135e-05,-0.076197855,-0.067881145,-0.005741582,-1.3645658,-0.6640797,-0.07532359,-1.4228437,-0.03143246,0.010401505,0.064206935,0.02884596,0.0034484223,0.0030132602,0,0.0001335841
-0.22015141,-0.20061766,-0.20253643,-0.019689232,-1.4944983,-0.24484265,0.030296315,0.020236261,-0.03760276,-0.16166575,0.0018715423,-0.18670277,-0.025602806,-0.0839416,0.00143931,-0.12277697,-4.9424183e-05,-0.005466005,-0.023171421,0.006630447,-0.7749737,-0.4591465,-0.095843814,-1.7702928,-0.06960734,-0.90905553,0.08698404,0.08010603,-0.0007628397,0.0042447317,0,0.0010393343
-1.6483445,-0.06600036,-0.37394318,0.015602113,-0.04054598,-0.28050342,0.026876172,0.0066599203,-0.27394387,-0.5997699,0.0016541687,-0.022865225,0.043246407,-0.04349079,0.0011383039,0.022243798,-6.685659e-06,-0.015845245,-0.013124967,0.0197885,-1.218608,-0.6412296,0.09107,-1.4462291,-0.058456693,0.0008574787,-0.516784,0.032964405,-0.00024898746,0.0021707695,0,0.0009233147
-0.7244325,3.0420375,-0.22459063,-0.022740249,-0.03408317,0.060410574,0.044028416,0.0158245,0.1288223,0.13852789,0.011602955,-0.0630026,-0.080699444,-0.16486125,0.005169997,0.1365104,-1.322949e-05,-0.014694334,-0.043560393,-0.006131407,-0.32931677,-0.26267093,-0.038440622,2.2642303,-0.011888076,0.028909227,0.24516702,0.1316941,-0.00038000342,0.007343122,1,0.9859061
-0.26221025,-0.64013124,-0.10977225,-0.0037109929,-0.03979189,-0.28575888,0.03074683,0.011766043,-0.052689962,-0.033847716,0.0022283196,0.014946462,-0.12527022,0.011757253,0.0013800785,0.042563688,-4.044135e-05,-0.012831072,0.004901655,-0.059463378,-1.3761829,0.13053215,-0.05877482,-1.5040268,-0.03600367,-0.0035834159,-0.7604681,0.057124525,-0.00065949425,0.0028597396,0,0.0063979533
-1.4255362,0.049041767,-0.5737895,-0.009257951,-0.5611304,-0.018252637,0.016943783,0.014046191,-0.071364366,-0.13435426,0.002515317,-0.018799303,-0.07095668,0.017921772,0.0015084874,-0.12527777,-8.64364e-06,-0.050325505,-0.054098073,-0.0063520805,-1.4292089,-0.87413955,-0.07454806,-2.117912,-0.06029401,0.015878508,0.1256199,0.026115973,-0.0006092083,-0.35063255,0,0.0004313298
-0.099289194,-0.0017729626,-0.092541404,0.07819503,0.022592809,0.07529992,0.047029983,0.019462548,0.027863577,0.22512962,0.007222848,0.09749456,-0.124981165,-0.0020020606,0.0040804,0.09211526,-2.2618437e-05,-0.01943002,0.0020203309,-0.014965018,-1.0247222,-0.1255199,-0.023501609,2.176605,-0.017162377,0.029931346,0.22304773,0.1326332,-0.0003093679,0.007343122,1,0.84952784
-1.9956174,-0.0073244437,-0.066240415,0.041491717,0.0012207915,0.07576217,0.051579896,0.022815686,-0.19738686,-0.21760422,0.0070938542,0.28589088,-0.051113594,0.046217088,0.0030820027,0.036799897,-2.516625e-05,-0.004090882,-0.0033779389,-0.010891851,0.10727411,-0.39252812,-0.023566598,1.8627217,-0.020592693,0.022296257,0.21434039,0.12831314,-0.00049329794,0.007343122,1,0.4831169
-0.787175,0.045343354,-0.3759706,-0.010362293,-0.063142605,0.04474952,0.05032199,0.020445766,0.21188535,0.47524038,0.0075614667,0.09915705,-0.085242115,0.032769196,0.0042129145,0.07450322,-1.322949e-05,-0.0138414735,0.02135261,-0.012590026,-0.10117011,-0.34597987,-0.024525415,2.3536851,-0.015276808,0.03021353,0.2532314,0.13030636,-0.0003009028,0.007343122,1,0.8845035
-0.83729583,-0.15301463,-0.31558612,2.446369e-05,-0.23129478,-0.6543353,0.047289554,0.021669127,-0.07849169,0.047637314,0.0069002477,0.27173412,0.06505131,-0.0036376526,0.0041207466,0.0114663225,-2.516625e-05,-0.0064034974,-0.0015349528,-0.013712082,-0.038034808,-0.48270118,-0.022321424,2.1601343,-0.01886019,0.030029355,0.20435701,0.14432389,-0.00041533314,0.007343122,1,0.54325885
-1.7744613,0.113430224,-0.3705095,-0.014538913,0.017095994,0.02229143,0.043042757,0.02224406,-0.029405577,0.053702287,0.006046929,0.22436239,0.033227205,0.005775526,0.0032121546,0.08461907,-4.9424183e-05,-0.012719592,-0.04593629,0.007826783,-0.3750898,-0.5152941,-0.023852386,1.9036857,-0.016303632,0.03016368,0.23104973,0.11021596,-0.00049670937,0.007343122,0,0.43775737
-0.2925218,3.880446,0.14634344,-0.02023935,0.01872715,0.10464917,0.03532778,0.015823046,-0.10973439,-0.37367028,0.010740481,0.17309828,-0.08973545,-0.008018363,0.0044409996,0.05063071,-2.2618437e-05,-0.014638915,-0.0011214874,-0.016227208,-0.81363183,-0.28223655,-0.022230687,2.1335106,-0.014225395,0.024347866,0.1730521,0.1122687,-0.00029369077,0.0061393166,1,0.9921554
-1.1048832,0.020774433,-0.51853794,-0.0065460606,0.30857772,0.16469829,0.028021859,0.008479944,-0.20684358,-0.52123046,0.0019534202,0.12227737,-0.06481489,-0.014291469,0.0011084981,0.02407787,-8.643641e-06,-0.026694598,-0.032881882,0.025462875,0.74933404,0.7864893,0.13090956,-0.5261026,-0.016936382,-0.021460867,-0.1053973,-0.4544569,-0.000281739,0.0022042019,1,0.22479384
-1.3067926,3.4496758,-0.15694386,-0.01571134,-0.018628713,-0.78084195,0.03109555,0.02121593,0.1954767,0.3615029,0.01113122,-0.11659822,-0.14204861,0.037869744,0.0047294563,0.07002416,-4.9424183e-05,-0.003287944,0.0070967358,-0.010097694,-0.40907046,-0.55012524,-0.018804302,2.092084,-0.016917907,0.031012725,0.15890963,0.12730615,-0.00042269472,0.007343122,1,0.9556038
-0.6203342,-0.048421323,-0.47982165,-0.009495298,-0.10539915,0.20245545,0.030858953,0.010924863,-0.076174565,-0.091107346,0.0024175304,0.09898996,0.050470177,-0.014544275,0.0015312706,0.04403108,-1.322949e-05,-0.013906267,0.00860973,-0.03660431,-0.9700509,-0.6081175,-0.051705953,-2.5045025,-0.05622587,0.016031282,-1.0092175,0.068102784,-0.0003978021,0.003000453,0,0.0021298635
-0.5417939,-0.8073218,-0.18295683,-0.032520395,-0.34458286,0.09551966,0.044449776,0.02021169,0.23848012,0.36816612,0.006384548,0.024541823,0.16129972,0.030809905,0.0044128993,0.17572989,-8.64364e-06,-0.04281867,0.036606748,0.008847337,-1.317104,-0.043572694,-0.028640194,1.9189483,-0.012524267,0.026108932,0.18790412,0.11268554,-0.0003547357,0.00681803,1,0.5306563
-0.7462536,-0.14300248,-0.28098685,-0.038693205,-0.024054768,0.32548282,0.027701624,0.012692171,0.050881993,0.15810747,0.00260086,-0.26959854,-0.10219953,0.026933799,0.0015040784,0.050953016,-9.260577e-06,-0.080683626,-0.016474558,0.010334368,-0.81178284,-0.7955922,-0.06970894,-2.5693686,-0.06878404,0.013793315,-0.8317019,0.065162174,-0.00038024416,0.003000453,0,0.002257871
-1.09361,-0.16842902,-0.2814204,-0.05023994,-0.06685187,0.05436571,0.032217447,0.022338593,-0.08502595,-0.02148497,0.0073914533,0.15416479,0.092644356,0.02816156,0.004296985,0.015211881,-1.322949e-05,-0.009390217,-0.0020410805,-0.0093537085,-0.3087841,-0.35030594,-0.025662761,2.1902437,-0.0145125,0.029466255,0.22300194,0.123963006,-0.00033812164,0.007343122,1,0.6239625
-0.82101774,-0.053219542,-0.1935539,0.050538663,-0.4985909,-0.53379124,-0.98014814,0.027338391,-0.1573544,-0.18228641,0.0017629407,-0.41473156,-0.14986198,-0.010506217,-0.0010372332,-0.13110216,-4.9424183e-05,-0.03201219,-0.032478318,-0.0057098414,-1.0402813,-0.57396054,-0.050750375,-2.124848,-0.049115874,0.0053927493,-0.73473465,0.037449386,-0.0013922341,0.0021747188,0,0.00017706344
-0.93326527,-0.2548771,-0.079174206,-0.01178011,0.28997195,-0.0191679,0.028035173,0.010502444,-0.03326091,-0.0110978475,0.0022782818,-0.14798176,-0.0074436795,-0.0054972433,0.0016259812,0.06363027,-8.643641e-06,0.0034292475,-0.03431,0.038802594,0.61842084,0.65204775,0.17949462,-0.9815559,-0.0149161955,-0.014150731,-0.69037217,0.00061350607,-0.00027070288,0.0028597396,1,0.20777908
-0.70384014,-0.069031544,-0.31074867,-0.01524501,-0.079770714,0.012431008,0.022016602,0.026016302,0.07094311,0.09946609,0.0074453345,-0.059921123,0.2609586,0.102980144,0.0043041753,0.02254938,-1.322949e-05,-0.009564605,-0.05638434,0.0033588826,-0.04108264,-0.2755354,-0.028251886,2.2400496,-0.018913286,0.03159879,0.23441784,0.12719446,2.2181688e-05,0.007343122,1,0.83394456
-1.3605254,0.028434351,-0.50328594,-0.02447921,-0.31058428,-0.440785,-1.9642726,-0.53681755,0.019552635,0.108289875,-0.7498753,0.10053484,-0.21109775,-0.051230695,-0.4577929,0.109708585,-8.64364e-06,-0.029018108,-0.009293577,0.009075568,-1.6204515,-0.3710408,0.043173164,1.1971507,-0.014244251,0.013834686,0.10457421,0.063019365,-0.002428765,0.003078508,0,0.0010607111
-0.06681139,0.023014398,-0.051463116,0.08303836,-0.3548447,0.08091166,0.039385404,0.019944962,0.27109236,0.40811187,0.00834043,-0.023851842,0.014040698,-0.008777476,0.0054618777,0.14400756,-8.64364e-06,0.024531346,0.019555504,0.007592256,-1.0854739,-0.42026004,-0.028756632,2.1159165,-0.016312724,0.02730745,0.20085363,0.1174448,-0.00028916783,0.007039069,1,0.82775426
-1.2561275,-0.37770396,-0.24098793,-0.030198574,0.053169876,0.028467834,0.045278315,0.028723305,-0.040902894,0.09883382,0.006944989,-0.6579527,-0.11184143,0.005261378,0.0038319838,0.060404804,-4.9424183e-05,-0.07728334,-0.01154608,0.0048359316,-0.43136004,-0.68365604,-0.041234273,1.9080597,-0.016713722,0.02490764,0.16225746,0.11952463,-0.00063595513,0.0071220826,0,0.1959949
-0.116832405,3.2708657,0.044943918,0.07919204,-0.5793079,-0.021383965,0.035381373,0.018604584,-0.047496047,0.10539509,0.011676929,-0.08053414,-0.09690032,0.03006488,0.0050069364,0.0608104,-4.9424183e-05,-0.026540155,-0.006415346,-0.011621164,-0.32538864,-0.13426901,-0.023045335,2.3121035,-0.012910893,0.030025315,0.23213679,0.12774247,-0.00037280674,0.007343122,1,0.9925884
-0.72877514,-0.20066798,-0.18597367,-0.0021086617,-0.099318594,-0.25259888,0.025693098,0.008573843,-0.18831691,-0.6217944,0.0019045307,-0.30946243,-0.108301364,0.01845751,0.0010170519,0.03235748,-9.260577e-06,-0.011384922,-0.0046469634,-0.03285538,-1.1960976,-0.5781792,-0.04215494,-2.0762107,-0.066846885,0.007644659,0.057485886,-0.82557166,-0.0005837977,0.002392764,0,0.0006311863
-1.1135697,-0.84642965,-0.16735153,-0.008717181,-0.042111747,-0.10550494,0.04382695,0.0132066505,-0.10301398,-0.4817247,0.0015323769,-0.0067008045,0.012288648,-0.0014172576,0.0010401631,0.040961288,-4.044135e-05,-0.0036192788,0.012088605,-0.035670307,-1.4309123,-0.4855599,-0.02337969,-0.925208,0.35121423,0.015929585,0.06463003,0.056090422,-0.000444485,0.0041136323,0,0.0057350816
-0.73084784,-0.038132224,-0.64437693,-0.008801043,0.024198215,-0.029035466,0.028559959,0.007298815,-0.18782802,-0.50977314,0.0016999651,0.01485167,0.058220886,0.014818101,0.001126331,0.046281755,-8.64364e-06,-0.020909393,0.005212489,-0.055415098,-1.4275036,-0.58455837,-0.051099963,-1.7399668,-0.050473675,0.010825053,-0.7256386,0.046750978,-0.00027070113,0.0021707695,0,0.0014516914
-0.8954247,-0.06849888,-0.27851856,-0.039431393,-0.5096041,-0.08695952,0.018265218,0.008479612,-0.13739023,-0.48637298,0.0017557456,0.061940335,-0.04509513,-0.488344,0.0011305553,0.048833624,-6.685659e-06,-0.020070361,-0.0028852446,-0.038016967,-1.5839787,-0.6949743,-0.036327254,-1.5717934,-0.044146176,0.007800718,0.04404292,-0.70659745,-0.00053897436,0.0022042019,0,0.0005356616
-0.89339375,-0.17180695,-0.27096835,-0.08251707,-0.18906465,0.027265407,0.041667793,0.022693405,0.24649516,0.55116606,0.007566182,-0.40002444,-0.07988256,0.043107897,0.0042021065,0.09269187,-4.9424183e-05,-0.007951862,0.010016609,-0.0110948365,-0.25551704,-0.21110104,-0.02491408,2.281196,-0.014478625,0.03074987,0.22898254,0.13285659,-0.00027141845,0.007343122,0,0.75473326
-0.8031846,0.0124748275,-0.49451703,-0.0047696857,0.32560453,-0.5855107,0.02932848,0.009089133,-0.17493917,-0.39930618,0.0019053603,0.05462253,-0.10789217,-0.021167815,0.0011099443,0.02607698,-8.643641e-06,-0.018688051,-0.022161711,0.025385747,0.55061716,0.5648699,0.14242765,-0.7580721,-0.018575938,-0.021106908,-0.06634335,-0.54387856,-0.00028421468,0.0022042019,1,0.092319414
-0.7950053,0.108426996,-0.6632087,-0.028924275,0.030833805,-0.16101535,0.05118362,0.017106477,-0.012751408,0.046481684,0.0083418805,0.020427374,-0.0062348214,-0.0062082005,0.0052550435,-0.14112855,-8.64364e-06,0.009550467,-0.07432852,0.0018161605,-0.9525647,-0.24468787,-0.0574573,2.121475,-0.01357274,0.02747095,0.20427263,0.11044912,-0.00030013744,0.007039069,1,0.40655765
-0.76331264,-0.24868673,-0.19690025,-0.018277243,-0.3030275,0.0011204385,0.036177978,0.013866582,0.087821186,0.2029542,0.0024832473,-0.35335198,-0.03751789,-0.059307095,0.0014928146,0.04953431,-1.322949e-05,-0.007196217,-0.0007914636,-0.032722715,-1.1066215,-0.5853426,-0.073129654,-2.769191,-0.04980164,-0.99218804,0.11799884,0.07804205,-0.0007447283,0.0042447317,0,0.0009171361
-1.0268841,0.023444293,-0.15884198,0.039559536,-0.58162993,0.36585787,0.039881933,0.020061953,0.23907763,0.45913035,0.007506798,0.0944126,0.026449356,0.0019310056,0.00401811,0.122017294,-1.322949e-05,-0.01762547,-0.0042979266,-0.007086199,-0.09643393,-0.3237298,-0.023389043,2.2257168,-0.013671345,0.028393479,0.2329626,0.12116295,-0.00036560989,0.007343122,1,0.85984606
-1.1701063,-0.010521811,-0.10769358,0.07461075,0.06282792,0.043055676,0.050438374,0.022458816,-0.107507,-0.002749358,0.0071128476,0.2146102,-0.09002376,0.021524854,0.0038144027,0.052769408,-4.9424183e-05,-0.004374028,-0.00019702365,-0.014227781,-0.057073902,-0.48987696,-0.024581041,1.9922256,-0.020350548,0.024933167,0.2173468,0.12663007,-0.00049329794,0.007343122,1,0.69655126
-0.94133013,-0.06764366,-0.35080788,0.046060264,-0.023121241,-0.038014308,0.029853996,0.00814585,-0.088013396,-0.24879035,0.0023758032,0.067582265,0.058794115,0.005856225,0.0015218253,0.049721204,-2.2618437e-05,-0.017108964,-0.0010325927,-0.03772958,-1.272302,-0.63590795,-0.051842857,-2.173409,-0.06889006,0.011103831,-0.60124797,0.039848432,-0.0002971858,0.0025901403,0,0.00186058
-0.9136017,-0.12901816,-0.374093,-0.052212566,-0.03714454,0.029937595,0.043730788,0.0114039965,-0.8235695,-1.8082049,0.0036451581,0.08770063,-0.13043055,-0.012387987,0.002228891,0.07102212,-8.64364e-06,-0.01959026,0.00233115,-0.025293415,-1.4859399,-0.50931704,-0.02975963,1.265558,-0.015301942,0.017565569,0.1273174,0.08275902,-0.00024244607,0.004334671,0,0.009877882
-0.80230623,-0.051921435,-0.27492744,0.09279754,0.028376233,0.10939519,0.039765727,0.019055134,-0.043332525,0.027355341,0.00724716,0.081060745,-0.3605203,-0.1280503,0.0040795915,-0.30226582,-8.64364e-06,0.031016978,-0.018336525,0.001986679,-1.2521243,-0.48752904,-0.03869211,2.0164545,-0.014584373,0.024982668,0.21290064,0.120563455,-0.00028731895,0.007343122,1,0.2806069
-1.5558708,-0.17686586,-0.15671091,-0.03336395,0.09652626,-0.35496294,0.046228103,0.020625478,-0.024404112,0.14492649,0.007399046,-0.17261882,0.055243723,-0.015389616,0.0042515397,0.08213821,-1.322949e-05,-0.008571178,-0.02564688,0.0015996493,-0.33954012,-0.12513228,-0.024963435,2.208189,-0.012602717,0.03018952,0.21859509,0.12843852,-0.00037504593,0.007343122,1,0.5084281
-1.4485853,-0.16371684,-0.26917076,-0.026389152,-0.046336677,0.27733174,0.025636667,0.01266763,-0.08999385,-0.055927414,0.0027337559,-0.081293896,-0.08866289,0.011025069,0.0013505806,0.04158728,-2.516625e-05,-0.008476156,-0.014351937,-0.030060733,-1.1058445,-0.6357199,-0.041730445,-2.3348308,-0.05293183,0.008466665,0.09859707,-0.9426166,-0.0006800534,0.003061155,0,0.0009617103
-1.1570393,0.03553335,-0.63525146,-0.015712323,-0.5724657,-0.036689468,0.02800415,0.010428294,-0.1644873,-0.16674605,0.002905138,0.043155856,-0.26876467,-0.06390971,0.0016840337,-0.0154638495,-8.64364e-06,-0.008401999,0.0019475325,0.0043281703,-1.3899039,-0.6655315,-0.11241435,-2.0176795,-0.04367889,-0.88034844,0.068071105,0.059252072,-0.0006145088,0.004005665,0,0.00035368733
-1.44831,-0.6409922,-0.17810047,-0.0106097665,-0.08590812,-0.0040491074,-1.6180853,-0.3992484,-0.095084004,-0.23921657,0.0025395015,-0.011976993,-0.0030887288,-0.02355474,0.010753906,0.0038785744,-0.0002463661,0.0012900752,-0.0035116624,-0.031854022,-0.56486595,-0.5242963,-0.046322256,-2.1525598,-0.04758002,0.0050517106,0.05080312,0.05693625,0.0015435307,0.0027391273,0,0.0003404602
-1.1110979,-0.020569654,-0.105454616,0.08216462,0.10934766,0.035342198,0.064969584,0.034240376,-0.22765222,-0.40805817,0.00536881,0.2484143,-0.094135664,0.013319704,0.002463491,0.0523363,-4.9424183e-05,-0.0038061177,0.001230959,-0.014254415,0.17112128,-0.33387133,-0.023985144,1.9497731,-0.020517606,0.010547377,0.1996296,0.11849341,-0.0003979876,0.004971542,1,0.67894703
-0.8573667,3.225159,-0.08791569,0.0876047,-0.19113861,-0.0055619073,0.049498044,0.0230187,-0.13752714,-0.49342266,0.01060175,-0.24779254,-0.11661393,0.050089646,0.004408066,0.039291628,-2.516625e-05,-0.0046500936,-0.0057906727,-0.012335291,-0.22456221,-0.42101982,-0.021523083,2.0433366,-0.016547754,0.024010513,0.12675132,0.12420969,-0.00027702015,0.0061393166,1,0.95162106
-0.54743713,-0.14935559,-0.18603872,-0.01691586,-0.0036217764,0.0014161208,0.022528857,0.009717549,-0.12164999,-0.41388002,0.001790203,0.09075446,0.07962955,0.03833719,0.001143861,0.0069884714,-4.9424183e-05,-0.01171447,0.00017173332,-0.03558745,-0.9659844,-0.585633,-0.04951672,-2.2270916,-0.06570418,0.009303,-0.69775623,0.053774625,-0.00025877298,0.0023560994,0,0.0031687946
-0.71065545,-0.3716496,-0.18107268,-0.024659805,0.08582644,0.21974698,0.04032143,0.02974628,-0.03512341,0.1072687,0.00677676,0.26460934,-0.021578765,0.002692637,0.003907926,0.07978959,-4.9424183e-05,0.0013807208,0.005055391,-0.0138700465,-0.036430042,-0.49882576,-0.023750672,2.0953426,-0.016866552,0.02848955,0.20667073,0.13569517,-0.00062970934,0.0071220826,1,0.80128336
-0.91988915,-0.034390736,-0.27887848,0.041283503,-0.050636385,-0.2746464,0.030121556,0.00902639,0.07894439,0.15796497,0.002665221,-0.013456218,-0.10744058,0.021623032,0.0018308163,0.054869115,-8.64364e-06,-0.020672929,-0.021048395,0.020016287,-1.0012426,-0.77188474,-0.07166484,-2.660547,-0.073862925,0.010115669,-0.75919,0.049846318,-0.00030600827,0.0029202527,0,0.0014005549
-0.7713819,-0.84605473,-0.100794636,-0.016333789,-0.116371304,0.03161844,-1.580275,-0.50947595,-0.009211255,-0.09647844,0.003063629,-0.15204951,-0.024262855,-0.17354207,0.011977573,-0.15272933,-0.0010200533,0.00028779727,-0.010499008,0.006133623,-0.6428252,-0.35629562,-0.07114673,-1.6529398,-0.039075103,0.008309393,0.015074877,0.055262536,0.009531354,0.003099145,0,0.0007692299
-0.82505435,-0.25001258,-0.18290524,-0.011886638,-0.047697775,-0.040478207,0.027145606,0.008380549,-0.26007342,-0.6772109,0.0017686529,0.03557948,0.028112171,-0.01882749,0.0011210691,0.047691286,-8.64364e-06,-0.020347252,-0.00026471706,-0.05460121,-1.4919618,-0.87437636,-0.04866731,-1.6173465,-0.06152705,0.006293436,0.04937178,-0.75503933,-0.00053897436,0.0022042019,0,0.0008911493
-1.048898,-0.32823676,-0.24535178,-0.026096592,-0.9356225,-0.020003006,0.022519428,0.009670448,-0.013752918,-0.09824625,0.002470975,0.030908398,-0.25380412,-0.13008069,0.0014481696,-0.08358773,-8.64364e-06,-0.01784131,-0.016908843,0.013928484,-1.499735,-0.6445599,-0.08890229,-1.6223806,-0.035614636,0.008748419,-0.6517811,0.044682324,-0.0003354096,0.0028597396,0,0.0004925313
-0.7247189,3.2850673,0.08327489,-0.018605007,-0.0695606,0.046933867,0.044311468,0.016482474,0.25147474,0.45881686,0.011567873,0.12001897,-0.03908112,0.049194925,0.005227405,0.07059068,-1.322949e-05,-0.008776714,0.009743966,-0.005947462,-0.24559404,-0.4870674,-0.022902688,2.428533,-0.012392446,0.030685803,0.23643768,0.11909578,-0.00029659437,0.007343122,1,0.9964909
-0.5212618,0.051099025,-0.25394684,-0.017823799,-0.09457815,0.37051526,0.04451971,0.024941575,0.21819015,0.36525488,0.0070911665,-0.43297207,-0.030677006,0.067936234,0.0039304793,0.06900055,-4.9424183e-05,-0.0058815465,0.0033387393,-0.014115864,-0.10342124,-0.6098438,-0.02145074,2.1427848,-0.019786151,0.032813072,0.223446,0.13333957,-0.00032525993,0.007343122,1,0.83868325
-1.4421009,-0.25666177,-0.20809136,-0.021315958,0.016738981,-0.25592145,0.036405157,0.008751326,-0.07406935,-0.25486845,0.0021737686,-0.045606937,-0.093588285,-0.0023938303,0.001170952,0.059614565,-8.64364e-06,-0.06984507,-0.06569948,0.0003393214,-1.4450532,-0.6219011,-0.09282168,-1.6893085,-0.061352395,-0.78442836,0.065241486,0.03299471,-0.00059820997,0.0035794484,0,0.00070997345
-0.6727095,-0.19066522,-0.33593673,-0.009042845,-0.38117492,-0.29546973,0.027824657,0.012026226,-0.050821852,-0.09825055,0.0025627112,-0.047135737,-0.03578554,0.053564712,0.0017191494,-0.029831532,-8.64364e-06,-0.03174273,-0.0617883,0.0043138997,-1.3831215,-0.76367825,-0.07325531,-2.319996,-0.06803129,0.015803449,0.10302591,0.06358925,-0.0005466087,-0.35063255,0,0.0010006106
-0.30801567,0.07596758,-0.7305274,-0.008199368,0.293827,0.020430617,0.029846987,0.0096725095,-0.040300284,-0.09215152,0.0027593286,-0.03195462,-0.11061348,-0.012914657,0.001671059,-0.11071659,-8.643641e-06,-0.084919244,0.02466089,0.03358237,0.59203994,0.64944786,0.17932875,-1.2034119,-0.015737854,-0.034635566,-0.82604045,0.010920172,-0.0002501643,0.0029202527,0,0.1578559
-0.8900972,-0.26803,-0.2672422,-0.026305864,0.2909666,-0.29283667,0.022139413,0.008760069,-0.20194969,-0.4970518,0.001707286,0.05233519,0.026683424,-0.033533752,0.0011270875,0.036093984,-6.685659e-06,-0.00044123665,-0.019596111,0.019707741,0.71058285,0.6415984,0.15876146,-0.5213818,-0.021089971,-0.01964088,-0.027858919,-0.543632,-0.00025592314,0.0022042019,0,0.16121304
-0.7967966,-0.057252914,-0.27000597,0.03709796,0.12711436,0.088594355,0.06823139,0.032062937,-0.25385293,-0.9061983,0.0033153086,0.35228553,-0.09136823,0.027885413,0.0018392362,0.043671463,-2.516625e-05,-0.0059139,0.0010405935,-0.014155478,0.35414556,-0.21990073,-0.022918211,1.9908028,-0.01777059,0.02090057,0.1853432,0.12751237,-0.00031546364,0.004417057,1,0.69398975
-0.79903936,0.003960543,-0.4076007,-0.020555532,-0.094010755,0.048340194,0.05245394,0.016984673,-0.1316128,-0.11512117,0.007197233,0.088691704,-0.10530592,0.018046271,0.003964074,0.0766014,-8.64364e-06,-0.027318912,0.003703676,-0.025847925,-1.3234725,-0.65363735,-0.02467917,1.9521083,-0.016111908,0.027506175,0.21316473,0.110484615,-0.00031785865,0.007343122,1,0.24879739
-1.016385,-0.13350794,-0.32976836,-0.008176396,0.081215985,0.23101318,0.046591576,0.023916116,-0.04765401,0.12906364,0.007454764,-0.32304126,-0.08965178,0.015794283,0.004120267,0.049149323,-9.260577e-06,-0.036064837,-0.041417487,0.0059211873,-0.20750679,-0.01629245,-0.03031841,2.1683698,-0.017384103,0.030951636,0.19207577,0.13323554,-0.000377769,0.007343122,1,0.6979832
-0.43574217,-0.061072238,-0.17586955,-0.02876647,0.07001764,0.061933797,0.054810774,0.017942984,0.23097399,0.4173629,0.0083418805,-0.039928626,-0.0026215028,-0.02344347,0.0056913816,0.13529262,-8.64364e-06,0.010065025,0.010101494,0.0075294375,-1.1389965,-0.51654375,-0.029014397,2.1522398,-0.014682692,0.026479818,0.19920157,0.12854415,-0.0002780885,0.007039069,1,0.74756235
-0.73708373,0.011808228,-0.08242406,0.07691303,-0.14146422,0.393547,0.053784035,0.017077876,0.20925698,0.42643467,0.00839376,0.064057164,-0.04501233,0.034699336,0.005696902,0.12198031,-8.64364e-06,-0.02242188,0.005258182,-0.017406724,-1.3437412,-0.26372448,-0.024906287,2.1397412,-0.016971225,0.028923463,0.21230054,0.12175423,-0.0002368647,0.007039069,1,0.77770066
-1.0347582,3.6680145,-0.22658269,-0.016682934,-0.17527765,0.057072297,0.02545033,0.017827086,0.16873896,0.3133732,0.012417882,-0.026709922,-0.008078195,-0.013807334,0.0066003995,0.13998911,-8.64364e-06,-0.02023119,-0.01140389,-0.024282154,-1.0451157,-0.4559636,-0.025910947,2.1860516,-0.01348122,0.029496161,0.20772268,0.107145116,-0.00027903958,0.007039069,1,0.9793144
-0.25224644,-0.20816104,-0.12791021,0.04015715,-0.103071585,-0.045334615,0.023840116,0.009375922,-0.149167,-0.54158235,0.0018551906,-0.33511835,-0.12748817,0.044210333,0.0010883796,0.013298112,-4.9424183e-05,-0.013257319,-0.0061254837,-0.035157755,-1.0642282,-0.5901982,-0.03889111,-2.3700674,-0.05098482,0.008959899,0.063107304,-0.901022,-0.0005795849,0.002392764,0,0.0011773603
-0.69919825,0.009885543,-0.5902883,-0.0068064644,0.31704685,0.002649949,0.027922904,0.008599115,-0.21644069,-0.46844196,0.001768406,0.0652929,0.02342777,0.012900293,0.0011233877,0.044090576,-8.643641e-06,-0.0019094239,-0.0065333564,0.030140353,0.6114353,0.60593784,0.16003975,-0.7180552,-0.01699378,-0.018016953,-0.03243915,-0.5379561,-0.00027797208,0.0022042019,1,0.20103347
-0.7776301,-0.1026199,-0.26924872,-0.012384069,-0.07096168,-0.2084666,0.047942862,0.020109091,0.027958166,0.12230476,0.0073161693,-0.053981733,0.050788213,-0.04863219,0.0041768504,-0.092079036,-1.322949e-05,-0.014221248,-0.08209936,0.0013948983,-0.16809697,-0.46845177,-0.030682202,2.217096,-0.016188085,0.029351898,0.22797675,0.12683408,-0.0002906063,0.007343122,1,0.6185973
-0.7803929,-0.003629891,-0.090238675,0.062467773,0.023054453,0.036856838,0.048548833,0.022147808,0.24122079,0.49476054,0.0076794447,0.071773976,-0.054966018,0.021369297,0.004308826,0.07525101,-4.9424183e-05,-0.009211463,0.009004919,-0.012214625,-0.106739886,-0.12201577,-0.023183892,2.417379,-0.01650006,0.03282148,0.24021679,0.13458653,-0.00039237103,0.007343122,1,0.9393638
-1.3833426,-0.81344837,-0.186982,-0.0329071,-0.36014917,-0.37263292,-1.5312297,-0.36409068,-0.16321085,-0.3299463,0.0011009702,-0.21304391,-0.19321947,0.036792874,0.00976487,0.03221703,-0.0010200533,0.0016649949,-0.004193993,-0.03173824,-0.6784209,-0.55927825,-0.039629728,-1.6705194,-0.05331948,0.007933301,0.008174442,0.049615655,0.0025410135,0.0024028458,0,0.00014756946
-0.19654086,-0.33598801,-0.19218165,-0.017101118,-0.7601464,-0.023699448,0.022270197,0.009948133,-0.024945332,-0.121772416,0.0029041877,0.017821368,-0.112976395,0.013544856,0.0016386819,0.055491675,-8.64364e-06,-0.024452265,-0.0034075123,-0.045642942,-1.251774,-0.61926264,-0.04331212,-2.4589536,-0.050051853,0.011500073,0.09848238,-0.86689067,-0.00058215065,0.0029794767,0,0.0010026973
-0.76857984,-0.13717124,-0.33026594,-0.022843368,-0.5934885,0.23669223,0.033827096,0.02085114,0.27603096,0.41466713,0.0071159187,0.06350985,0.01383604,0.02096395,0.003872202,0.17245995,-8.64364e-06,-0.031211153,0.01779709,-0.017853504,-1.1571335,-0.5089968,-0.027125046,2.0550067,-0.015828233,0.029754737,0.21996729,0.12069803,-0.00029050923,0.007343122,1,0.52813286
-2.0989573,-0.10981998,-0.26580793,-0.023676725,-0.07315948,-0.6692204,0.04829899,0.016709698,0.27697918,0.47390237,0.0074470825,0.027621381,-0.05508994,0.046996646,0.004909189,0.09703734,-6.685659e-06,-0.015508713,-0.0027549786,-0.001219336,-1.4012374,-0.11656978,-0.022360662,1.7726462,-0.014469991,0.020681217,0.17563903,0.12657036,-0.00027489505,0.007039069,1,0.14696528
-0.7875291,4.4110384,0.027129078,0.002217251,0.06215133,-0.31573504,0.038060866,0.013261855,0.01534758,-0.0016031278,0.011605518,-0.1294438,-0.26105034,-0.115369625,0.006323308,-0.29266012,-8.64364e-06,-0.01820634,-0.011230569,0.040304497,-1.1673106,-0.24702135,-0.02670474,1.9872851,-0.0169131,0.025680602,0.18819775,0.10244952,-0.00027927908,0.007039069,1,0.9722419
-0.8823478,0.015854988,-0.27779302,-0.013436235,-0.19802524,-0.45402724,0.025279496,0.008385048,-0.19703373,-0.58660156,0.001814394,0.11856482,-0.15353213,-0.0015015595,0.0010201236,0.03952308,-4.9424183e-05,-0.0134174125,0.0024576911,-0.031475425,-0.96909636,-0.5568553,-0.048171338,-2.0355308,-0.06466563,0.009949644,-0.65642285,0.042466052,-0.00026432428,0.0022062548,0,0.0010439815
-1.1246781,3.270175,0.11071179,0.07335624,-0.0062679294,-0.25992283,0.04405259,0.015064214,0.18339415,0.4436149,0.011668229,0.094959736,-0.08829452,0.05812105,0.005340731,0.071902335,-1.322949e-05,-0.0060663223,0.00050618575,-0.0009174665,-0.27342018,-0.16077563,-0.022993125,2.4010894,-0.015769366,0.03116856,0.21943781,0.12141008,-0.00037056737,0.007343122,1,0.99458355
-0.21325052,0.011506483,-0.15812103,0.051724683,-0.004663408,-0.15915595,0.05775642,0.033142023,-0.09128614,-0.35007867,0.0064203856,0.2697312,0.069317915,0.030156573,0.003484913,0.0013265623,-4.9424183e-05,-0.0072328513,-0.0028932327,-0.013547246,-0.036767386,-0.4061671,-0.021070901,2.1530156,-0.018084195,0.024287555,0.20025697,0.14490569,-0.00036261877,0.0061393166,1,0.8305449
-1.0174773,-0.14995907,-0.3042579,-0.059447005,0.04711663,0.072953105,0.04507197,0.013437048,-0.38887882,-0.9401484,0.0057629785,-0.22528191,-0.10185065,-0.022717379,0.0024020919,0.06758751,-1.322949e-05,-0.0073611434,0.0012437631,-0.012775341,-0.41008422,-0.21024372,-0.027015228,1.890059,-0.012707682,0.021323219,0.1616275,0.08588207,-0.00028350245,0.004971542,1,0.18815987
-0.90321434,-0.43602124,-0.20094942,-0.01722461,-0.28888923,-0.022018649,-1.1721333,0.024476366,-0.06355472,-0.24582416,0.0024304735,-0.33068317,0.038955946,-0.010104027,0.0035550296,0.029539282,-8.64364e-06,-0.0028629694,-0.003214442,-0.04955556,-1.4338228,-0.7510535,-0.04529368,-1.951858,-0.053658374,0.006609194,0.042654186,-0.5622032,-0.002751327,0.0018425614,0,0.00022757956
-0.68633777,-1.053807,-0.10718805,-0.0151089765,0.084317625,0.064370334,0.062657766,0.04353913,-0.03246368,-0.07646247,0.006440524,0.13992244,-0.14360698,-0.24243791,0.0037897737,-0.36744547,-0.0010200533,0.0014680754,-0.0064485893,0.0023699317,0.047506254,-0.2672636,-0.030192088,2.0347097,-0.013363389,0.026350642,0.20043156,0.12804776,-0.0017206423,0.0071220826,1,0.45443404
-0.13639583,-0.18938223,-0.1894034,-0.03296019,-0.30550018,-0.2766995,0.043209568,0.022797972,-0.001849521,0.0011879384,0.0075113205,-0.09776542,-0.0040824027,0.040779635,0.0042475867,-0.038865134,-4.9424183e-05,-0.010306094,0.002822116,0.0007139226,-0.14154941,-0.09006502,-0.027476387,2.3000307,-0.0145951435,0.030230716,0.23701498,0.13628337,-0.00037296765,0.007343122,1,0.78345346
-1.1805896,-0.34324503,-0.1763304,-0.015013306,-0.021343535,-0.41855308,0.029882953,0.011480625,-0.040849146,-0.2011414,0.0023409282,0.0653637,0.059876543,-0.0343617,0.0013228562,0.023467978,-1.322949e-05,0.0020222727,-0.0033569383,-0.030368157,-1.0724508,-0.5274425,-0.037625324,-2.1993687,-0.049582805,0.00937183,0.048770424,-0.9185641,-0.0008368538,0.002999396,0,0.00090643537
-1.5088161,0.0037072748,-0.38176468,-0.0491999,0.063306324,0.11330319,0.049129732,0.02024418,-0.06917939,0.032948207,0.007497209,0.007031132,-0.10465256,-0.63086206,0.0042403596,-0.251612,-2.516625e-05,-0.0131849395,-0.0409213,-0.021230228,-0.40316287,-0.1431712,-0.028352592,2.1605253,-0.013772277,0.026188359,0.21925412,0.12968013,-0.00037351233,0.007343122,1,0.30856663
-0.8733927,-0.67328936,-0.108051054,-0.017883683,-0.12563637,0.009490734,-1.6062541,-0.3378275,-0.26299608,-0.56746256,0.001923094,0.08063226,-0.014707662,-0.043688145,0.008022968,0.043636516,-9.558551e-05,0.0016294164,0.0065109916,-0.035175923,-0.75003123,-0.6683555,-0.04889319,-1.8211975,-0.04672813,0.009911269,0.039103366,0.047094356,0.0015435307,0.00224216,0,0.0004345031
-0.9190215,-0.16255207,-0.2277522,-0.01447906,-0.11308069,-0.5295453,0.051673926,0.022514502,0.024812086,0.053999867,0.007036305,-0.3375413,-0.21996337,-0.8924668,0.003947586,-0.16553897,-4.9424183e-05,-0.010554509,-0.0015929946,0.0016477262,-0.2525259,-0.6303919,-0.025908131,1.9710932,-0.018768271,0.030779367,0.19670485,0.12294808,-0.0004964882,0.007343122,1,0.117256045
-1.099058,0.15301302,-0.12010863,0.06770457,-0.11819612,-0.47367734,0.0476641,0.021769054,-0.084793195,-0.013703305,0.007091984,-0.28878254,-0.16791518,0.03293686,0.003807592,0.050488915,-4.9424183e-05,-0.0019371177,-0.005137737,-0.011888426,-0.079046145,-0.6684194,-0.022543902,1.9532357,-0.021602055,0.028391723,0.20243956,0.12633948,-0.0004978571,0.007343122,1,0.38554502
-1.1439755,0.033197954,-0.4246413,-0.014593537,-0.121386185,0.16361429,0.045524687,0.019388502,0.26642993,0.48243725,0.008484701,-0.17296758,-0.017740542,0.02318133,0.0058790855,0.1177124,-8.64364e-06,-0.008878309,0.0031790761,-0.0011679771,-1.2903714,-0.42481643,-0.036217123,2.0643222,-0.016321741,0.029411798,0.19799018,0.11674703,-0.00030484964,0.007039069,1,0.48006073
-0.83204204,-0.22768864,-0.14588337,-0.0039446536,-0.030429414,-0.06359091,0.023538014,0.0075586406,-0.20567963,-0.5409559,0.0018717081,0.025219973,-0.10945187,-0.02570011,0.0011046785,0.041150916,-6.685659e-06,-0.017909484,-0.012926404,0.013928282,-1.3864504,-0.5810494,0.08500489,-1.527556,-0.044660747,0.007274371,-0.58995706,0.04153127,-0.00023580129,0.0021707695,0,0.0022677137
-1.1689515,-0.20777643,-0.34878713,-0.0020247863,-0.2613873,-0.0031272715,0.032566555,0.009048373,-0.31192502,-0.679064,0.0019416175,0.06950599,-0.12997665,0.018079959,0.0011322418,0.034768697,-6.685659e-06,-0.018257199,0.011350085,-0.029381488,-1.4188373,-0.9375172,-0.07444322,-1.5677797,-0.06344641,-0.6668019,0.064401805,0.043200772,-0.00055274996,0.0025372817,0,0.00050398754
-0.5054386,-0.008862256,-0.22210422,0.05909596,-0.110626906,0.08000645,0.0441531,0.02319332,0.22327258,0.36957905,0.0073557524,-0.108970374,-0.006128918,-0.018217549,0.0042544003,0.093364336,-1.322949e-05,-0.0055695623,0.004673491,-0.013027857,-0.22629407,-0.18270901,-0.020913495,2.3671181,-0.015287304,0.033418726,0.23186082,0.142297,-0.00027635947,0.007343122,1,0.90513235
-0.8139253,3.137178,0.07604874,0.116720915,-0.05974464,0.0036974822,0.035466682,0.017195193,0.030826889,0.039300248,0.011597043,-0.0094818035,0.013860648,0.015476265,0.0056134886,-0.068082236,-4.9424183e-05,-0.016956966,-0.023186939,-0.006048275,-0.24874344,-0.19704337,-0.028377889,2.2964177,-0.01274436,0.030402401,0.22918944,0.12932707,-0.00036656094,0.007343122,1,0.99116325
-0.5872368,-0.35471565,-0.15567838,-0.01574841,-0.07653557,-0.0070100897,0.02775289,0.01152895,-0.04993311,-0.010919324,0.0024096577,-0.07998958,-0.0012064015,-0.012411794,0.0014670406,0.05611006,-8.64364e-06,-0.009851466,-0.0004862412,-0.056434363,-1.4683212,-0.5627549,-0.049916808,-2.088959,-0.04429181,0.011403935,0.07083452,-0.9073832,-0.0006550309,0.0029177177,0,0.0017489742
-0.8136015,0.060419135,-0.20591877,0.08112406,0.026764259,-0.41975564,0.04488231,0.020067321,0.022790655,0.073258966,0.007455089,-0.023299934,0.04045268,0.00756876,0.004253416,-0.084553935,-4.9424183e-05,-0.040789504,0.012342923,-0.0059327367,-0.18223059,-0.13362305,-0.03292019,2.190749,-0.021359617,0.02807228,0.23304303,0.13203691,-0.00038612523,0.007343122,1,0.7383201
-0.49402842,-0.18198484,-0.1328131,-0.028428102,0.075587176,0.04690631,0.036217287,0.024412911,-0.010901994,-0.04716815,0.0074406196,-0.27608263,0.2019329,0.13853352,0.004250533,0.019919932,-1.322949e-05,-0.039316285,-0.08986299,0.0030558074,-0.29378158,-0.07889625,-0.027514616,2.2724693,-0.016303979,0.030245773,0.23297168,0.13555664,-0.00033719616,0.007343122,1,0.82178104
-0.1570347,-1.3453168,-0.1408854,-0.031173198,-0.06372445,0.050075497,-1.9480349,-0.5301918,0.18788597,0.2748095,0.00658792,0.025288638,-0.03869782,-0.04363185,0.030740023,0.10728908,-4.044135e-05,-0.003015132,0.008126327,-0.018810023,-1.2854978,-0.1936921,-0.024432436,1.6635087,-0.010276095,0.013547059,0.12696499,0.07309147,-0.005176694,0.0030132602,1,0.036981665
-1.2109421,-0.0031110856,-0.6183168,-0.010890566,-0.02413759,-0.03842074,0.026721485,0.010664287,0.10326266,0.119855106,0.0027642539,-0.31787837,-0.11915013,-0.0050329505,0.0017444903,0.0636815,-8.64364e-06,-0.01734264,0.0069139088,-0.037710194,-1.6247509,-0.83813566,-0.047458902,-2.2039163,-0.06282395,0.014416654,-0.8174568,0.04092571,-0.0003120494,0.0029202527,0,0.00050276954
-0.57890296,3.2060828,-0.05069293,-0.025532078,-0.051990427,-0.0076995497,0.032260537,0.018371394,0.029658983,0.063246146,0.011500158,-0.104526445,0.0076290173,-0.03230257,0.0052524093,-0.0717222,-1.322949e-05,-0.018261617,-0.004911837,-0.006155491,-0.2245724,-0.34264264,-0.028337484,2.3251262,-0.012225844,0.02950532,0.24020538,0.12330871,-0.00037599698,0.007343122,1,0.98951924
-0.09830712,-0.25322345,-0.4229171,-0.06777248,0.046054408,-0.77289695,0.050425872,0.016636824,-0.0870925,-0.22813813,0.0076660225,-0.09271815,-0.31082568,-0.053545993,0.00519973,-0.4519059,-8.64364e-06,-0.052445382,-0.07065986,0.0018346431,-1.6747192,-0.3035815,-0.035456117,1.823163,-0.015295713,0.024894882,0.17987677,0.11930093,-0.0002843311,0.007039069,1,0.06293513
-0.28464478,-0.12774853,-0.32037374,-0.03303064,0.06581908,0.024646832,0.059240784,0.024841044,-0.16071117,-0.58002317,0.006420403,-0.50800526,0.016136555,-0.017937632,0.0032980146,0.055876818,-4.9424183e-05,-0.007283481,0.009898869,-0.015270948,0.0006921023,-0.5791603,-0.023658043,1.9352237,-0.01925758,0.022777908,0.18520582,0.12774935,-0.0003186539,0.0061393166,1,0.46892664
-0.8748362,0.012021295,-0.38342443,0.0002901242,-0.09840683,-1.084272,0.012909926,0.011089301,-0.05259514,-0.15719998,0.0024893363,-0.015262265,0.22073002,0.07687867,0.0015560471,-0.06755473,-6.685659e-06,-0.02983,-0.055610742,0.009791616,-1.4028609,-0.7897973,-0.064802125,-2.090205,-0.05957444,0.0128957415,0.038818724,-0.8820889,-0.0004268178,0.003061155,0,0.0004539062
-1.4786636,0.0017244644,-0.69042736,-0.011941778,-0.2082171,-0.056887347,0.027878083,0.007115916,-0.23189643,-0.60052735,0.0016106471,0.042146236,-0.13788915,0.0021696265,0.001014374,0.01761228,-8.64364e-06,-0.03221601,-0.069690846,-0.03950034,-1.63038,-0.5923687,-0.053404976,-1.4637405,-0.050612405,0.009033327,-0.7174085,0.0010114203,-0.00027446804,0.0021707695,0,0.00035483003
-0.24882093,0.011976487,-0.7683003,-0.007735144,0.2992939,-0.0032136214,0.031195434,0.008416962,-0.08082369,-0.11549456,0.0026725729,0.049874876,-0.08036304,-0.009237866,0.0014152487,0.022579236,-8.643641e-06,-0.022047274,-0.030347817,0.042166255,0.511344,0.6511973,0.18857102,-1.0123533,-0.016175382,-0.013694361,-0.8137459,0.007893307,-0.0002501643,0.0029202527,0,0.20068137
-0.9452641,2.9663792,0.023972057,0.09070547,-0.03896995,0.05658854,0.043239426,0.020302273,-0.07723766,-0.12239776,0.011461882,0.090824775,-0.085731186,0.037631202,0.004805778,0.045850974,-1.322949e-05,-0.0056087193,-1.3246783e-05,-0.011607511,-0.15155333,-0.13861044,-0.022548934,2.3281763,-0.015012395,0.030705351,0.23110153,0.124968804,-0.00036952354,0.007343122,1,0.98910147
-0.21629387,0.008369599,-0.083179645,0.06921048,0.083576545,0.028727539,0.048865512,0.023635548,-0.1125444,-0.0068265,0.0069747176,-0.36886683,0.019667417,-0.012703742,0.003899428,0.059487868,-4.9424183e-05,-0.0045698397,-0.00010150242,-0.015119531,-0.106805034,-0.55254894,-0.023413999,2.0226402,-0.019861257,0.02963164,0.21666102,0.13707663,-0.00048705217,0.007343122,0,0.77755046
-0.76862144,-0.20408538,-0.3217027,-0.054718744,-0.03734866,0.02460152,0.024047256,0.009199485,-0.03579857,-0.113225356,0.0027262813,-0.034685552,-0.008100661,0.034307096,0.0017015184,-0.121067174,-8.64364e-06,-0.019624906,-0.020195942,0.0115962485,-1.4754146,-0.6221748,-0.06510954,-2.1265817,-0.04184417,0.010413197,0.07514188,-0.85778236,-0.00057838374,0.0029794767,0,0.0012015942
-1.3466356,-0.28345412,-0.40988398,-0.0054922723,0.20847599,-0.45758578,0.036239967,0.010684579,0.01534792,-0.11941345,0.0028732617,-0.05217758,-0.29689112,-0.12289784,0.0015544358,-0.06407722,-6.685659e-06,-0.042756513,0.054698605,0.0030521557,0.1435532,0.39199618,0.11560533,-1.3313231,-0.01718941,-1.1243811,0.0052743135,0.016202066,-0.00030940858,0.004005665,1,0.009416241
-0.8536756,-0.3123652,-0.15813957,-0.021945264,-0.68396914,-0.014138413,0.024957428,0.013496194,-0.09928191,-0.09701246,0.002670693,-0.037168685,-0.06800391,0.014883328,0.0013454696,0.058370333,-1.322949e-05,-0.011219716,0.0017195768,-0.032163695,-1.200322,-0.6451924,-0.048503548,-2.4889493,-0.042943116,0.0117075555,0.09104214,-0.8871821,-0.0008343781,0.002999396,0,0.0005691596
-0.5666143,-0.24965338,-0.28630942,-0.04603609,-0.51915824,-0.54148597,0.015887663,0.008731646,-0.20214863,-0.5945192,0.001720293,-0.0101863835,1.8668987e-05,-0.017310722,0.0011060325,0.062039837,-8.64364e-06,-0.01576106,-0.0027285956,-0.050801206,-1.4176903,-0.55299294,-0.052461017,-1.4255394,-0.050214436,0.007350028,0.022932079,-0.70111746,-0.00054145005,0.0022042019,0,0.00076701393
-0.6444936,0.034428682,-0.31106824,-0.0028810161,-0.15974444,0.34413427,0.04613283,0.021637646,-0.08595802,0.09573822,0.007541865,-0.15887621,-0.048433863,0.037792265,0.0044024433,0.05482903,-2.516625e-05,-0.012859086,0.010214137,-0.013786843,-0.23208883,-0.19548751,-0.024970047,2.2182198,-0.015670046,0.03265193,0.23014817,0.1326949,-0.00040180708,0.007343122,1,0.79902583
-0.9494965,-0.67049223,-0.122284204,-0.02082455,-0.2150169,-0.0065204967,-1.7033372,-0.34833577,-0.2581573,-0.5777229,0.0019920843,0.08424511,-0.13095167,0.034657832,0.0069407653,0.03244315,-0.0010200533,-0.0004497157,0.004899415,-0.03635864,-0.86475444,-0.5909706,-0.04808884,-1.6017588,-0.040476564,0.010933729,0.04648326,0.056739315,0.010556606,0.00224216,0,0.00037589358
-0.9789906,-0.30709,-0.17283551,-0.0152300475,-0.066089086,0.023389079,0.030787298,0.011518422,-0.019804602,0.110774875,0.0023635793,0.08270082,0.03632269,0.00912139,0.0014923735,0.06626856,-1.322949e-05,0.0012395482,0.0103028,-0.029581703,-0.93315077,-0.56599486,-0.06424438,-2.4637501,-0.047417108,0.016048502,-0.78251135,0.060022745,-0.00044873974,0.00293994,0,0.002540612
-0.6377745,-0.10357617,-0.27787185,-0.014899255,-0.020746065,0.021755612,0.028827017,0.012770962,0.011292001,0.07300859,0.0027590364,-0.10499046,-0.4709287,-0.1697852,0.0014753465,-0.01928415,-4.9424183e-05,-0.01689104,0.0201846,-0.027756415,-0.92008466,-0.68562114,-0.050021563,-2.6657224,-0.05579239,0.017058877,0.108206324,-1.0217565,-0.0006800534,0.003061155,0,0.0009531534
-2.0853667,-0.18184096,-0.22240667,-0.010403537,0.026491087,0.06327931,0.051291883,0.017143149,-0.013904726,0.18970647,0.008241924,0.08201664,-0.08984605,0.009932844,0.005039568,0.09378352,-6.685659e-06,-0.023155287,-0.0055001313,-0.007978468,-1.3557028,-0.5507938,-0.024537664,1.8099512,-0.015638782,0.017621461,0.18636638,0.11606666,-0.0002818554,0.007039069,1,0.13075054
-0.7810751,-0.009309583,-0.3970562,-0.02836561,-0.033964336,0.09484274,-1.8038844,-0.46562847,-0.23653086,-0.45970994,-0.4260324,0.01358854,-0.17780964,0.016810894,-0.25800398,0.06270386,-8.64364e-06,-0.024762424,-0.0006368443,-0.028029392,-1.5390633,-0.34874904,-0.025532598,1.2226616,-0.015862145,0.013255797,0.10581561,0.054238718,-0.003879635,0.0024306073,0,0.004199874
-0.71994174,-0.394416,-0.270131,-0.065190285,0.26292124,-0.9239978,0.025199628,0.010349653,-0.026570514,-0.13186507,0.002223907,-0.055492505,0.11765983,0.07135765,0.0015549688,-0.15031625,-8.64364e-06,-0.2420621,-0.048247747,0.02535302,0.14007844,0.45216858,0.16010967,-0.978053,-0.016018854,-0.06300072,-0.6440743,0.06947706,-0.00025629663,0.0028597396,0,0.032949485
-0.5665071,-0.3708375,-0.17593311,-0.022822,0.2559262,0.0053810077,0.029578155,0.011530532,0.071169585,0.11260815,0.0024171306,-0.18842569,-0.07788508,-0.10859299,0.001627399,0.049039584,-8.64364e-06,-0.007883066,-0.030832857,0.033219855,0.18542404,0.15057068,0.15441024,-1.2842698,-0.018329753,-0.018290613,-0.049570628,-1.1148258,-0.00037197967,0.0029177177,0,0.04924193
-1.5907944,-0.041715525,-0.10192515,0.020600284,-0.05140558,-0.3238571,0.027205577,0.0067819012,-0.33328915,-0.6418885,0.0015797493,0.048686184,-0.21151072,-0.014664641,0.0009457238,0.015493527,-6.685659e-06,-0.0074549476,-0.0004951304,-0.03886708,-1.3131022,-0.5935187,-0.04777023,-1.2960114,-0.06745103,0.0018714914,-0.5348545,0.042193368,-0.00027378666,0.0022062548,0,0.0008804124
-0.82565016,0.013266739,-0.17214863,0.047288746,-0.053908847,0.2722301,0.04524108,0.021990107,0.22377671,0.45896122,0.0075089796,0.12549634,0.0195237,0.013458194,0.0042832997,0.11023953,-4.9424183e-05,-0.01115641,-0.00062316447,-0.0034330587,-0.17415275,-0.21886197,-0.023047287,2.313775,-0.014175484,0.033869356,0.24093807,0.14321867,-0.0003640763,0.007343122,1,0.9317501
-1.3665036,-0.86199385,-0.10013298,-0.026015967,-0.07197554,-0.22399983,-1.5730636,-0.4583499,0.018996252,0.021503262,0.002475656,-0.052452326,-0.1309228,-0.4754834,0.010968302,0.040766295,-4.044135e-05,-0.05459397,-0.06134257,-0.0064235064,-1.3389722,-0.4695198,-0.061150767,-1.522585,-0.032444417,0.012807836,0.05707823,0.03145844,0.0028561575,0.0030132602,0,0.00017043392
-0.70505023,0.07187137,-0.060981873,0.23370238,-0.1202891,0.06709041,0.04016347,0.020349879,0.047764417,0.11656578,0.007445444,-0.08376768,0.014803755,0.03470441,0.004617037,-0.04888374,-4.9424183e-05,-0.012963631,0.00044438755,0.00144375,-0.09060583,-0.13081862,-0.030508481,2.3000207,-0.015688457,0.029213874,0.21230032,0.13015719,-0.00026603314,0.007343122,1,0.8858648
-0.5846399,-0.18811436,-0.32019004,-0.014523293,-0.20302726,0.0061682113,0.028456202,0.0104258,-0.16150366,-0.49396858,0.002199456,0.08886027,-0.103497446,0.010624548,0.0012030994,0.0399831,-4.9424183e-05,-0.018291784,0.00610099,-0.035284728,-1.0606334,-0.71082354,-0.04992639,-2.39722,-0.060611103,0.010430854,0.06892848,-0.8170271,-0.000584743,0.002392764,0,0.0009720896
-2.2250307,-0.14930356,-0.3449002,-0.005280183,-0.08127154,-0.0020712207,0.04129363,0.022384603,-0.20591941,-0.19328523,0.00736204,0.15378645,0.011991069,-0.004148606,0.0035151686,0.042440064,-2.516625e-05,-0.013938945,3.2568816e-05,-0.009731597,-0.41637173,-0.27422866,-0.024516279,1.9428605,-0.015538042,0.023255283,0.22773466,0.12678196,-0.00037296765,0.007343122,1,0.20650895
-1.1838657,-0.07178458,-0.24006881,0.022389298,0.08612893,0.09202492,0.0459498,0.023743547,-0.020162001,0.13621092,0.007129945,-0.45725653,-0.104620904,0.020719906,0.0039059576,0.04326178,-2.516625e-05,-0.0059772623,-0.0021883012,-0.011022019,0.009709571,-0.42154333,-0.021724582,2.081099,-0.01759345,0.026181579,0.21397236,0.13514727,-0.00041077402,0.007343122,1,0.6000627
-0.6819783,-0.26394218,-0.15820484,-0.016126003,-0.15972511,0.20780589,0.034548093,0.009434717,-0.2932188,-0.64857644,0.0018349409,0.075227514,-0.09573298,0.006830189,0.0010727961,0.05599533,-8.64364e-06,-0.0048910384,0.0045812,-0.04625239,-1.5221739,-0.8350858,-0.073925115,-1.4194894,-0.053612754,-0.6559776,0.073162906,0.047353573,-0.00059820997,0.002472296,0,0.001658556
-0.77322704,-0.8301438,-0.15722127,-0.058513816,-1.4721961,-0.7891027,-1.4311972,-0.44814137,-0.07726601,-0.07834947,0.0015636643,-0.2110406,0.00871471,-0.07118518,0.011866684,0.034375604,-0.0010200533,-0.012408721,0.0022918275,-0.034225855,-0.7166783,-0.4502239,-0.04152246,-1.4254031,-0.04225146,0.012532058,0.03281509,0.06559317,0.0013277669,0.003099145,0,0.00013127453
-0.60970587,-0.005057997,-0.39425644,-0.0022451584,-0.17484036,0.049824834,0.029996846,0.012825475,-0.084519036,-0.10429294,0.0025056251,-0.23036845,-0.15460862,0.0133147985,0.0013633269,0.026382228,-2.516625e-05,-0.0041800775,0.0024746452,-0.046615418,-0.5522196,-0.4623629,-0.048089024,-2.1454203,-0.07905124,0.014589117,-0.80922085,0.067280576,-0.0005028966,0.003000453,0,0.0034190447
-0.5275109,-0.00025189357,-0.21845451,0.059661515,0.26680654,0.08014544,0.028751167,0.009127875,-0.028824043,-0.12823106,0.0027247213,-0.045511816,-0.036016706,0.010065423,0.0017173369,-0.12513809,-8.64364e-06,-0.2497619,-0.03720179,0.022396611,0.19986899,0.17743994,0.15482019,-1.4097613,-0.017860563,-0.05657819,0.02092306,-1.0411106,-0.00031222333,0.0029794767,1,0.05335013
-0.8817153,-0.25107768,-0.21226977,-0.058286,-1.4955213,-0.24644436,0.033729266,0.010964229,-0.1787918,-0.34322715,0.0012980612,-0.26044226,0.03848471,-0.031675916,0.0009914709,0.027076095,-4.9424183e-05,0.0013911518,0.0054226443,-0.0410854,-0.71820754,-0.4827893,-0.033194046,-1.3262123,-0.06355784,0.010865536,-0.618103,0.05794052,-0.00029577545,0.0022955863,0,0.0008723609
-0.84552,-0.008562116,-0.1400598,0.04581201,0.06650093,0.35713467,0.046528757,0.02412508,-0.059928186,0.10581793,0.007128778,-0.012622576,-0.0950085,0.03284045,0.0039159753,0.047953144,-2.516625e-05,-0.003757083,0.00054943585,-0.010855729,-0.07368051,-0.5169493,-0.008211006,1.999515,-0.02032893,0.031096052,0.19860898,0.13554238,-0.00049329794,0.007343122,1,0.7897576
-0.23940405,3.1572943,-0.15019754,-0.021905834,0.11176922,0.03879307,0.028106594,0.020215722,-0.043415133,0.01515871,0.011023028,-0.49247545,-0.08373814,-0.26944104,0.0049672187,-0.26394114,-4.9424183e-05,-0.058304027,-0.10395599,0.0036900793,-0.4141843,-0.56026876,-0.026368992,1.9803392,-0.014628612,0.026874505,0.1429268,0.13282382,-0.00041644892,0.007343122,1,0.9501538
-0.6804268,-0.35537034,-0.04579488,-0.019394645,0.3304341,-0.45315057,0.031779002,0.011107719,-0.0818566,-0.13656762,0.0021644798,-0.024051113,-0.42286012,-0.13928357,0.0013219601,-0.025698565,-4.044135e-05,0.01238995,-0.03659993,0.0322798,0.49532232,0.5939667,0.14784473,-0.7779333,-0.013181553,-0.019538756,-0.5893624,0.00056782045,-0.00059855444,0.0028597396,0,0.10427354
-1.1685002,0.0013977289,-0.55936575,-0.0060562096,0.29306003,0.059914954,0.027411612,0.008677317,-0.18056516,-0.40894607,0.0017686045,0.10257112,0.006900359,-0.012838851,0.0011233877,0.04222095,-8.643641e-06,0.0018282097,-0.013542656,0.018078238,0.55791944,0.58960444,0.15074962,-0.78340536,-0.016801873,-0.019821392,-0.106721655,-0.5141856,-0.00027797208,0.0022042019,1,0.12824641
-0.77761877,-0.6134114,-0.0929052,-0.012177712,-0.039053265,-0.008206813,0.031640306,0.012237601,-0.08220734,-0.04312571,0.002275998,-0.37831837,-0.11846829,-0.008538182,0.0014128782,0.044522457,-4.044135e-05,-0.01056194,0.0034600704,-0.056739204,-1.5233359,-0.8586239,-0.05185565,-1.742507,-0.04108207,0.009446708,-0.72792965,0.057948053,-0.00065949425,0.0028597396,0,0.00089973444
-0.27475494,0.042004317,-0.31028065,-0.014451045,-0.01704303,0.08660652,0.042383634,0.025819987,0.17568147,0.27506915,0.0070386548,0.23970716,0.015752433,0.009336686,0.0039823377,0.08644712,-4.9424183e-05,-0.0061658197,0.0077076815,-0.013981243,0.01953416,-0.53119737,-0.023713443,2.2417324,-0.019226886,0.031386197,0.23481813,0.13948382,-0.0004964882,0.007343122,1,0.9234044
-1.5073942,-0.8589215,-0.105162315,-0.015497116,-0.030633833,0.023208177,0.028678741,0.016329024,0.07393261,0.12900746,0.0019929653,-0.08091539,-0.023919469,-0.04657828,0.0013418627,0.06643558,-4.044135e-05,-0.051484507,-0.07413006,0.004944426,-1.4666831,-0.7169504,-0.071178675,-1.7130966,-0.04125485,0.008969699,0.04580008,-0.8188709,-0.0009791156,0.0029177177,0,0.0007378134
-0.8518641,3.504748,0.18086252,-0.013694104,-0.087629296,-0.30354506,0.03818762,0.02071074,0.18480802,0.33899394,0.0110811815,-0.46310574,-0.06888806,0.07485622,0.004927339,0.06708802,-4.9424183e-05,-0.0045606284,0.000533908,-0.012711648,-0.40880647,-0.6001637,-0.023175294,2.1115267,-0.019110786,0.03113396,0.1795817,0.12452754,-0.00042269472,0.007343122,1,0.9825745
-0.22325388,-0.07722898,-0.39328516,0.038329076,0.22798811,-0.32875678,0.04121311,0.009716681,0.03169749,0.066581964,0.0026215708,-0.038435344,-0.14956108,-0.5984333,0.0019114224,0.0127481,-8.64364e-06,-0.12308875,-0.031383947,0.013596597,0.3651502,0.4362183,0.15142432,-1.7771376,-0.023095299,-0.92123383,-0.062103204,0.058396067,-0.00031825458,0.004005665,0,0.0363802
-0.60983145,-0.016253792,-0.06339624,0.042550504,0.28015473,-0.064624466,0.02902319,0.0078294575,-0.16002394,-0.3731536,0.0016401922,0.0012000105,-0.022898445,-0.060218997,0.0011139226,0.031750046,-8.64364e-06,-0.0026273166,-0.01712251,0.03073437,0.5314175,0.1248461,0.14226937,-0.6497277,-0.01239058,-0.031081636,-0.8411785,0.01108564,-0.0002084324,0.0021707695,0,0.15737288
-0.5589426,-0.0072472254,-0.4735413,-0.014519237,-0.16079427,-0.041006226,0.025770674,0.009316926,-0.1596673,-0.40106082,0.001725935,0.113543965,0.09622602,0.02923503,0.0012381925,-0.0073325764,-4.9424183e-05,-0.011982713,0.0019474847,-0.0450441,-0.94469196,-0.43178037,-0.0484057,-2.1504068,-0.068637826,0.011966955,-0.73692304,0.057182815,-0.00038197005,0.0023560994,0,0.0027242065
-0.4480734,0.0107746115,-0.09948937,0.104610525,0.040466867,0.12262808,0.05669095,0.017243896,0.23372656,0.43706265,0.00847554,-0.038856976,-0.06207606,0.0055851433,0.0056364117,0.10053523,-8.64364e-06,-0.0032586572,0.0058574905,0.0070576253,-1.1341945,-0.43169978,-0.028134434,2.182856,-0.016489325,0.027107751,0.20272134,0.12673087,-0.0002944683,0.007039069,1,0.8098884
-0.682354,-0.22013363,-0.16527028,-0.00825269,-0.04286838,0.0025193822,0.04294052,0.012558477,-0.07708197,-0.24735828,0.002400519,0.10196047,-0.07931436,0.040726807,0.0013213146,0.04039709,-9.260577e-06,0.004176787,0.009047343,-0.038686026,-0.6168895,-0.7992669,-0.050243672,-2.4311874,-0.064606406,0.008959489,-0.8047286,0.059196383,-0.0004180724,0.0026098276,0,0.0024954195
-0.4833631,0.08499974,-0.27800217,-0.019324321,0.057785362,0.07069355,0.04833236,0.02464971,0.0070699654,0.039099995,0.007036305,-0.00480817,0.034350246,-0.057799198,0.003956751,-0.11109172,-4.9424183e-05,-0.010879184,-0.017186275,0.0040825554,-0.026638474,-0.50029635,-0.028185656,2.0412796,-0.0176712,0.03060649,0.18730247,0.13620575,-0.0004964882,0.007343122,1,0.77522546
-0.16659744,-0.1610239,-0.15632547,0.034475684,-0.018589837,0.030498762,0.0362429,0.0099251205,0.09187602,0.16164292,0.0027276762,-0.35013148,0.012737335,-0.013186443,0.0018336832,0.0712174,-8.64364e-06,-0.021463202,0.0076235905,-0.03969696,-1.2669779,-0.6661801,-0.062614754,-2.798666,-0.053753477,-0.9227203,0.104192495,0.082615875,-0.0005792569,0.004005665,0,0.0023810023
-0.24823844,0.0303904,-0.21446942,0.06940284,-0.13343228,0.021153329,0.026061114,0.024751237,0.030339777,0.0065941457,0.0070342873,0.24828269,0.2528319,0.11795002,0.0041126674,-0.0031044201,-4.9424183e-05,-0.0091329245,-0.01153379,0.0032082358,-0.026165592,-0.5666624,-0.025767492,2.2478845,-0.017239595,0.031276934,0.2190193,0.14271328,-0.00030887921,0.007343122,1,0.9040708
-0.8056573,-0.6311669,-0.087834224,-0.0062162494,-0.6537872,-0.50981253,0.021781953,0.020652398,-0.11180078,-0.24896146,0.0023635265,0.0043490757,-0.09880616,-0.12117047,0.0013458555,0.007829901,-4.5451732e-05,-0.014332067,-0.010600813,-0.018380709,-1.019773,-0.8436881,-0.032493677,-2.249426,-0.04314718,0.00974659,0.072884455,-0.8523131,-0.0020211586,0.002999396,0,0.0002722745
-0.8451353,-0.6760029,-0.17487329,-0.010886502,-0.3852423,-1.0353829,0.024268532,0.017320024,0.03630696,0.096120656,0.0021562437,-0.31902283,-0.024170721,-0.13432288,0.0016169797,0.029951354,-2.4539833e-05,-0.014643158,-0.00049243827,-0.033503678,-1.7428473,-0.64298666,-0.03546439,-1.718661,-0.038727976,0.009758985,0.048783265,-0.88363063,-0.0009853583,0.0029177177,0,0.0002162725
-0.6895984,-0.72142124,-0.067220636,-0.016442435,-0.44973138,-0.025114942,0.026527032,0.0036650822,-0.1121767,-0.26843655,0.001795121,-0.32009196,-0.0018037487,-0.04622863,0.00108382,0.048567984,-9.558551e-05,-0.09406118,-0.004876954,0.012384719,-0.82231385,-0.6014339,-0.06504051,-2.0953357,-0.04369316,0.006586492,-0.65604085,0.05028504,-0.00069441006,0.0022955863,0,0.00096771034
-0.832343,-0.7127539,-0.14758848,-0.03785071,-0.30112356,-0.21186332,-1.5477734,-0.37008414,-0.25608483,-0.5746137,0.0019165995,0.07758113,0.020510491,-0.055055987,0.008136595,0.046437114,-0.0010200533,0.001572512,0.0065193744,-0.03525286,-0.6554368,-0.50994784,-0.04704267,-1.6940359,-0.05518774,0.009838998,0.030318744,0.050902996,0.0013174702,0.00224216,0,0.00041837568
-1.1044427,-0.029936967,-0.18260156,0.0866895,-0.13489646,0.105900615,0.04521122,0.023881823,0.23101293,0.32244688,0.007121186,-0.29389986,-0.07776261,0.08773031,0.004051808,0.06856212,-4.9424183e-05,-0.0051411567,0.0035702845,-0.010439097,-0.15555222,-0.58552617,-0.023807326,2.1343215,-0.020345233,0.03045621,0.2172761,0.13171898,-0.00031582388,0.007343122,1,0.70922637
-0.21160002,0.030148622,-0.7419349,-0.0055100215,0.2663697,-0.73252887,0.026452051,0.009173879,-0.07902935,-0.19333674,0.0026021441,-0.17135109,-0.29216444,-0.15997933,0.0016954567,-0.17270944,-8.64364e-06,-0.23520127,-0.0119894575,0.051648125,0.08264078,0.23203218,0.15425122,-1.4750721,-0.017314358,-0.053923044,-0.09038309,-0.9808897,-0.0003198571,0.0029794767,0,0.008524943
-0.53379023,-0.08455267,-0.25867566,0.035882886,-0.031122115,-0.544008,0.042399034,0.022059394,0.22231981,0.41058892,0.007527911,-0.3099895,-0.08786116,0.045975246,0.0041611893,0.06726988,-1.322949e-05,-0.0362306,-0.008321974,0.0043620146,-0.25995052,-0.45664114,-0.026808184,2.3057644,-0.018563522,0.028422471,0.22072414,0.13327749,-0.00037466,0.007343122,1,0.7130466
-1.5492995,-0.68030953,-0.16119146,-0.012317759,-0.23620668,0.32984558,0.03423079,0.013095566,-0.16495983,-0.43786418,0.0014448859,0.0396639,0.006234646,-0.026017262,0.0009518083,0.054342043,-4.044135e-05,-0.014056606,-0.07040802,-0.036548987,-1.7793378,-0.78352547,-0.046293106,-1.4431996,-0.04225297,0.012915462,0.052200727,0.02368257,-0.0007268626,-0.19678988,0,0.00082139246
-1.6128783,-0.69556224,-0.062233284,-0.017745936,0.26166844,-0.8142552,0.037201658,0.018287545,-0.10338257,-0.1828936,0.0021170652,-0.047569964,-0.17583476,0.0027023184,0.0011949185,-0.28816935,-4.044135e-05,-0.16976997,0.12513268,0.00038745624,0.15554412,0.2724318,0.13288996,-0.80167496,-0.014100192,-1.0082732,-0.15488404,-0.010266742,-0.00071261614,0.0039406796,1,0.0058369385
-1.3338802,0.12053185,-0.3449362,-0.020413361,-0.06833959,-0.3551208,0.041892745,0.022551967,0.036340877,0.13577014,0.007461282,-0.11212904,0.012298613,-0.058403745,0.004253514,-0.120326005,-4.9424183e-05,-0.030619906,-0.034980297,8.238386e-05,-0.13905862,-0.13225697,-0.029466689,2.1960344,-0.019996893,0.029949032,0.2264398,0.1191425,-0.0003950166,0.007343122,1,0.54209346
-0.21671945,-0.13102332,-0.35097268,-0.017089695,0.10571828,-0.6206755,0.043460734,0.024989152,-0.021507978,-0.05577286,0.007036305,-0.35972437,-0.06609804,-0.26651776,0.003940667,-0.28974298,-4.9424183e-05,-0.013188656,-0.03590829,0.0027887768,-0.27181536,-0.61286414,-0.024960218,1.9585816,-0.018752988,0.029658992,0.19621842,0.13499057,-0.0004139643,0.007343122,1,0.29942915
-1.1288418,-0.40070793,-0.28845882,-0.015463566,0.24351238,0.062239055,0.036742173,0.013478083,-0.050093886,-0.15157455,0.0024193984,-0.051735803,-0.13340402,-0.16057396,0.0015441015,-0.33114234,-8.643641e-06,-0.20567855,0.019809466,0.015372015,0.42966726,0.41594544,0.16328663,-1.0735233,-0.015591758,-0.98850507,-0.065838665,-0.002291632,-0.00038228888,0.0039406796,1,0.02541168
-1.4852546,-0.76712143,-0.07213682,-0.024988603,-0.09911879,0.22892152,-1.5249218,-0.4628654,-0.04979846,-0.16559021,0.0025868875,-0.048887625,-0.3051125,-0.043877345,0.0104113035,-0.3332557,-4.044135e-05,-0.08867808,-0.074790254,-0.0062036808,-1.2327052,-0.7680151,-0.07382367,-1.5545211,-0.04164625,0.010800799,0.063870944,0.032255903,0.0030873285,0.003099145,0,0.00014203813
-1.3500863,-0.16685547,-0.31359658,-0.0049356543,-0.19344828,0.05375377,0.029562999,0.0054073674,0.006005518,-0.070291765,0.0026799627,-0.040342703,-0.28786466,-0.037567023,0.0013373648,-0.17619139,-6.685659e-06,-0.017268332,-0.07289025,-0.0025422042,-1.3751775,-0.528779,-0.07402738,-2.0857942,-0.04895395,-0.046842985,0.10269764,0.06696965,-0.00060641416,-0.36821496,0,0.0009249755
-1.2602776,-0.30593148,-0.19685131,-0.03102688,-1.476889,0.027141964,0.035358816,0.01085665,-0.12966762,-0.26344365,0.0015958238,-0.2460575,-0.010255256,-0.05863184,0.0011928065,0.014560161,-4.9424183e-05,0.0011911152,-0.0006076071,-0.037645683,-0.7580276,-0.58774745,-0.04677698,-1.4411433,-0.059071906,0.008251329,-0.5668027,0.049680762,-0.00030202122,0.0022955863,0,0.0006643561
-0.4297329,-0.64810836,-0.3815385,-0.072955914,-0.06914861,0.1666335,0.045055293,0.021898832,0.13505386,0.2057643,0.0073581627,-0.14759243,-0.21897207,0.027421309,0.0039822664,-0.04157536,-1.322949e-05,-0.05974825,-0.10892367,0.0011745347,-0.23425119,-0.060554538,-0.029686123,2.067827,-0.011979696,0.026613666,0.21159272,0.1272679,-0.0004341239,0.0071220826,1,0.6338117
-0.5316563,0.01865627,-0.47860768,-0.010607757,-0.12070683,-0.23418325,0.031038584,0.01255967,-0.04459994,-0.0071199173,0.002579546,-0.08371368,-0.03309818,-0.053963114,0.0017735705,0.028545916,-8.64364e-06,-0.013606542,0.0027501758,-0.05225988,-1.3379416,-0.51370895,-0.044837452,-2.2756004,-0.0610216,0.018116763,0.093908586,0.07407153,-0.0006145088,-0.35063255,0,0.002585022
-0.80079,3.1546977,0.0372829,0.08272553,-0.28300217,-0.31286108,0.03785333,0.016505783,-0.06788977,-0.012551488,0.01156854,0.14253455,0.06829957,0.037492946,0.005499303,-0.00010646674,-1.322949e-05,-0.012821607,-0.0028756787,-0.010453525,-0.29452458,-0.26790807,-0.032378178,2.3539643,-0.01318414,0.031329427,0.23331033,0.1316476,-0.00034991853,0.007343122,1,0.98592794
-0.8975765,0.03766972,-0.5346569,-0.008500167,-0.08897916,-0.028650125,0.035842944,0.010944198,-0.059356812,-0.11709311,0.0029051278,-0.06983749,-0.2510805,-0.023030117,0.0016816983,-0.26105577,-8.64364e-06,-0.011964837,-0.013686121,0.014010196,-1.4032407,-0.6493356,0.10750592,-2.2578862,-0.04580968,-0.8980015,0.09895915,0.062349062,-0.00053019944,0.004005665,0,0.0007201339
-0.80054855,0.09124352,-0.61945444,-0.02141045,-0.13648808,-0.4662216,0.038842354,0.022537,0.07281293,0.08556934,0.0074280775,-0.11273927,-0.07908473,-0.017951328,0.004257216,-0.07551716,-4.9424183e-05,-0.018130938,-0.038352564,0.0009978062,-0.19967617,-0.18111053,-0.043910425,2.2377768,-0.014872918,0.03205548,0.2374986,0.13387051,-0.00027546918,0.007343122,1,0.5387952
-0.8880689,-0.06551493,-0.25553462,0.031335615,-0.20076758,0.031509142,0.03084064,0.008989633,0.07119621,0.10344107,0.002599933,-0.33026916,0.027793461,-0.014909202,0.0018546224,0.05580888,-8.64364e-06,-0.021365803,-0.00411997,-0.06957934,-1.5604349,-0.8329235,-0.048170004,-2.4457757,-0.068047345,0.014573102,-0.799549,0.05249095,-0.00030224136,0.0029202527,0,0.0007757262
-0.5911882,-0.63651156,-0.11817642,-0.023087163,-0.12959293,-0.26988202,0.037023246,0.012997269,-0.02444778,0.06634792,0.0023979454,-0.13446172,-0.09361018,0.010188893,0.0013941199,0.044233557,-9.558551e-05,-0.056416173,-0.037672866,0.0024405273,-0.8690113,-0.66380244,-0.07616302,-2.332343,-0.03743275,0.010807382,-0.7413758,0.064015,-0.001644588,0.00293994,0,0.0013955422
-0.8170991,-0.09471245,-0.09008141,0.09056218,-0.34010667,-0.34844294,0.05236515,0.016168233,0.26412636,0.38281947,0.007105818,-0.06943854,-0.21368241,-0.72385526,0.004227002,0.13132441,-8.64364e-06,-0.018375734,0.0015192702,-0.016822984,-1.1291928,-0.36729583,-0.023329318,2.1067963,-0.016816378,0.02957445,0.20896405,0.12332451,-0.00030435517,0.007343122,1,0.30273846
-0.75565046,-0.0044966727,-0.044999633,0.01180795,0.3019515,0.009734339,0.031070808,0.0077349246,-0.13999394,-0.31107548,0.0019742216,0.069911405,-0.1134587,-0.015709128,0.0012034222,0.036149044,-8.643641e-06,0.0054858476,-0.02746599,0.041256048,0.51012594,0.6977135,0.17120466,-0.75289214,-0.017186161,-0.0140260765,-0.60331863,0.0022943595,-0.0002084324,0.0023206142,1,0.2912134
-0.79970986,-0.36388773,-0.16470209,-0.012708249,0.107733235,-0.42469862,0.028270219,0.011646447,0.0036068622,0.08182017,0.002347441,0.04622326,0.015569444,-0.013291674,0.0016387925,0.06628714,-8.64364e-06,-0.001084112,0.0014333212,-0.04589962,-1.3133063,-0.86907667,-0.043172378,-2.2062242,-0.059751514,0.011488662,0.060358483,-0.8568575,-0.0006575066,0.0029177177,0,0.0011995067
-0.6302473,0.118759364,-0.29837573,-0.030905817,-0.06507578,0.07810945,0.04626736,0.022560198,0.033746533,0.11103864,0.0076487437,-0.029222215,-0.3750115,-0.12658377,0.0041816137,-0.17482817,-4.9424183e-05,-0.01069198,-0.018170731,0.0013156413,-0.14693221,-0.16103204,-0.039751273,2.2623491,-0.015150384,0.028392965,0.2458232,0.12606126,-0.00040126237,0.007343122,1,0.72715217
-0.5062019,-0.7870745,-0.15618254,-0.01108581,-0.59903365,-0.79393107,-1.5494218,-0.35152847,-0.30978754,-0.40950194,0.0007342784,0.049372885,0.020998208,-0.016500404,0.007520708,0.025697561,-0.0002463661,-0.0034119468,0.0042748293,-0.031764578,-0.5221602,-0.42249617,-0.03907283,-1.3631531,0.26479974,0.0073591108,0.026986532,0.05355845,-0.00258458,0.00224216,0,0.00060933083
-0.5378343,-0.09571919,-0.3325741,-0.019758973,0.005569388,0.06810867,0.0540755,0.017977005,0.2507388,0.45507252,0.008479986,-0.10326021,-0.029742057,0.0006058817,0.0056229853,0.115294956,-8.64364e-06,-0.024834635,0.022152413,-0.017975386,-1.1686406,-0.17354256,-0.024778588,2.1306925,-0.014310234,0.029164905,0.21001804,0.12252,-0.0002818554,0.007039069,1,0.7249051
-0.14607626,-0.17341124,-0.28474128,0.064000316,-0.11950793,-0.15851207,0.04905802,0.021242304,-0.07140801,-0.058804426,0.0070374245,0.15913904,-0.58031577,-0.26821086,0.0039107027,-0.16618599,-4.9424183e-05,-0.010744856,-0.000523656,0.0038181434,-0.06391976,-0.43396398,-0.028227493,2.0861797,-0.002970178,0.029655633,0.20470275,0.13782793,-0.00031414191,0.007343122,1,0.55356354
-1.5816857,-0.67450947,-0.20042405,-0.018095484,-0.2741303,0.012633915,0.031345107,0.011770829,0.10284443,0.17608547,0.002120589,-0.12662013,-0.08793185,0.026165348,0.0013503798,0.064247236,-4.044135e-05,-0.017750427,-0.075159274,-0.038220044,-1.5096545,-0.5882985,-0.050993342,-1.7038379,-0.032090455,0.011441872,-0.746575,0.026914624,-0.00065949425,0.0028597396,0,0.00071119884
-0.53355515,0.015561473,-0.23596472,0.08397633,0.10966396,0.10562433,0.06685149,0.03244158,-0.29362044,-0.8809712,0.0033147007,0.35398155,-0.13011806,-0.01334489,0.0018647207,0.04902961,-4.9424183e-05,-0.0066302833,-0.0015866003,-0.014114792,0.3093664,-0.28898767,-0.022890009,2.0245545,-0.01778037,0.021053694,0.18904711,0.13080984,-0.00031546364,0.004417057,1,0.7447266
-0.17777169,3.5467172,-0.28780416,-0.0147287,0.0760219,0.019813294,0.039580524,0.0130874,-0.14632238,-0.19443543,0.011917358,0.107147425,0.019983906,0.0056307046,0.0048301336,0.06407226,-8.64364e-06,-0.017842853,0.0038761985,-0.014877316,-0.98735,-0.22465885,-0.022364309,2.1447852,-0.011528544,0.028599262,0.21926789,0.10702725,-0.00027927908,0.007039069,1,0.986984
-0.6344831,0.048351653,-0.16337243,0.101538606,0.17370446,0.111223176,0.044521634,0.024531078,0.049437124,0.13981068,0.0071689226,0.16275215,-0.8215186,-0.34188196,0.003921502,-0.048107203,-4.9424183e-05,-0.004429547,-0.0052968236,-0.013507532,-0.11457485,-0.6190198,-0.023986837,2.0455787,-0.020201005,0.030473199,0.22275454,0.13636035,-0.00049329794,0.007343122,1,0.624244
-0.6376647,-0.3877087,-0.27848327,-0.009279263,0.30567804,-0.32556993,0.026233306,0.008366673,-0.23291616,-0.5416941,0.001720242,-0.040592097,-0.097876236,-0.4174215,0.001122958,0.023585986,-8.64364e-06,-0.010492332,-0.03545995,0.025849497,0.2962716,0.27114913,0.1429734,-0.6348232,-0.025985982,-0.04138485,-0.07298817,-0.96361893,-0.00025592314,0.0022042019,0,0.025580412
-1.5631646,-0.0060077063,-0.30739394,0.0029566507,-0.116738364,-0.008778371,0.029637083,0.0077939667,-0.11274268,-0.35904548,0.0024523516,0.06415688,-0.060796127,0.015531547,0.0012600641,0.025277272,-9.260577e-06,-0.012717527,0.0017974421,-0.032148093,-1.0936292,-0.5617178,-0.050361536,-2.2047207,-0.04827688,0.002769234,-0.7410931,0.050110135,-0.0003949997,0.0026703407,0,0.0008543879
-0.77036035,-0.8141216,-0.14699298,-0.01868902,-0.010141292,-0.45505705,0.039324746,0.016391596,-0.5055041,-1.3500577,0.003155963,0.15853883,-0.09272161,0.01599674,0.0017717403,0.055332065,-9.558551e-05,-0.0074800206,0.0020238196,-0.010205559,-0.3493683,-0.5136145,-0.029283362,1.6311444,-0.017003182,0.017530303,0.13016953,0.06944032,-0.00071692397,0.0041960184,0,0.05033809
-1.6646436,0.0779935,-0.6435626,-0.01809296,0.27987087,-0.6243913,0.026548866,0.008671785,-0.11566779,-0.22678034,0.0022863364,0.06253708,-0.08828312,0.008612912,0.0014706198,-0.31996804,-8.64364e-06,-0.018457782,0.0062970943,0.014434898,0.25756702,0.40320957,0.16544971,-1.0114113,-0.01658385,-0.026741965,-0.7119489,-0.0028502499,-0.00024887308,0.0029202527,1,0.0153266275
-1.4538792,-0.74493253,-0.094686374,-0.014559308,-0.024296802,-0.4397172,0.029206477,0.009590097,-0.036323197,-0.22643027,0.0018450303,-0.032969113,-0.13694902,0.01425417,0.0011064295,0.015756704,-4.044135e-05,-0.030334791,-0.07919092,-0.03435897,-1.3768803,-0.49344322,-0.033151206,-1.5298448,-0.035439238,0.009426147,0.027078617,-0.7237082,-0.00072032027,0.002569301,0,0.0005976121
-0.6998363,-0.078550026,-0.31251907,-0.016540691,-0.09210928,-0.24124695,0.030286396,0.023405513,0.08637082,0.24278188,0.0074297623,-0.07264671,0.10398383,0.08137351,0.0043395604,0.009468814,-4.9424183e-05,-0.012527703,0.010354108,-0.011111686,-0.1835533,-0.09431359,-0.023313113,2.3137336,-0.015312148,0.033201717,0.24324767,0.13564882,-0.00023032665,0.007343122,1,0.8158022
-0.827106,0.05817209,-0.39288396,-0.012670267,0.2611471,-0.018454205,0.055068657,0.016733877,0.04461798,0.028080126,0.008286393,-0.018374957,0.09252369,-0.028295698,0.0051909555,-0.27306715,-8.64364e-06,-0.05189943,-0.017486556,0.0012012009,-1.5104961,-0.27694678,-0.028519677,2.0113873,-0.015291577,0.029920626,0.21756656,0.11495486,-0.00030390435,0.007039069,1,0.37499183
-0.95287484,-0.082593605,-0.28074023,-0.03653478,-0.5775206,-0.45105487,-1.4149319,0.13514754,0.15353414,0.19966242,0.003081814,-0.022661557,-0.8315622,-0.45871326,0.0122238975,-0.011127445,-8.64364e-06,-0.0633885,0.0136747565,0.0041559893,-1.0128485,-0.27260074,-0.02269729,1.6583292,-0.01540285,0.019616187,0.169084,0.08366151,-0.0012686913,0.004204396,1,0.017240532
-0.7826407,-0.14739975,-0.28547913,-0.043548625,-0.13642216,0.07815522,0.035143543,0.009448844,-0.22620283,-0.49226204,0.0017711123,0.06925607,0.023949748,0.008547233,0.0011574908,0.058791395,-8.64364e-06,-0.0141084865,0.0059281723,-0.048569772,-1.5234586,-0.7431731,-0.06903534,-1.8744643,-0.055027843,-0.795019,0.083157375,0.055766847,-0.0005492836,0.0025372817,0,0.0011184334
-0.8788842,0.036486883,-0.5028922,-0.0063740085,-0.12704219,0.01851728,0.026131371,0.01008482,-0.06250441,-0.08270231,0.0023675782,-0.101668075,-0.04965237,0.052425634,0.0015198678,-0.06855083,-8.64364e-06,-0.024519986,-0.038396396,0.013592882,-1.1785088,-0.84360343,-0.09729523,-2.242003,-0.05950375,0.0087471735,-0.80724764,0.051117804,-0.00031272075,0.003000453,0,0.00096866465
-0.740801,-0.09960907,-0.33256647,-0.015513519,0.10002138,0.057776354,0.047960684,0.024651347,0.20035192,0.36199304,0.0074402965,0.046428032,-0.016511751,-0.03730544,0.0041948664,0.09130071,-1.322949e-05,-0.006469496,0.024320537,-0.013394964,-0.11593808,-0.11679404,-0.024121743,2.3123167,-0.01726996,0.03191729,0.23315583,0.13128567,-0.00037400206,0.007343122,1,0.89611906
-0.58302575,-0.14775217,-0.15202373,0.033029407,-0.05959328,-0.3728645,0.025489105,0.008084514,-0.24894285,-0.6923173,0.0018364094,0.060347185,-0.11900416,-0.00716127,0.0010044212,0.047362432,-4.9424183e-05,-0.012682962,-0.00066905643,-0.035341777,-0.9863236,-0.5503714,-0.04521738,-1.8068408,-0.056751084,0.008272843,-0.6155971,0.048468288,-0.00029115687,0.0022062548,0,0.0019312322
-0.7343815,-0.33750275,-0.18126704,-0.01679288,-0.05116517,-0.03911137,0.029205177,0.011714504,0.10191892,0.2162553,0.0026023425,0.013333559,-0.062330604,0.037615195,0.0016036439,0.06864695,-8.64364e-06,-0.0076845144,0.009019399,-0.052554946,-1.6413841,-0.63588935,-0.04672694,-2.2245324,-0.044447865,0.01247914,0.0771291,-0.895522,-0.0006587978,0.0029177177,0,0.0016948413
-0.63431156,0.00893115,-0.44803578,0.002330351,-0.36285672,-0.6091593,0.025733814,0.007908072,-0.17423819,-0.5740309,0.0016269924,0.065260656,0.013796857,-0.0597681,0.0010334008,0.0046019675,-9.260577e-06,-0.011323589,0.007991325,-0.035316393,-0.909317,-0.48401818,-0.049341537,-2.0528893,-0.04862671,0.012393341,-0.69101137,0.048625797,-0.00025354754,0.0022062548,0,0.0009741093
-0.8024876,0.062237516,-0.53068745,-0.0038869402,-0.1965021,-0.0014122362,0.047916327,0.011586282,0.0145640755,-0.16526622,0.001701187,0.15314682,-0.02533124,-0.048244912,0.0011458965,0.040237848,-2.2618437e-05,-0.010890992,0.0052373223,-0.03366414,-1.3479818,-0.38033044,-0.0024651866,-0.92317224,0.6455564,0.018768862,0.08757245,0.06486027,-0.0002501863,0.004334671,0,0.03541104
-0.80408597,-0.43162757,-0.30212697,-0.012133022,0.31858572,-0.75390697,0.027315645,0.009403528,-0.13992827,-0.281859,0.0019963533,0.03386728,-0.11371392,-0.023288995,0.0012345486,0.030526843,-8.643641e-06,-0.015285548,-0.03118648,0.024273414,0.50927156,0.5498655,0.12716085,-0.81431144,-0.017454688,-0.027678436,-0.11416208,-0.6581851,-0.00026216573,0.0023567537,0,0.052337065
-0.8487486,-0.04851782,-0.43951896,-0.008916842,-0.047799475,-0.23313369,0.03024075,0.012982436,0.08244875,0.12537026,0.0025126978,-0.33411732,-0.11552285,0.024335189,0.0014496727,0.040574465,-4.9424183e-05,-0.0051065837,0.0025430948,-0.04659483,-0.5312302,-0.47274628,-0.045444675,-2.3233094,-0.08689674,0.015466051,-0.8282574,0.06399248,-0.00050344126,0.003000453,0,0.0024666018
-0.8401047,-0.007866273,-0.4466292,-0.009301274,-0.5781027,-0.018979069,0.02158002,0.011577986,-0.20204653,-0.5224372,0.0017730388,0.120854326,0.02871795,-0.023870332,0.0011151399,0.057665423,-2.2618437e-05,-0.023085983,0.00326273,-0.04686257,-1.3390326,-0.64724815,-0.0690613,-1.8837168,-0.06327248,-0.7952686,0.07003205,0.043392774,-0.0005697989,0.0025372817,0,0.00078745396
-0.7614064,-0.21149868,-0.26071176,-0.050142437,-0.34939387,-0.06770302,0.03731703,0.018095521,-0.2464981,-0.6140547,0.001666416,-0.112166665,0.0463703,0.009010808,0.0010534294,0.040125992,-4.9424183e-05,-0.0005650194,2.7262911e-05,-0.033612195,-0.7939152,-0.6014915,-0.037491888,-1.7025203,-0.070824996,0.0077560022,0.04439385,-0.89596695,-0.0006189492,0.0022402124,0,0.001367333
-0.46715087,-0.052029252,-0.23866539,0.024867272,-0.09493649,-0.4939097,0.045374192,0.017270654,-0.05883947,-0.009889095,0.0072659277,0.15989168,0.037947416,-0.025501316,0.0043037813,0.06880872,-1.322949e-05,-0.014825708,0.0002611779,-0.013222914,-0.30749184,-0.274932,-0.023329424,2.20852,-0.019165995,0.030439783,0.22041711,0.13796087,-0.00027740333,0.007343122,1,0.70797014
-1.4278772,-0.81519264,-0.10298228,-0.023451509,-0.3633895,-0.2108569,-1.3874886,-0.53030896,-0.09535,-0.12889583,0.0026122401,-0.091098756,-0.29877022,-0.028333712,0.0105863,-0.01230011,-0.0010200533,-0.022783812,-0.07090825,-0.0006041439,-0.81686383,-0.5809071,-0.050800532,-1.8047893,-0.048743755,0.013858819,0.05954317,0.036337893,0.003280654,0.003099145,0,0.00015447101
-0.61268055,-0.20443961,-0.14205448,-0.01257503,-0.58269,-0.42425963,0.023424778,0.010010853,0.08910216,0.11607428,0.0026372978,-0.0043007913,-0.27938327,-0.1374136,0.0017081441,0.048907734,-8.64364e-06,-0.022969788,-0.020318322,-0.052530292,-1.1635422,-0.79659075,-0.04780286,-2.184546,-0.064591825,0.010331631,-0.7345032,0.053702008,-0.00029153086,0.0029202527,0,0.0008084206
-1.104463,-0.43075928,-0.2078736,-0.029747492,-0.26419032,0.024793446,0.050035484,0.014704432,-0.42235848,-0.97943556,0.003019073,0.13869129,-0.007643477,-0.06889988,0.0021001156,0.0485039,-8.64364e-06,-0.007240553,0.0030370888,-0.00950159,-1.6997293,-0.5265281,-0.027238397,1.469755,-0.014229379,0.01922132,0.12431568,0.07961186,-0.0002876055,0.0046681166,0,0.021697434
-1.1420419,-0.19733085,-0.35065678,-0.009611941,-0.21070273,0.12787734,0.040778983,0.01104204,-0.4175623,-0.9450476,0.001722671,-0.018431466,0.05098213,-0.034634117,0.0011501884,0.038380366,-8.64364e-06,-0.011569214,0.013409011,-0.029882874,-1.2613722,-0.4441599,-0.044215888,-1.3410902,0.13513921,0.017758306,0.07872988,0.05746579,-0.00026660546,0.004334671,0,0.0028127814
-0.7192251,-0.34224176,-0.16928595,-0.016910028,-0.050827436,-0.30865148,0.028647894,0.010377199,-0.016046017,0.049945395,0.0024009075,-0.06834634,-0.13921034,-0.013897581,0.0016120988,0.0557249,-8.64364e-06,-0.076928645,-0.0149252005,0.02106357,-1.2021781,-0.53034735,-0.066008896,-1.957319,-0.04744713,0.009145191,-0.7071296,0.061307907,-0.00033788529,0.0028597396,0,0.0020351792
-1.5214264,-0.76791626,-0.1468053,-0.021737603,-0.039547816,0.22270851,-1.6870098,-0.37644646,-0.11836819,-0.2650796,0.0018628767,0.11169553,-0.11927922,0.027096417,0.007045906,0.04071683,-0.0010200533,-0.0069230413,-0.0839124,-0.03134833,-0.76877254,-0.55012465,-0.043625675,-1.924316,-0.04755292,0.012651448,0.03693687,0.036102656,0.010556606,0.0024028458,0,0.00033455118
-0.8841578,0.005667588,-0.61729985,-0.041310634,0.31778947,0.03110586,0.028780473,0.008322424,-0.07088566,-0.21571015,0.0024992786,0.053410884,0.006008142,-0.015731255,0.0014231208,0.04211446,-8.643641e-06,-0.0015135473,-0.009601058,0.031464078,0.59997475,0.58737165,0.1503315,-1.0307125,-0.016574807,-0.015203564,-0.043972377,-0.58109236,-0.00031108613,0.00263106,1,0.15893982
-0.6492479,-0.54324454,-0.10202577,-0.011317848,0.33511332,-0.37698004,0.029222304,0.012892442,-0.045857485,-0.066657856,0.0020528205,0.04361963,0.007473232,-0.04579555,0.0013615089,0.03908182,-4.044135e-05,0.021696627,-0.026576685,0.036339995,0.49653715,0.63508755,0.17341657,-0.8314552,-0.012757436,-0.008919106,-0.567564,0.01671521,-0.00059478753,0.0028597396,0,0.19364282
-0.72865415,2.9659066,0.046598464,0.07473717,0.094870545,0.031923026,0.04113023,0.021176921,0.17390122,0.31327996,0.011242454,0.030240564,-0.028613249,0.081088364,0.005064043,0.06015443,-2.516625e-05,-0.00488504,0.012090737,-0.012352223,-0.23336725,-0.45999563,-0.021115003,2.2581415,-0.016563227,0.03150723,0.1960789,0.13579227,-0.00041325868,0.007343122,1,0.9939121
-0.6659995,-0.09696394,-0.20327781,-0.017515397,0.0764374,0.012478966,0.04586589,0.023328347,0.22833903,0.4529292,0.0075136703,0.09100052,0.0023026837,0.0075148335,0.004250806,0.106950335,-4.9424183e-05,-0.011303188,0.01089784,-0.003258922,-0.19667326,-0.22859532,-0.025809603,2.3430657,-0.01482849,0.031180603,0.24197637,0.13980262,-0.00037351233,0.007343122,1,0.9151019
-0.9167275,-0.2090729,-0.2224905,-0.035641216,-0.6698053,0.120452784,0.03664942,0.012153386,-0.76420796,-1.642989,0.0036447502,0.0243925,-0.1843936,-0.06019246,0.002167612,0.07479659,-8.64364e-06,-0.034967776,-0.0077203126,-0.024660368,-1.2629876,-0.22450922,-0.028540423,1.2521014,-0.014049063,0.018821012,0.11960306,0.07797391,-0.00024244607,0.004334671,0,0.010487147
-1.4199748,-0.8790975,-0.14675178,-0.024159832,-0.34933302,-0.6253898,-1.3503208,-0.5540952,-0.057221208,-0.06941725,0.0028947182,-0.01472001,-0.033001535,-0.055076733,0.011752358,0.027905287,-0.0010200533,-0.015146356,-0.085645236,-0.028381124,-0.7253401,-0.52421045,-0.037871998,-1.9147615,-0.05233555,0.013939146,0.07471238,0.03810087,0.0018994666,0.003099145,0,0.00015376695
-0.72122073,-0.6247434,-0.117846526,-0.017587783,-0.8218645,-0.014411695,0.025747309,0.01745675,-0.056359246,0.03209505,0.0024236932,0.06950915,-0.12366419,-0.0066283788,0.0015201299,0.053658493,-4.044135e-05,-0.015066239,0.0008669425,-0.048538238,-1.4356676,-0.6175494,-0.04922661,-2.028353,-0.034876145,0.008962275,0.06722028,-0.82765114,-0.0009828826,0.0029177177,0,0.000695038
-0.92446876,-0.17869176,-0.27824923,0.004200273,-0.16342133,-0.40665188,0.048516426,0.02010336,-0.0817795,-0.09573058,0.006970432,0.23766077,0.039063394,-0.036243923,0.0040026573,-0.09209017,-2.516625e-05,-0.009998638,-0.008613264,0.06721583,0.13575491,-0.24904169,-0.012469917,1.9647735,-0.01945593,0.029899213,0.1527283,0.13682054,-0.00040398358,0.007343122,1,0.57609683
-0.6837556,-0.62580776,-0.09878196,-0.011105937,-0.48529476,-0.022189718,0.023520954,0.010764445,-0.23005919,-0.52735883,0.0015599778,0.062230475,0.0040952656,-0.026102541,0.0010501913,0.05293105,-4.044135e-05,-0.008825748,0.0049523017,-0.048693784,-1.3932064,-0.6659044,-0.060090102,-1.5059319,-0.033808626,0.006824435,0.038697906,-0.7421977,-0.00071655336,0.0021424429,0,0.0009557551
-0.70208895,3.4943416,-0.1601965,-0.019078612,-0.7613393,0.06221273,0.03341877,0.01844042,-0.05412139,-0.0511976,0.011608234,0.1317796,-0.2423352,-0.10979184,0.0048517203,-0.21642794,-4.9424183e-05,-0.017639965,-0.048008256,0.0017008968,-0.2589499,-0.047959145,-0.028101277,2.1982298,-0.012294503,0.029865839,0.25450447,0.12245774,-0.00038224278,0.007343122,1,0.9746635
-1.4302254,0.062357023,-0.58379936,-0.008217799,-0.06312858,-0.013229661,0.03986885,0.010118554,-0.27237576,-0.7022053,0.0016716373,-0.064722665,0.04760639,0.022539185,0.0010339118,0.044062268,-8.64364e-06,-0.02117221,-0.05714423,-0.021854721,-1.466988,-0.52574676,-0.034662887,-1.2673539,0.58287257,0.018236319,0.098626815,0.023249302,-0.0005713325,0.004334671,0,0.003804429
-0.8785724,0.028909124,-0.13670671,0.040446285,0.106505625,-0.4496231,0.04776217,0.023362141,0.14578226,0.24004605,0.006981466,0.14771506,-0.023779439,-0.021804972,0.0040084333,0.03557864,-4.9424183e-05,-0.0031594287,0.0012269081,-0.013561641,-0.12515634,-0.4599699,-0.023177037,2.110072,-0.024344595,0.030366814,0.21951261,0.13277546,-0.00048705217,0.007343122,1,0.76441795
-0.98804593,-0.2453813,-0.3472846,-0.05406336,-0.89386696,0.031951543,0.02879185,0.013965823,0.056592975,0.09018124,0.0021341213,-0.17096631,-0.47759017,-0.23499654,0.001420827,0.027185086,-4.9424183e-05,-0.0063398196,-0.008428219,-0.036050986,-0.90616834,-0.69405115,-0.05110777,-1.9334519,-0.0667067,0.014034207,0.08204662,-0.9892715,-0.0005939086,0.003061155,0,0.00043314768
-1.4478103,-0.2814341,-0.114936516,-0.027138483,0.056262083,-0.11877907,-1.2715509,0.050660297,-0.060760915,-0.11762249,0.001910169,-0.0013670642,-0.046139218,-0.05341236,0.0029307706,-0.06923578,-8.64364e-06,-0.040260285,-0.035918787,0.0047941804,-1.0601224,-0.55736035,-0.06453607,-2.1310878,-0.056656536,0.007645736,-0.5860206,0.039722465,-0.0011073498,0.0021380398,0,0.00034619914
-0.82409495,-0.04523625,-0.23545866,0.08425646,0.032146364,0.074195355,0.03296241,0.012815255,-0.8032838,-1.7330649,0.0031683298,0.018415956,0.02675514,0.023935549,0.0019372321,0.08989098,-8.64364e-06,-0.025751645,0.0025150839,-0.030853331,-1.3980625,-0.69843835,-0.027397417,1.3915125,-0.015040365,0.020381587,0.12805755,0.07284461,-0.00023485115,0.004417057,0,0.021717818
-0.7444071,-0.020471526,-0.5211279,-0.0026017707,-0.47638467,-0.7154746,0.027724955,0.008899436,-0.09907296,-0.009687961,0.0025428801,-0.4139425,-0.14164488,0.022527378,0.001827613,0.03397299,-6.685659e-06,-0.017529987,-0.0048477734,-0.080824435,-1.5038847,-0.692283,-0.047784396,-2.1783755,-0.060468037,0.012849055,-0.7839539,0.05455268,-0.0003073372,0.0029202527,0,0.0002391422
-1.5875136,-0.06568547,-0.19414885,0.086328216,0.07248187,0.2755007,0.048566595,0.022144802,0.071447514,0.018976443,0.0071904184,0.27561936,-0.2854531,-0.025504986,0.0036401257,-0.26329407,-2.516625e-05,-0.009049884,-0.03715283,0.0017739047,0.1067893,-0.42912054,-0.029707374,2.0083356,-0.019806564,0.01617703,0.21156137,0.12898757,-0.00049329794,0.007343122,0,0.6046698
-1.1053092,-0.12004187,-0.3227247,-0.016246911,0.10404319,0.013468179,0.049118496,0.017242046,-0.062488597,0.09338028,0.008241555,-0.47785616,-0.10116945,0.010839503,0.005622898,0.08766729,-6.685659e-06,-0.028320115,0.014220814,-0.014196382,-1.3163216,-0.30916157,-0.016903466,1.9459797,-0.014368368,0.02733351,0.1943447,0.108456165,-0.0002818554,0.007039069,0,0.22981699
-0.7495811,0.057797678,-0.37328002,0.0016201041,0.052924026,-0.9144215,0.037086915,0.025575588,0.01378017,-0.018090306,0.006987951,-0.11152416,0.09049228,0.045818485,0.004042362,-0.008253411,-2.516625e-05,-0.013861754,0.009287221,-0.012402892,-0.08205403,-0.50723726,-0.022529531,1.9949962,-0.020112516,0.030976897,0.16733964,0.13787547,-0.0004722458,0.007343122,1,0.4648461
-0.5230165,0.10556911,-0.36853516,-0.03117771,-0.0112096965,-0.0035525637,0.05009161,0.020247739,0.020976111,0.10204736,0.0076440293,-0.040076878,-0.21813625,-0.010850326,0.0041516456,-0.18568198,-1.322949e-05,-0.007843798,-0.0046986914,-0.0060761096,-0.09064453,-0.29517406,-0.02962274,2.296393,-0.01477064,0.029186677,0.24200045,0.11671975,-0.00040086178,0.007343122,1,0.7631346
-0.7250642,-0.65281844,-0.104618825,-0.009373302,0.33461595,-0.7916706,0.030281777,0.011993171,-0.054656927,-0.04729922,0.002228216,-0.06256561,-0.09318882,-0.01766877,0.0015398494,0.03874346,-4.044135e-05,0.005963284,-0.042347077,0.037379768,0.56079346,0.68933934,0.16633373,-0.8166916,-0.014117735,-0.020829989,-0.566237,0.027163845,-0.00060103013,0.0028597396,0,0.10895114
-1.1679089,-0.11202431,-0.29087895,-0.05214497,0.07807545,-0.015913133,0.04704817,0.024549244,0.21673368,0.3805368,0.007174409,-0.28712043,-0.06429297,0.01490054,0.0039092917,0.0816342,-4.9424183e-05,-0.0014148022,0.006875138,-0.012459701,-0.37597233,-0.61338323,-0.022013497,1.9663002,-0.018249668,0.028749539,0.19535908,0.13019073,-0.00042021007,0.007343122,1,0.5409549
-0.70413214,-0.098229654,-0.346306,-0.016653825,0.020067278,0.017749287,0.037521448,0.02556122,0.19723217,0.32146412,0.007036986,-0.035880696,-0.01401536,-0.016375776,0.0039800447,0.0875013,-4.9424183e-05,-0.00750477,0.024385922,-0.013114929,-0.2596163,-0.5791405,-0.020967832,2.0847452,-0.019198544,0.031626776,0.1526544,0.13448958,-0.0004139643,0.007343122,1,0.7370735
-0.70783454,-0.14245307,-0.19600037,-0.0091649005,-0.09044583,0.052038334,0.046542197,0.022239203,-0.11587172,-0.04283551,0.007541865,-0.48125347,-0.09704048,0.013219532,0.0041650985,0.05022254,-2.516625e-05,-0.013609482,-0.002154715,-0.01357921,-0.4630496,-0.19639932,-0.024249528,2.1556077,-0.015314192,0.028803712,0.23456033,0.13355279,-0.00037975813,0.007343122,1,0.53823227
-0.569656,0.052049667,-0.37657276,-0.011126627,0.00042194728,0.076368906,0.049858466,0.020707726,0.21706973,0.48368803,0.0075072865,0.082547665,-0.052172374,-0.04041621,0.004257481,0.094877474,-1.322949e-05,-0.010542804,0.010659936,-0.0037265262,-0.11942944,-0.1175584,-0.025001686,2.3574924,-0.015029152,0.032916863,0.2349805,0.13007557,-0.00039709487,0.007343122,1,0.92623436
-0.69981617,-0.032487504,-0.13425954,0.03802153,-0.06919115,-0.041234773,0.027052289,0.009401301,-0.101491116,-0.21358168,0.0025395073,-0.068974234,-0.34025893,-0.111872524,0.0014826248,-0.06744589,-8.64364e-06,-0.033200186,-0.017599825,0.013395676,-1.3036686,-0.87530506,-0.0803232,-2.0837295,-0.061766647,0.011599299,-0.7965442,0.053179327,-0.00031441537,0.003000453,0,0.00094408554
-1.2966697,-0.16140988,-0.32775897,-0.014250203,-0.059992716,0.00057264,0.027988458,0.00893135,-0.077205084,-0.2557588,0.0022991623,0.05841208,-0.0057709804,-0.050419725,0.0012525811,0.027382005,-8.64364e-06,-0.019965656,-0.057576977,-0.036931075,-1.5567036,-0.7865916,-0.04579062,-1.8628634,-0.05187421,0.010592154,0.061624177,-0.71975386,-0.00054274127,0.00263106,0,0.0007632948
-0.9927819,-0.13243364,-0.18552515,-0.0010607392,0.06802269,-0.36155495,0.043899726,0.024630837,-0.067604,0.07588622,0.0074105524,0.023133062,-0.08125777,0.030970192,0.00413833,0.04908717,-9.260577e-06,-0.0059566046,-0.0036147265,-0.014289336,0.10574793,-0.4033686,-0.023382008,2.0762,-0.0236001,0.029165454,0.16201068,0.12855552,-0.00037953694,0.007343122,1,0.6337728
-0.9326457,-0.08712424,-0.32812062,0.038427208,-0.32619682,-0.019730112,0.02640011,0.007485434,-0.06489487,-0.30080098,0.0024648067,-0.0086593535,0.018977068,-0.054821197,0.001479903,0.01782252,-6.685659e-06,-0.01967813,-0.006411297,-0.057476334,-1.5501384,-0.7443599,-0.05035766,-2.0687783,-0.059636857,0.010859096,-0.027329136,-0.83907294,-0.0005351426,0.00263106,0,0.0006040953
-0.76085377,-0.14256932,-0.27808306,0.06115886,0.031087775,-0.054213785,0.04634469,0.019525763,-0.060826246,0.046978474,0.0075949,-0.019789757,-0.51266915,-0.19412746,0.004162522,-0.19938454,-4.9424183e-05,-0.018379139,-0.038247813,-0.0058483556,-0.21557,-0.2178088,-0.028699474,2.1332433,-0.000892957,0.029441733,0.21834822,0.13324754,-0.0003748812,0.007343122,1,0.49978587
-0.48708385,-0.7535912,-0.13094382,-0.024903426,0.023878016,0.09462095,0.07215696,0.0339901,-0.24978144,-0.72416055,0.0037444767,-0.06731392,-0.05238351,0.018783817,0.002222952,0.050665516,-9.558551e-05,0.00015192528,0.0031951119,-0.014418859,0.3205269,-0.32806736,-0.03180737,1.888447,-0.013971564,0.02119567,0.16269463,0.09469374,-0.0007167028,0.004750503,1,0.48139194
-1.5602826,-0.22911872,-0.14477234,-0.037831433,0.034043424,0.015524918,0.052356444,0.017179277,-0.02760266,-0.01728463,0.008341394,0.043715313,0.102718525,0.011579723,0.005118506,-0.13255069,-8.64364e-06,0.024915295,-0.055103324,-0.003824117,-1.3597846,-0.17618069,-0.029796699,1.9233962,-0.012928953,0.025246097,0.16682516,0.106831476,-0.0002780885,0.007039069,1,0.22557566
-1.9435338,-0.14638296,-0.26186016,0.005891749,0.08123822,-0.35021475,0.041997064,0.024096208,-0.10887581,0.06493894,0.0070841424,-0.32956937,-0.084137805,0.025595715,0.0031524536,0.044645317,-2.516625e-05,-0.006382371,-0.0074839643,-0.011072483,-0.1457135,-0.51158744,-0.022084054,1.7503078,-0.022706233,0.021983013,0.17473593,0.12820879,-0.00042021007,0.007343122,1,0.1733917
-0.54237515,-0.18109342,-0.31031233,-0.057338763,0.011671325,-0.32586384,0.035425574,0.010789957,-0.018894829,-0.04500903,0.0027287665,-0.06304784,0.05806743,-0.008433813,0.0017402124,0.062618755,-8.64364e-06,-0.026235644,-0.001341801,0.006832736,-1.0178235,-0.39689928,-0.060825177,-2.6629844,-0.045872483,-0.9651201,0.09076974,0.07437845,-0.00058869296,0.004005665,0,0.0017229615
-0.46295735,0.050942816,-0.3025641,-0.018609604,0.045534477,0.038786788,0.047799565,0.026054913,0.17680536,0.27943277,0.007038546,0.21299966,0.012033851,0.011277925,0.003992516,0.08667014,-4.9424183e-05,-0.0066303643,0.0074317,-0.01368606,-0.019655697,-0.44229424,-0.023741495,2.2515652,-0.019425709,0.03118978,0.23982567,0.14319696,-0.0004964882,0.007343122,1,0.9152013
-1.3989762,-0.32653606,-0.16204686,-0.005599657,-0.062281802,0.09758769,0.028344836,0.01095411,-0.091136046,-0.16608274,0.0027512803,0.110273056,-0.43800533,-0.17368352,0.0013527924,-0.1464403,-9.260577e-06,-0.015061006,-0.043314975,-0.0048555615,-0.97706395,-0.7609468,-0.062577926,-2.4393091,-0.055295393,-0.005702395,0.09794621,-0.909611,-0.0006791081,0.003061155,0,0.00037662228
-0.21713813,-0.012238099,-0.041821823,0.027269058,0.27714527,0.15863703,0.029649025,0.0072144587,-0.24115223,-0.5614355,0.0018830459,-0.22260936,-0.097805075,0.0012176768,0.001112202,0.033446003,-8.643641e-06,-0.00528721,-0.03102891,0.04065414,0.609321,0.6608977,0.17365079,-0.5506349,-0.017299503,-0.017111884,-0.61817425,0.013436998,-0.0002084324,0.0021707695,0,0.3572786
-1.6030805,-0.29247692,-0.21048103,-0.021315724,-0.9953421,0.013464064,0.058322076,0.020947972,-0.040556177,-0.14631976,0.006581817,0.13533819,-0.13231458,0.0014698862,0.0033055372,0.06825056,-4.9424183e-05,-0.008620936,-0.0045413086,-0.012270311,-0.111735694,-0.62526685,-0.023278436,1.9399979,-0.018942902,0.024506137,0.19269547,0.1220201,-0.0004071021,0.007343122,1,0.16196184
-1.4663986,-0.4947603,-0.14661677,0.009019163,-0.56224513,-0.033857465,0.06941387,0.032637946,0.2431011,0.27137157,0.001459724,0.10288433,0.01213375,0.0030739713,0.00096066063,0.008403835,-9.260577e-06,0.0009731227,-0.0013470603,-0.027991898,0.11358154,-0.60976183,-0.026013255,-0.8153507,0.7763707,0.010212943,0.12622863,0.0857811,-0.00031536238,0.0041960184,0,0.09080778
-0.88874805,-0.057382695,-0.111626126,0.0770054,-0.19760397,0.15261503,0.04494854,0.02443947,-0.12738065,-0.028939934,0.007028984,0.24066307,-0.099525124,-0.00091221277,0.003884691,0.04972047,-4.9424183e-05,-0.004393115,0.00061012176,-0.01426523,-0.09990092,-0.4517091,-0.025372721,2.1181092,-0.02057308,0.030268405,0.22329059,0.14095093,-0.00031582388,0.007343122,1,0.73130095
-0.67068,-0.08550509,-0.31452417,-0.061097246,-0.016899157,0.044751175,0.050147794,0.017910179,0.25057214,0.44173685,0.007109507,0.043152712,-0.00400418,-0.024846751,0.0041594314,0.16321161,-8.64364e-06,-0.015592391,0.016555775,-0.01836701,-1.3286127,-0.19587931,-0.025244221,2.0848174,-0.013085353,0.02989463,0.21516871,0.13708651,-0.0002920428,0.007343122,1,0.6787501
-0.658592,0.14334786,-0.5017434,-0.021066722,-0.072679706,-0.35923845,0.03390056,0.022519847,-0.025137883,0.06602808,0.007378039,-0.21811546,-0.019301666,-0.04379267,0.0042513646,-0.09798314,-4.9424183e-05,-0.011560405,-0.0024428028,0.0014420366,-0.13542289,-0.18748833,-0.04474116,2.216211,-0.019958718,0.029996252,0.22916357,0.120057344,-0.00027546918,0.007343122,1,0.61564463
-1.3947505,-0.7716004,-0.06829543,-0.014387928,0.26013795,-0.7889529,0.035010114,0.018795975,-0.071391955,-0.17513478,0.0021808755,-0.09296254,-0.10098432,-0.020397356,0.0014395587,-0.09110453,-4.044135e-05,-0.19206944,0.093723536,0.0072594313,0.086504914,0.24537025,0.13306896,-1.1021856,-0.01379905,-0.98318225,-0.15423182,0.036666825,-0.0007088492,0.0039406796,0,0.0060415864
-0.6365798,-0.0042072525,-0.69388175,-0.0042313514,0.3015392,-0.5178663,0.027959825,0.007994511,-0.13454503,-0.3323353,0.0019276298,0.05179025,-0.08650506,-0.021176035,0.0012080354,0.026339728,-8.643641e-06,0.00050075137,-0.032624748,0.036168803,0.5735702,0.5944388,0.1532769,-0.7718299,-0.017532641,-0.015598697,-0.6843018,0.0018342484,-0.00021600393,0.0023206142,1,0.10307481
-1.0756664,-0.331135,-0.21232577,-0.0069235675,-0.18718557,-0.3187597,0.04587296,0.025757762,-0.09811506,-0.28833732,0.006916943,0.2750808,-0.013739797,-0.04930216,0.0038814174,-0.014144238,-2.516625e-05,-0.0054241805,-0.000261438,-0.008676926,0.13146192,-0.3675174,-0.023373831,2.111127,-0.022559196,0.026736768,0.21397114,0.1312333,-0.00041966542,0.007343122,1,0.49113688
-1.2792342,-0.12661017,-0.30008093,-0.02051891,0.20440276,-1.0208694,0.037593186,0.024880193,0.009629004,0.023761475,0.007036305,-0.2562219,-0.0016277649,-0.049621437,0.0037493182,-0.10854863,-4.9424183e-05,-0.019042393,-0.054847647,0.0029508555,-0.31631017,-0.59341997,-0.0397971,1.7247676,-0.01676704,0.029657474,0.14599495,0.11920866,-0.0004139643,0.007343122,1,0.13540946
-0.20513564,-0.0030094476,-0.09330716,0.05718839,0.07680969,0.06915091,0.052047566,0.024081519,0.20059131,0.34053588,0.0072044292,-0.28102088,-0.06413857,0.065379985,0.0040262346,0.06605733,-4.9424183e-05,-0.0063865823,0.0043322546,-0.013843375,-0.15215436,-0.5565746,-0.023855226,2.2309377,-0.020304566,0.030108469,0.22220239,0.13635112,-0.00049329794,0.007343122,1,0.8987241
-0.13609627,-1.0532465,-0.13565072,-0.014448639,-0.006630127,0.1685877,0.06512919,0.042488027,-0.06982264,0.026450763,0.006406993,0.18988708,-0.0019019953,-0.0025372934,0.0037819594,0.06650399,-9.558551e-05,0.00027269145,0.0051579424,-0.013953449,0.102128305,-0.29611617,-0.024456706,2.1390433,-0.013294107,0.0267373,0.20829096,0.13282378,-0.0017213534,0.0071220826,1,0.8068846
-0.9914996,-0.11270739,-0.2748788,-0.047589015,0.068007536,0.08928775,0.052232996,0.020317966,-0.022268903,0.27351552,0.007536917,0.12671687,-0.097805955,0.0071838517,0.0042033093,0.08683025,-1.322949e-05,-0.007894588,0.006056952,-0.0034622138,-0.27031025,-0.104352176,-0.025409559,2.2178683,-0.012806451,0.028262462,0.23737793,0.122155644,-0.00037881284,0.007343122,1,0.80100286
-0.8468283,-0.22329806,-0.16286027,-0.003810676,-0.0026939157,0.029759666,0.036107495,0.010898843,-0.059973344,-0.018283663,0.0028269854,0.054833215,-0.12506439,0.011859354,0.0015310337,0.047487132,-6.685659e-06,-0.021854546,-0.00012435575,-0.051906202,-1.5197959,-0.6249017,-0.08141898,-2.1304548,-0.05186539,-0.9290333,0.037959035,0.07879165,-0.00059245987,0.004005665,0,0.0014573857
-1.3823133,-0.020287437,-0.60662514,-0.009805895,-0.07120574,0.027038557,0.028742615,0.0075721317,-0.1954308,-0.44911894,0.0016998783,0.054467488,0.02870358,-0.008697259,0.0011252102,0.05447393,-8.64364e-06,-0.014607302,-0.012678582,0.022128243,-1.5605621,-0.69542617,0.08898221,-1.6371078,-0.054379083,0.010229545,-0.6103464,0.035864703,-0.0002540833,0.0021707695,0,0.0009514178
-0.53632605,-0.18332633,-0.18653125,-0.012286595,-0.5822045,-0.33314484,0.02044254,0.010317965,0.084661104,0.18186697,0.002348288,0.06741759,0.020194598,-0.009372244,0.001504273,0.067713425,-8.64364e-06,-0.01806644,0.007667199,-0.053646374,-1.1889352,-0.5250266,-0.052297622,-2.28236,-0.057577208,0.012112889,-0.78045046,0.062233604,-0.00029275008,0.003000453,0,0.0019241944
-0.19994134,3.4631307,-0.13493285,-0.012358215,-0.03066143,-0.18085161,0.0176405,0.021624625,0.17814927,0.29574633,0.011427639,-0.24787375,0.025222378,0.013626821,0.0052582636,0.011448424,-4.9424183e-05,-0.027463343,-0.0038463636,0.00389756,-0.43170485,-0.13372423,-0.02821138,2.3951442,-0.01638584,0.03200304,0.2326005,0.13311808,-0.0003469743,0.007343122,1,0.9955397
-0.8743001,-0.5821407,-0.1258121,-0.0127597675,-0.25642246,0.021587618,0.0302759,0.008659295,-0.17208984,-0.44876534,0.0014962091,0.07236009,0.02089702,-0.039491296,0.0010508895,0.04383462,-4.044135e-05,-0.008153953,0.0091698645,-0.051333204,-1.5232645,-0.6165251,-0.051221468,-1.6530858,-0.031157041,0.008346708,-0.5752479,0.039998695,-0.0004160502,0.002110256,0,0.0011655604
-1.0445731,-0.2969003,-0.26287004,-0.03967689,-0.16211824,-0.39712116,0.03878645,0.02162071,-0.32036477,-0.87241936,0.0047970004,-0.05259987,0.016743457,-0.04748735,0.002556238,0.02900703,-4.9424183e-05,-0.00019780753,-0.0012936915,-0.011090606,-0.39867228,-0.16006932,-0.032688558,1.825557,-0.015360765,0.02096907,0.12638345,0.08329648,-0.00035917608,0.004750503,0,0.12648614
-0.8098909,-0.018943636,-0.6745882,-0.006291737,0.27107337,0.025698442,0.035013687,0.009727486,-0.27439043,-0.5387403,0.0019550342,-0.23584299,-0.084685676,-0.013399088,0.0011238001,0.029074447,-8.643641e-06,-0.030351613,-0.04252777,0.028909514,0.40679747,0.4048338,0.15423548,-0.6172838,-0.017105639,-1.0299296,0.04238461,-0.026808294,-0.0002920482,0.0025372817,1,0.047486316
-0.7381718,-0.011329989,-0.3862621,-0.013217856,-1.0997949,0.005281759,0.043411277,0.017945658,0.17043208,0.3615382,0.007246949,-0.03629992,-0.057726223,0.007639955,0.0038058963,0.13687824,-6.685659e-06,-0.022813784,0.012738321,-0.01867548,-1.1797087,-0.26128134,-0.025206853,1.971846,-0.014092646,0.02771506,0.22036347,0.124782845,-0.00031785865,0.007343122,1,0.3236859
-0.88668084,-0.072164685,-0.3138242,-0.0122281145,-0.019172108,-0.008153818,0.04782491,0.025358053,-0.121270515,0.029932223,0.0069962563,0.22887877,0.028199289,0.005081788,0.0038963063,0.059039004,-4.9424183e-05,-0.0075129275,0.0038861807,-0.014509833,-0.01808184,-0.34919906,-0.024406444,2.1015391,-0.019459095,0.030147439,0.23843528,0.14113216,-0.0004964882,0.007343122,1,0.7501728
-0.79426634,0.040764112,-0.10863013,0.07997448,-0.39124104,-0.6302019,0.042239748,0.023571666,0.042500593,0.01789226,0.0070310393,-0.3355365,0.20372836,0.09269427,0.00427993,-0.0798249,-4.9424183e-05,-0.00916256,-0.011691186,0.0033735165,-0.2303883,-0.6731649,-0.027427055,1.9958763,-0.019600201,0.03090033,0.20690373,0.12962613,-0.00045825064,0.007343122,1,0.40760133
-0.8570409,-0.39311078,-0.27452016,-0.025050543,0.27761608,0.28403437,0.029780516,0.0101239495,0.089411736,-0.01774674,0.0024709697,-0.035621278,-0.13959494,-0.12586452,0.0015009788,-0.084735,-8.643641e-06,-0.28328863,-0.0032362984,0.03275466,0.4873822,0.6625776,0.17918634,-0.8828214,-0.0149832675,-0.036146987,-0.6311604,0.005437075,-0.00027446978,0.0028597396,0,0.1504576
-0.22436923,-0.31104106,-0.31908822,-0.06377445,0.23166588,-0.478861,0.024909398,0.009826972,-0.056624092,-0.1342169,0.0025835675,-0.10185594,0.105588265,0.06451749,0.0017292935,-0.087021284,-8.64364e-06,-0.22063622,-0.056223247,0.027564395,0.11975132,0.4013805,0.16383976,-1.494869,-0.015148034,-0.050597165,-0.7998631,0.07171063,-0.00020746654,0.0029202527,1,0.040026456
-0.86527693,-0.29288614,-0.081569016,-0.01650756,0.010999459,-0.46383846,0.0244891,0.009741922,-0.11004478,-0.106126696,0.0025396282,-0.0026709395,-0.24751697,-0.0400296,0.001429888,-0.17879832,-8.64364e-06,-0.01642236,-0.068805486,0.009705314,-1.121412,-0.4926844,-0.053680982,-2.0774662,-0.046631582,0.0025020272,-0.7902297,0.044109784,-0.00029651698,0.003000453,0,0.00095263094
-0.85429496,0.009967542,-0.2662217,0.015534559,0.007863676,0.20802541,0.050192438,0.019645194,0.20815639,0.45380795,0.007506769,0.12082797,-0.019255744,-0.0049247807,0.004300375,0.1014912,-9.260577e-06,-0.00848255,0.0030246486,-0.0032414168,-0.17632242,-0.3002665,-0.02271097,2.4065576,-0.013930899,0.031918023,0.23426877,0.14175826,-0.00036560989,0.007343122,1,0.9146058
-1.1739514,-0.3141992,-0.29248148,-0.03064977,-0.63423675,-0.0242229,0.022919161,0.010127389,-0.058240935,-0.099200726,0.00247098,-0.04488594,-0.42163795,-0.12756585,0.0014486653,-0.29298958,-8.64364e-06,-0.087497264,-0.037142683,0.022525908,-1.441264,-0.71918464,0.09209967,-1.7007664,-0.03630102,0.004368152,-0.70198953,0.048087753,-0.00031879178,0.0028597396,0,0.0003278011
-1.7241266,-0.29056862,-0.14747302,-0.002310671,0.23231108,0.021961754,0.037666854,0.013501696,-0.06785632,-0.034234274,0.0025825272,-0.06965674,-0.05260583,0.0072175795,0.0014763601,0.031991288,-6.685659e-06,-0.028728854,-0.044474866,0.023461219,0.43622753,0.4154027,0.15342304,-1.0486882,-0.015958793,-1.0221214,0.009208717,0.0061983215,-0.0003860558,0.0039406796,0,0.041345313
-0.58624405,-0.19243331,-0.18981545,-0.024386061,-0.3345943,-0.3299499,0.053152435,0.01697841,-0.030322293,-0.13989672,0.008342561,-0.13071273,-0.10319247,-0.5166082,0.0053057023,0.09139001,-8.64364e-06,-0.026434407,-0.013800405,-0.011046055,-1.1723456,-0.06414765,-0.02188667,2.0182548,-0.01371843,0.027816204,0.19876045,0.12686457,-0.00027778797,0.007039069,1,0.20769672
-1.0800937,-0.046782535,-0.7442295,-0.011519333,-0.63078916,-0.064551644,0.023152668,0.0077580726,-0.19653502,-0.4488756,0.0018850253,0.02905496,-0.12058836,0.010132278,0.0010861061,0.05142063,-8.64364e-06,-0.023452234,0.002971602,-0.03478595,-1.5659674,-0.98748994,-0.052139405,-1.5962442,-0.060265355,0.007970295,-0.689835,0.030208414,-0.00027446804,0.0021707695,0,0.00028080549
-0.8519015,3.275233,0.05592895,0.11945385,-0.1378292,-0.06288394,0.023679137,0.013413091,0.07114908,0.0419272,0.011158751,-0.1706779,0.22303951,0.11814465,0.0057013123,0.0012288993,-4.9424183e-05,-0.012600328,-0.005013919,-0.019526767,-0.32030576,-0.5416141,-0.027709546,2.1962147,-0.0078148935,0.030873494,0.19829777,0.12381075,-0.00037184337,0.007343122,1,0.9874741
-0.93590075,-0.026621167,-0.53827167,-0.003598958,-0.18053666,-0.035308793,0.031630803,0.007900272,-0.08831971,-0.36607918,0.002457762,0.062579565,-0.142402,-0.007613546,0.0013517148,0.039304953,-1.322949e-05,-0.011833496,0.0065473802,-0.036307912,-1.057189,-0.57014847,-0.051051676,-2.435104,-0.048203997,0.011237432,-0.9058897,0.049902275,-0.0003949997,0.0026703407,0,0.0007340844
-0.20601743,3.352919,0.113706954,-0.009727475,-0.041643113,0.03373954,0.039652195,0.018546056,-0.05324936,0.10250692,0.011566908,0.13467188,-0.094008125,0.00071215106,0.0052030496,0.06354625,-4.9424183e-05,-0.013419245,0.0011587173,-0.009107713,-0.32943565,-0.18861602,-0.021680767,2.3853064,-0.012752644,0.031529102,0.23461144,0.1295253,-0.00038224278,0.007343122,1,0.9966492
-1.1360353,-0.021502558,-0.1138379,0.099767946,-0.13431491,-0.010658611,0.049018186,0.021452427,0.0066791973,-0.062218744,0.00707063,0.099940166,-0.43357652,-0.23394349,0.0043196534,-0.17310634,-4.9424183e-05,-0.010804473,0.0002945902,0.0038208978,-0.24764693,-0.4939478,-0.032718305,2.1132147,-0.005167421,0.029437196,0.20654361,0.13471076,-0.00034578843,0.007343122,1,0.4213561
-0.90518725,-0.38033924,-0.18352517,-0.027952617,0.26342034,0.1871942,0.028827898,0.010680976,0.04536992,0.052651946,0.0022859653,-0.07255094,-0.048822828,-0.059076797,0.0016256862,0.03727009,-8.643641e-06,-0.44968963,-0.15967734,0.040321752,0.52445227,0.5803163,0.17588349,-1.1797817,-0.014980715,-0.044845946,-0.7045047,0.004376592,-0.00027070288,0.0028597396,1,0.0940956
-0.6032542,-0.44384667,-0.39304245,-0.063819356,0.2681979,-0.3258631,0.025465475,0.009535813,-0.045366142,-0.15624788,0.0026021441,-0.036049895,-0.042964153,0.025357164,0.0017007804,-0.1661125,-8.643641e-06,-0.010153006,-0.052538708,0.019308113,0.22582047,0.46506587,0.16593845,-1.2145841,-0.020716984,-0.020855835,-0.017956322,-0.76447576,-0.00029533246,0.0029794767,0,0.040811338
-1.3296481,-0.22453174,-0.16940412,0.037704103,-0.29611918,0.053907014,0.019222042,0.009946957,-0.1665987,-0.3772062,0.0015996151,0.05591939,0.094410636,0.027600728,0.0010580424,0.004067723,-2.2618437e-05,-0.01583782,-0.071511164,-0.03716893,-1.5037742,-0.54656816,-0.040616106,-1.7421895,-0.041278638,0.009706413,0.034533333,-0.8066838,-0.0005093981,0.0023567537,0,0.00090327166
-0.900065,-0.18143435,-0.28749466,-0.009886781,-0.7467043,-0.005028458,0.022154862,0.009151735,-0.099922344,-0.14956798,0.0027593388,-0.011475602,-0.2790906,-0.044842727,0.0016690809,-0.20399942,-8.64364e-06,-0.032926694,-0.023151418,0.024438959,-1.426236,-0.6930149,0.093256265,-1.9805167,-0.042751458,0.008603836,-0.78309137,0.03859007,-0.00027243735,0.0029202527,0,0.00045768052
-0.6896904,-0.07014575,-0.05666789,0.055328626,-0.1102738,-0.16599157,-2.0412564,-0.05534669,0.20796706,0.4350944,0.012794291,0.050209284,-0.11548414,-0.07229366,0.013789769,0.072628975,-1.322949e-05,-0.012038322,0.009560926,-0.009360294,-0.16575254,-0.15109728,-0.023667952,2.2254553,-0.016021363,0.024546681,0.19664094,0.095409,-0.002778398,0.004290281,1,0.4145686
-0.42660967,0.04887186,-0.1738733,0.08007452,-0.30337507,0.13756134,0.04396081,0.017764028,0.23820473,0.3843108,0.008340111,0.035379622,0.10587472,0.029249173,0.0053194407,0.15731159,-8.64364e-06,0.06516315,0.032325353,0.009137512,-1.1798255,-0.29564297,-0.028362308,2.1462874,-0.0145416185,0.02916309,0.19641384,0.12540907,-0.00026865245,0.007039069,1,0.8160339
-0.6058674,-0.006939399,-0.49482855,-0.01815546,-0.0671965,0.18547909,0.025605088,0.008094039,-0.18253365,-0.39622346,0.0020852522,-0.3105935,0.018941512,-0.0072322944,0.001247695,0.044672795,-8.64364e-06,-0.018114042,0.0015414513,-0.050677877,-1.5871621,-0.7083312,-0.0486296,-1.8975337,-0.051691756,0.01078392,0.07124924,-0.7872671,-0.0005610233,0.0023567537,0,0.0010494511
-0.79770803,0.010365392,-0.3040791,-0.008147979,-0.09597035,0.17352831,0.027663074,0.012923714,0.08631549,0.24156275,0.002582275,-0.2990286,0.011443469,-0.012222486,0.0015294277,0.071574196,-4.9424183e-05,-0.009337993,0.017516956,-0.026336646,-0.99212694,-0.5337569,-0.047858942,-2.7994032,-0.060419448,0.017121518,0.1301645,-0.9863912,-0.0006958565,0.003061155,0,0.0021138457
-1.7902884,0.111299224,-0.39129284,-0.022036105,-0.08874476,0.0088856965,0.041883327,0.019687481,0.22544943,0.4203517,0.0062175915,0.089106426,-0.09053816,0.035363358,0.003542763,0.115157135,-2.2618437e-05,-0.017875208,-0.028201608,0.010771476,-0.9684337,-0.12151538,-0.02484754,1.9328964,-0.01646638,0.029231131,0.22573742,0.103196576,-0.00031880394,0.007343122,1,0.45874164
-0.65460545,0.0094883265,-0.20340356,0.06534662,0.07132724,0.044419516,0.051447436,0.019648219,0.043612868,0.13864833,0.0075081964,-0.060338657,-0.014588151,-0.10084551,0.0042532566,0.050514694,-4.9424183e-05,-0.016516244,-0.012924869,-0.011143362,-0.2691209,-0.192701,-0.029417591,2.2963443,-0.013828716,0.032039072,0.24138334,0.14187497,-0.0003640763,0.007343122,1,0.83948547
-0.35217863,3.3425713,0.20292619,-0.017706003,-0.0742425,0.05983576,0.038145058,0.019027041,0.23080793,0.398889,0.0115708085,0.1251529,-0.04396286,0.021243019,0.005230168,0.071499646,-4.9424183e-05,-0.012797063,0.009050125,-0.010623089,-0.17391977,-0.15461467,-0.021044008,2.4358685,-0.012784362,0.03345557,0.232349,0.131759,-0.00029165126,0.007343122,1,0.998516
-0.78886515,-0.12667114,-0.19726317,-0.017618038,0.083932675,0.117293864,0.04220024,0.025278535,0.20696308,0.35421756,0.0074450113,-0.31439272,-0.011814928,-0.011215528,0.004211225,0.09184659,-1.322949e-05,-0.007285139,-0.008118949,-0.012514011,-0.21061254,-0.28881097,-0.022552326,2.226291,-0.018497387,0.03156838,0.23490219,0.13132702,-0.00037329114,0.007343122,1,0.82306516
-0.13840854,3.4265044,0.108972706,-0.02494593,0.009950359,0.027294498,0.03772427,0.019176198,0.21486972,0.35665092,0.011204061,-0.3047412,-0.064056665,0.011684892,0.00498601,0.06827996,-4.9424183e-05,-0.012023384,-0.007668924,-0.0054018036,-0.37692258,-0.5825018,-0.027685544,2.2525482,-0.013485197,0.031618856,0.18140651,0.13351981,-0.0004229159,0.007343122,1,0.9952952
-0.76957446,0.021612499,-0.2093914,0.05701599,-0.28214878,0.18329875,0.046039563,0.017610338,0.26846355,0.36784995,0.008340122,-0.008501863,0.013740197,-0.026457416,0.005589507,0.15499991,-8.64364e-06,0.046226088,0.027958656,0.0077716024,-1.4604435,-0.1546177,-0.03726861,2.0368643,-0.01394731,0.02947245,0.2037091,0.12301401,-0.00026865245,0.007039069,1,0.662183
-0.8614523,-0.012358383,-0.46320078,-0.009241498,-0.031704567,0.0026810865,0.025884062,0.008267063,-0.08625886,-0.27778187,0.0023969715,-0.12640876,-0.077208556,0.014120774,0.0013259749,0.04488082,-8.64364e-06,-0.013791269,0.0036249417,-0.05540971,-1.274304,-0.8966524,-0.0610613,-1.9521309,-0.06270328,0.0057691904,-0.7015288,0.02943795,-0.00031294185,0.0026703407,0,0.0010977356
-0.7029646,-0.45882854,-0.28709176,-0.008513207,0.3157645,-0.5228337,0.029242063,0.008438156,-0.054811146,-0.109196536,0.0024567847,0.0853544,-0.1070443,-0.009184543,0.0014110241,0.02915134,-8.643641e-06,0.0007587027,-0.045906335,0.03639069,0.39047036,0.5842381,0.14878733,-1.0329901,-0.016989915,-0.020573173,-0.6332506,0.034118842,-0.00023059106,0.0029202527,0,0.08851836
-0.8348902,-0.010210962,-0.5854265,-0.01075487,-0.24123693,-0.04544806,0.028732127,0.007257316,-0.11545888,-0.31168878,0.002322912,-0.044650324,-0.028828839,-0.06827416,0.0014337895,0.011090876,-8.64364e-06,-0.017167307,0.0050748605,-0.05630542,-1.3901942,-0.5965169,-0.051295836,-1.93866,-0.050156306,0.012133717,-0.7433598,0.045884706,-0.00024997853,0.0025901403,0,0.00089730986
-0.13612597,-0.54031295,-0.15844743,-0.024438048,-0.29805923,-0.41655856,0.04803749,0.021652807,0.19529743,0.44737238,0.007189934,0.09575244,-0.20268972,-0.7427345,0.0041030077,0.08625558,-1.322949e-05,-0.00014853498,0.0063777124,-0.009491351,-0.21724175,-0.08389726,-0.02239963,2.301822,-0.01226975,0.029969959,0.21057527,0.13274273,-0.000430357,0.0071220826,1,0.676573
-0.72097,-0.17610428,-0.2246121,-0.013973989,-0.11288299,-0.41695875,0.027392032,0.011764915,-0.042672608,0.029163377,0.0025825452,-0.35008577,-0.17009853,0.0034820663,0.0015046279,0.047748446,-1.322949e-05,-0.013515273,0.003566073,-0.035558928,-0.93294215,-0.69028777,-0.047080964,-2.4117467,-0.064536415,0.011267038,-0.8573523,0.05998615,-0.00038502447,0.003000453,0,0.0008484396
-0.5656351,-0.21005474,-0.30968454,-0.013139236,-0.2576942,-0.034062143,0.025943808,0.008274996,-0.27384105,-0.65992945,0.0016925014,0.0536149,-0.013733645,-0.050934557,0.0011286235,0.012309832,-8.64364e-06,-0.023475736,0.015498396,-0.05062529,-1.3241954,-0.9089745,-0.05418615,-1.5356793,-0.06299961,0.008630171,-0.60511357,0.033111654,-0.00025281968,0.0021707695,0,0.0011318275
-0.5258764,0.037072755,-0.5463567,-0.0225094,-0.66180086,-0.40814754,0.018370124,0.012802161,-0.20226052,-0.18364997,0.002905138,-0.008141515,-0.30460435,-0.029344039,0.0015898027,-0.25847328,-8.64364e-06,0.007947236,-0.08722702,0.0024625869,-1.3349991,-0.5713574,-0.07317121,-2.1891825,-0.04773744,0.0144839045,0.09322859,0.061814085,-0.0006145088,-0.35063255,0,0.00052880263
-0.761369,-1.5229092,-0.022317106,-0.042817406,0.030772837,-0.14774661,0.049230628,0.023150397,-0.08276694,-0.07284564,0.0056343554,-0.15205301,-0.37241235,-0.040550526,0.0033807952,-0.38429627,-4.044135e-05,-0.09946695,-0.14603715,0.0018404004,-1.82803,-0.14786291,-0.031217754,1.4628748,-0.01034781,0.023955518,0.17457606,0.10791129,-0.00068258727,0.00681803,1,0.018586216
-0.593206,-0.104400285,-0.3462978,-0.018720781,-0.061377127,0.062422372,0.04274594,0.02340086,0.23091872,0.5034024,0.0076509854,0.08199693,-0.042608626,0.009381097,0.0042596594,0.08930391,-4.9424183e-05,-0.013044124,0.029164618,-0.010547354,-0.09853534,-0.26678994,-0.023855753,2.3708158,-0.015823364,0.03256004,0.24690042,0.12743817,-0.00037921342,0.007343122,1,0.9074695
-0.80515915,-0.17546806,-0.38147354,-0.064620264,-0.3862262,0.09672987,0.049589753,0.024732472,-0.3332301,-0.79234076,0.0051128836,-0.69914377,0.029467637,-0.03114675,0.00238208,0.052303188,-2.516625e-05,-0.004619397,0.0004914989,-0.011196853,0.032711364,-0.4388612,-0.010087615,1.7079314,-0.017882401,0.023341311,0.16627844,0.118441395,-0.00023276647,0.004971542,1,0.13845567
-0.80468005,-0.17023799,-0.2611674,-0.07401506,0.02536369,0.02207783,0.025369778,0.007713841,-0.26896685,-0.6354505,0.001768845,-0.008639212,0.022264812,-0.014676092,0.0011382689,0.054692738,-8.64364e-06,-0.0124390125,0.0037434448,-0.05245804,-1.4158227,-0.8245702,-0.046516735,-1.5464075,-0.05530702,0.0081536425,0.03308777,-0.8002093,-0.00053897436,0.0022042019,0,0.0011401175
-0.0734173,0.040293086,-0.31608978,-0.014241417,-0.02474437,0.092731275,0.048394304,0.02289874,0.21018815,0.45242688,0.0076494245,0.10427894,-0.06223758,0.016240206,0.0041914997,0.07542505,-4.9424183e-05,-0.016385635,0.012681841,-0.011787065,-0.070817105,-0.16113575,-0.023152884,2.3780894,-0.01564656,0.032815184,0.25328904,0.13494508,-0.00040180708,0.007343122,1,0.95741886
-0.8504567,-0.24761708,-0.26954362,-0.052198227,-0.40372604,0.050707888,0.04014351,0.018269474,-0.20757057,-0.5047672,0.0018515952,-0.29278862,-0.11838042,0.024497168,0.0011064019,0.033732645,-4.9424183e-05,-0.0022223229,-0.0032639564,-0.035604108,-0.8162505,-0.6559103,-0.041243095,-1.9718391,-0.07387915,0.010647339,0.056438383,-0.9071652,-0.0006251949,0.002392764,0,0.0007413766
-0.70429784,-0.20975037,-0.19075687,-0.002361946,-0.18688428,-0.020657016,0.025410363,0.011925848,0.108331494,0.2633654,0.0025953352,-0.1459371,-0.107455015,0.043482687,0.00151992,0.04857818,-9.260577e-06,-0.011504638,0.018611716,-0.036858324,-0.8093185,-0.7651964,-0.05056993,-2.7444725,-0.058672126,0.012783171,-0.9067872,0.06419711,-0.0002721257,0.003000453,0,0.001763117
-0.25610214,0.011693591,-0.48812854,-0.0054160003,-0.04657463,-0.011355772,0.029770527,0.011352187,-0.08945844,-0.07855164,0.0027370967,-0.36989483,-0.10991408,0.009777515,0.0014733536,0.034144256,-1.322949e-05,-0.01567152,-0.0027936997,-0.03413579,-1.196688,-0.9161502,-0.04836975,-2.639476,-0.05842925,0.014432271,0.12737785,-0.93284136,-0.000701157,0.003061155,0,0.0008703065
-0.9683623,-0.66857326,-0.044025816,-0.009939579,-0.08850243,0.033895314,0.03315331,0.006758382,-0.019827947,-0.08856344,0.0024041738,-0.36533594,-0.30773154,-0.04174353,0.0013546891,-0.23323089,-9.558551e-05,-0.13160925,-0.12293366,0.00900934,-0.97388273,-0.66495514,-0.07696928,-2.1320324,-0.03728564,0.008479232,-0.8077789,0.06304559,-0.0016435441,0.00293994,1,0.00049279287
-0.70211756,-0.0023309216,-0.22769062,0.04501285,0.023109365,0.09859016,0.049978416,0.02396165,-0.064759314,0.029098086,0.0071452707,0.27091613,-0.09224748,0.0103423605,0.0039104973,0.055591177,-4.9424183e-05,-0.0073328502,-0.0020592788,-0.0140294675,-0.08122553,-0.5759389,-0.02882502,2.2062466,-0.017569847,0.02999642,0.21953677,0.14302565,-0.00041077402,0.007343122,1,0.80475295
-0.8141059,2.9921904,-0.24369983,-0.023423586,0.03612513,0.047420364,0.040350366,0.01627539,-0.03650239,0.12590224,0.011454683,0.14711645,0.017988017,0.021420367,0.005275699,0.07832755,-1.322949e-05,-0.013630842,0.012106191,-0.005279401,-0.3714773,-0.16622552,-0.02154986,2.3653152,-0.012162106,0.03261735,0.23260418,0.12454339,-0.0003762365,0.007343122,1,0.99019474
-0.84581584,-0.18326649,-0.29134968,-0.0009080463,-0.0150643485,-0.024134956,0.024506764,0.010993779,-0.07407867,-0.08199962,0.002413386,-0.070331335,0.02131352,-0.026421579,0.0014945717,0.037540913,-9.260577e-06,-0.013549303,0.0196327,-0.032484263,-0.9960247,-0.8409704,-0.041550945,-2.3669815,-0.056402072,0.013376572,-0.8772322,0.064301535,-0.00037575315,0.003000453,0,0.0013166794
-0.5199219,-0.9485939,-0.11004523,-0.035460856,0.13618936,-0.51705617,0.073724955,0.03872881,-0.14771496,-0.39224416,0.005367436,0.24418113,0.028980754,0.02880153,0.0028514196,0.066449635,-0.0010200533,-0.00013365169,-0.010427502,-0.012832103,-0.0008262779,-0.2882053,-0.024440024,2.058589,-0.013860881,0.021429459,0.18519543,0.11122641,-0.000710457,0.004750503,1,0.49800605
-0.15163782,3.166088,-0.40357944,-0.05792502,0.04201544,-0.4494097,0.03911143,0.015751662,-0.057033103,-0.035156384,0.011445405,-0.061065134,0.020987732,0.060887665,0.005249838,-0.09426768,-1.322949e-05,-0.035683572,-0.011668736,-0.0066285795,-0.33035362,-0.32963327,-0.025898984,2.2861145,-0.013381525,0.026412927,0.21943937,0.13118647,-0.00037790922,0.007343122,1,0.9816097
-0.46257368,0.114454664,-0.45706433,-0.023735154,0.10599968,0.020851022,0.054971226,0.016215572,0.007857437,0.011047971,0.0083418805,-0.016014306,-0.09822292,-0.24398133,0.005256252,-0.3052266,-8.64364e-06,0.044183254,-0.14791624,0.0048855245,-1.3172644,-0.22470307,-0.034000162,1.9753387,-0.015108611,0.024149634,0.2047438,0.10988452,-0.00030013744,0.007039069,1,0.3493617
-1.9488368,-0.22000669,-0.2113394,-0.038633272,-0.23863544,-0.48107818,0.04003088,0.021886948,0.020961503,-0.07708533,0.006257499,0.17617203,-0.047095876,-0.11920508,0.0032177607,-0.2645723,-4.9424183e-05,-0.03072981,-0.11653135,-0.03919415,-0.11728497,-0.21247669,-0.025061617,1.9359207,-0.01475367,0.029892307,0.23561405,0.11025431,-0.00037296765,0.007343122,1,0.16709769
-0.5923112,0.09770136,-0.34456807,-0.04941025,-0.07574866,0.0073057474,-2.0652416,0.04065694,-0.09656365,-0.0077109677,0.0020374951,0.13604368,-0.23165402,-0.0120219225,0.0050653047,0.05763391,-1.322949e-05,-0.0061755455,0.0022458215,-0.013451554,0.053394504,-0.17124142,-0.024672622,2.094993,-0.016025819,0.02338726,0.20022234,0.106703505,-0.0014776366,0.004290281,1,0.29576367
-0.6828961,-0.21332051,-0.20283443,-0.00788713,-0.07149958,-0.28094694,0.027850652,0.009827367,-0.07113228,-0.4063342,0.0025370657,-0.33202714,-0.099407956,0.022054128,0.0013121157,0.048405237,-2.516625e-05,-1.7920709e-05,-0.0049831616,-0.032457758,-1.2328455,-0.5252982,-0.0440413,-2.2679393,-0.056297626,0.009149307,0.048949834,-0.8742694,-0.0006594713,0.0026509794,0,0.0007273843
-0.94341505,-0.12363177,-0.34195337,-0.008595264,0.078593075,0.34109816,0.045839965,0.02426322,-0.09115975,0.030867796,0.007135479,-0.32444748,-0.092114754,0.019610262,0.0038946203,0.0521723,-2.516625e-05,-0.00713978,0.011214591,-0.014808453,-0.21588397,-0.5491589,-0.023157671,1.9444366,-0.019753292,0.030974708,0.127205,0.13551655,-0.00042021007,0.007343122,0,0.5283582
-0.10477798,-0.13282548,-0.24318242,-0.06609744,-0.3872318,-0.70206535,0.04462712,0.02441346,-0.09813547,0.017923193,0.007302905,0.22771563,0.035855822,0.03533089,0.0040360303,0.06673403,-1.322949e-05,-0.003871957,-0.016918423,-0.01263382,-0.05816477,-0.23689939,-0.021889588,2.2425902,-0.018024152,0.029433828,0.23627502,0.13683869,-0.00037400206,0.007343122,1,0.73543334
-0.07403015,-0.12693399,-0.32456234,-0.017473962,0.13705081,0.012468955,0.056657627,0.017617095,0.30321306,0.44742846,0.0084795,-0.064745106,-0.07292004,0.024572812,0.005488397,0.13166189,-8.64364e-06,-0.030930145,0.02421439,-0.018994182,-1.5799128,-0.4843474,-0.024993539,2.0263433,-0.015910357,0.027988993,0.20990203,0.12015629,-0.0002818554,0.007039069,1,0.67552674
-0.8527075,-0.11458509,-0.19136326,-0.021410653,-0.095707074,0.014811521,-1.4573288,0.113398224,-0.10193705,-0.017681627,0.013118228,-0.027626287,0.2579661,0.0354864,0.018442525,0.08485205,-8.64364e-06,-0.033041142,-0.00057032844,-0.028561635,-1.7673156,-0.16172536,-0.021648362,1.6371073,-0.013142415,0.019977883,0.15227081,0.080321975,-0.0010889098,0.004204396,1,0.07824482
-0.75777674,-0.13376679,-0.25846225,-0.039283603,-0.7587737,-0.07086109,0.022474963,0.010019365,0.08994709,0.19343053,0.0027595514,-0.0958953,-0.1264632,0.0036796802,0.0017157922,0.06681292,-6.685659e-06,-0.020683348,0.003931051,0.019995272,-1.1316395,-0.5817271,-0.07196605,-2.5058904,-0.041941162,0.00922379,-0.7773562,0.05672364,-0.00028905517,0.0029202527,0,0.0010269895
-0.15753818,-0.13135524,-0.16275316,-0.02080792,0.117720485,-1.0790409,0.04214987,0.02474103,-0.09229903,0.03512193,0.007148293,-0.01133008,-0.120192714,0.019698786,0.0036944672,0.051329654,-4.9424183e-05,-0.016879803,-0.007939891,-0.012778402,-0.3889341,-0.62181455,-0.019727262,1.9631047,-0.019003818,0.029983556,0.17489974,0.14015429,-0.00042021007,0.007343122,1,0.44109458
-1.3482517,-0.092092335,-0.3309661,-0.015603465,-0.1415293,-0.39310902,0.051191285,0.019887907,-0.07127861,-0.03151957,0.007389876,0.16345435,-0.13764024,0.021246498,0.0041077156,0.0539741,-1.322949e-05,-0.013071371,0.009501344,-0.009946614,-0.3043761,-0.1965982,-0.023819111,2.1197271,-0.015402308,0.029252714,0.19908744,0.12083799,-0.00030118696,0.007343122,1,0.42324588
-0.8412289,3.0030453,0.04889979,0.08362293,0.10806166,0.056414247,0.04066965,0.021166189,0.16839276,0.2712436,0.011242454,-0.27267596,-0.06528565,0.0539978,0.0050629117,0.062169325,-4.9424183e-05,-0.005766505,0.0025961106,-0.012352223,-0.26654404,-0.5014389,-0.021903625,2.2304752,-0.016569061,0.030577928,0.2129759,0.12604971,-0.00041325868,0.007343122,1,0.98953116
-0.7260153,-0.018216755,-0.238623,0.10271552,-0.024179053,0.57191366,0.029642828,0.008833037,-0.0033663628,-0.0018679998,0.002787231,-0.012881622,-0.4696129,-0.05103864,0.0016483031,-0.16854048,-1.322949e-05,-0.055575233,0.021146234,-0.0027137578,-0.8988887,-0.78256714,-0.08245784,-2.768211,-0.06771559,0.008163665,0.07277656,-0.910982,-0.0006959989,0.003061155,0,0.0015742127
-1.0163136,-0.099835396,-0.44477585,-0.037420005,-0.112438485,0.04714077,0.023300117,0.026864719,0.18498339,0.2671445,0.0070396587,0.23669891,0.06245738,0.03767595,0.0041103857,0.014119258,-4.9424183e-05,-0.006133936,0.019592049,-0.013982727,-0.19118494,-0.45699778,-0.02473889,2.1676302,-0.019707648,0.030920753,0.21363725,0.13556512,-2.343877e-07,0.007343122,1,0.7449198
-0.8648779,0.013075614,-0.24097177,0.04736224,-0.0771642,0.038995206,0.03815182,0.023421302,0.18343377,0.28290853,0.0074429936,0.15346354,0.040994864,0.048485868,0.00431422,0.023081753,-4.9424183e-05,-0.005397269,0.008442776,-0.01348216,-0.135359,-0.19761232,-0.023956085,2.3632112,-0.017272599,0.03120729,0.24425124,0.14247683,-0.0003350536,0.007343122,1,0.8942246
-0.82123566,0.018157067,-0.56897396,0.005935462,0.2318819,0.34549385,0.039120626,0.011148092,-0.12644635,-0.41194534,0.0017090671,0.057182163,0.00536041,-0.05677724,0.0011288696,0.030020036,-6.685659e-06,-0.0021622835,-0.01685214,0.012632831,0.20844668,0.19337334,0.09988764,-0.20371172,0.08849812,-0.01760278,0.021580715,0.040277563,-0.0002272442,0.004334671,0,0.30987152
-0.8865939,-0.007906052,-0.39619753,-0.015000104,-0.19743966,-0.38199046,0.027088083,0.009499249,-0.10090143,-0.3292481,0.0025619161,-0.33246186,-0.13352412,0.015582443,0.0013450559,0.035142753,-4.9424183e-05,-0.016038198,-0.004560855,-0.029340072,-1.0894439,-0.5554498,-0.04261689,-2.4469557,-0.06642237,0.012132481,0.089443326,-0.90775895,-0.00059886684,0.003061155,0,0.0004368057
-1.2717946,3.2344575,-0.20797192,0.086501464,-0.059978552,-0.38594058,0.026683081,0.019584276,0.047674727,0.040478677,0.0110211205,0.18822639,0.27475893,0.114867724,0.005299846,-0.043246876,-4.9424183e-05,-0.006008358,0.009056363,0.002514775,-0.21866605,-0.5248361,-0.02512908,2.192296,-0.016049527,0.031627644,0.18367958,0.12914412,-0.00036949548,0.007343122,1,0.97924966
-0.81315875,0.04476317,-0.47354293,-0.0054063527,-0.15856904,-0.37169105,0.028677942,0.011745294,-0.035549488,-0.031459313,0.0025467179,0.1285853,-0.26361743,-0.094794855,0.0015081718,0.036332097,-4.9424183e-05,-0.012582692,-0.0029017301,-0.07020618,-0.8813294,-0.54053634,-0.04638376,-2.5308874,-0.06572042,0.0155111635,0.09812219,-1.004735,-0.000699871,0.003061155,0,0.00088954077
-0.57802355,-0.25612408,-0.13780771,-0.02583881,-0.000111371395,0.023407336,0.041239347,0.02103982,-0.014073332,0.02735094,0.0075076097,-0.09575522,0.19814198,0.103776954,0.004315212,0.0054116948,-1.322949e-05,-0.017532092,-0.04523392,0.0011034518,-0.2569139,-0.013764212,-0.02777624,2.310992,-0.012558688,0.031509817,0.23366629,0.1315634,-0.000358164,0.007343122,1,0.8423126
-0.7926361,-0.0032224956,-0.44893262,-0.00906356,-0.12553298,-0.0066633285,0.029222663,0.008455544,-0.087838605,-0.4485643,0.0024154815,-0.028359838,0.026040914,-0.036008637,0.0013494306,0.04626461,-1.322949e-05,-0.013309114,0.0051070126,-0.034963254,-1.0999831,-0.95690817,-0.04854792,-2.411182,-0.05790459,0.011164197,0.08220002,-0.8394652,-0.00060207973,0.0027127385,0,0.0007271008
-1.7236012,-0.4395503,-0.21315223,-0.035458516,0.021952594,0.16155536,0.042768974,0.021813435,-0.036555417,0.11506936,0.0059263427,-0.44679466,-0.0864108,0.01019029,0.0030144006,0.09213744,-2.2618437e-05,-0.008340741,-0.041721493,0.009860658,-1.2174418,-0.28827634,-0.023648221,1.5849713,-0.0147831505,0.024226218,0.17301354,0.10416967,-0.0005531732,0.0071220826,1,0.100700445
-0.12111879,-0.2339583,-0.18032554,-0.04200479,-0.16533838,0.07136835,0.053935386,0.017229958,-0.008790163,-0.06251575,0.008479306,-0.012526597,-0.32872,-0.040945757,0.0051811542,-0.33556494,-8.64364e-06,0.025905956,-0.10837374,0.0018787,-1.1627837,-0.39733896,-0.029526325,2.0991244,-0.014739949,0.023662157,0.20431125,0.11445441,-0.0002818554,0.007039069,1,0.35360268
-1.5324863,3.3246374,-0.06799137,0.094515175,-0.4211581,-0.19898215,0.03176639,0.014438478,-0.082425244,-0.65603894,0.010869184,-0.5072565,-0.07278097,0.014060695,0.0043681855,0.052095924,-2.516625e-05,-0.0135649545,-0.008809362,-0.008514909,-0.6570545,-0.1519219,-0.024073739,2.1570072,-0.012980606,0.019731527,0.20901018,0.10420879,-0.00035969878,0.0061393166,1,0.83691823
-1.1048404,-0.028296899,-0.16512905,0.05695605,-0.014132156,0.11057046,0.052093882,0.019267438,0.17219576,0.38611808,0.007643409,-0.09487023,-0.079489015,0.032291256,0.00421124,0.07449236,-1.322949e-05,-0.008130966,-0.003072638,-0.00468028,-0.15369356,-0.07170062,-0.022805655,2.3038342,-0.012418158,0.031459477,0.23061487,0.13606833,-0.0003693768,0.007343122,1,0.86652434
-0.59986466,2.8702548,-0.13395685,-0.015438093,0.043157157,0.09029435,0.04666568,0.016506584,0.1986159,0.4169921,0.011603635,-0.033332754,-0.054722365,0.0083113285,0.005200209,0.07065331,-1.322949e-05,-0.008665257,0.008508259,-0.0069503025,-0.2811297,-0.272104,-0.03053169,2.3982785,-0.01197657,0.03199028,0.23481527,0.12792803,-0.00038000342,0.007343122,1,0.9942174
-0.7980716,3.7341769,-0.06255022,-0.017443253,-0.3335956,-0.2764453,0.025143396,0.021604052,0.20096698,0.31130275,0.011023593,-0.35190925,-0.019395705,-0.05351791,0.004679895,0.0934609,-4.9424183e-05,-0.013329564,0.002216102,0.004235181,-0.6189856,-0.6178945,-0.024920028,2.039506,-0.015869895,0.031076128,0.14619108,0.13001837,-0.00041644892,0.007343122,1,0.9725513
-0.8609029,-0.653188,-0.10682146,-0.015219377,-0.3645107,0.0217059,0.03533871,0.001991511,-0.12202088,-0.30750412,0.0022376282,-0.3791087,-0.10060084,0.04648308,0.0012639225,0.037065633,-9.558551e-05,-0.0993584,-0.008178251,0.012245228,-0.9861185,-0.9285698,-0.07625563,-2.126451,-0.045072056,0.0062890025,-0.64445347,0.04750443,-0.0004382545,0.0022955863,0,0.0004995043
-1.1942337,-0.2115879,-0.34373805,-0.005064634,-0.69995475,-0.07843321,0.02072722,0.009314976,-0.13017237,-0.31755584,0.0022557618,0.069757685,-0.11655756,-0.006338793,0.0012114331,0.038961396,-6.685659e-06,-0.025907211,0.0064228517,-0.037919976,-1.5879465,-0.64486235,-0.057163816,-1.8437833,-0.05110444,0.005970317,0.057979688,-0.6784262,-0.00054274127,0.0023567537,0,0.00040659404
-1.2245988,-1.1694981,-0.10332123,-0.012584466,0.1394313,-0.24109034,0.057661228,0.028288906,-0.03794887,-0.053842403,0.0065060905,-0.03187604,-0.086281486,-0.5378456,0.003863166,0.042320784,-0.0010200533,-0.0020280601,0.0076612723,-0.003181724,-0.31455645,-0.21446739,-0.023436382,2.0102274,-0.011664199,0.027267927,0.17751165,0.121504776,-0.0017208635,0.0071220826,1,0.19270264
-0.75454134,-0.1019,-0.3111921,-0.03292044,-0.115486115,-0.1340059,0.035455972,0.022387337,0.018275496,0.122386575,0.0070542605,-0.33173472,0.23487367,0.08872291,0.0043109963,0.04238422,-4.9424183e-05,-0.017406212,-0.05328641,0.0019124276,-0.3459723,-0.735163,-0.029291235,2.0020037,-0.016638607,0.030292155,0.17775694,0.1271869,-0.00038751066,0.007343122,1,0.4878583
-0.7169646,0.032275993,-0.5236181,-0.010800255,-0.12632778,0.08533242,0.024581283,0.012355366,-0.04532913,-0.15526025,0.002668277,0.0033167491,-0.41832155,-0.102590576,0.0015008645,-0.19263642,-8.64364e-06,-0.038689617,-0.010418358,0.004331266,-1.309746,-0.80221534,-0.10190776,-2.42339,-0.06195634,-0.9364917,0.106001854,0.06309526,-0.0005516716,0.0043097176,0,0.00048620073
-0.1576586,3.038113,-0.23301773,-0.021262923,-0.06897115,0.0390716,0.042483114,0.013481994,-0.06671305,-0.56032264,0.010814945,0.14931157,0.023963464,0.006974249,0.004529784,0.066853605,-1.322949e-05,-0.010242168,0.0034684902,-0.010814702,-0.44191903,-0.19215623,-0.024678174,2.259756,-0.011855665,0.024062084,0.20136474,0.117977105,-0.00036312855,0.0061393166,1,0.98547757
-0.33252075,-0.1924066,-0.2843593,-0.05522331,-1.425438,-0.0043764217,0.034096528,0.01064186,-0.1547673,-0.33252424,0.0014186724,-0.30822647,0.057996653,0.010325477,0.0010853743,0.02569598,-4.9424183e-05,-0.002958446,0.004407744,-0.03728412,-0.75104433,-0.5855979,-0.032059114,-1.5277696,-0.060690254,0.012357493,-0.67359203,0.06247408,-0.0002400123,0.0023560994,0,0.0014580181
-0.43064335,0.0048616007,-0.19793092,0.102972694,0.00025518856,0.30387038,0.05075189,0.017349467,0.2381835,0.4152631,0.007244949,-0.09870369,-0.078392714,0.01819349,0.0040994682,0.110591486,-8.64364e-06,0.011351604,0.009462717,0.0072641307,-1.098561,-0.23730275,-0.027744727,2.1990023,-0.012840837,0.02930297,0.21207835,0.13539062,-0.00028637366,0.007343122,1,0.8470273
-1.4119295,-0.15498717,-0.21685535,-0.0216686,-0.39065728,-0.37516367,-1.4754436,-0.5616596,-0.09794663,0.09674586,-0.7504803,0.04543685,-0.22570434,9.7780256e-05,-0.32154173,0.044867143,-6.685659e-06,-0.051552117,-0.018447066,-0.0114387125,-1.5775228,-0.30038616,-0.02162361,1.0912737,-0.013955264,0.008632897,0.11142035,0.06456582,-0.0024786086,0.003078508,0,0.0014623036
-0.605369,-0.74393654,-0.13576528,-0.013862044,-0.33528504,-0.36194173,-1.5204196,-0.33020148,-0.23117052,-0.5451107,0.0009010627,0.0139469635,-0.13667567,-0.0014063141,0.0074258526,0.00565686,-0.0002463661,0.002662352,0.0029346396,-0.099448614,-0.667166,-0.40728423,-0.039893977,-1.4755477,-0.052984994,0.009392233,-0.04832224,0.059518155,0.0011598263,0.00224216,0,0.00048197256
-1.9010721,-0.10809677,-0.30802616,-0.029316809,0.038716752,0.16251656,0.042239938,0.024287302,-0.18804394,0.005493113,0.007323536,0.09375033,-0.019414602,0.0033140036,0.0035301226,0.05059813,-9.260577e-06,-0.0024136251,-0.01440034,-0.009928747,0.06813976,-0.29833597,-0.023280345,1.9784169,-0.017695945,0.025560807,0.221216,0.122672334,-0.00037329114,0.007343122,1,0.48594478
-0.1040525,-0.11729554,-0.21468271,-0.028292056,0.05623115,0.021078156,0.035979383,0.020806838,0.20719014,0.3709412,0.0069647995,0.12959655,0.051231094,0.05182875,0.0040772813,0.05315348,-2.2618437e-05,-0.020833522,-0.0011616079,-0.017247314,-0.96155375,-0.2059857,-0.024302818,2.0891247,-0.016105335,0.02852072,0.20260586,0.13783608,-0.00030450753,0.007343122,1,0.8546719
-0.6752558,0.02758694,-0.7737425,-0.0033085162,0.2871996,-0.21092866,0.027668087,0.009557967,-0.028684752,-0.107187614,0.0024584266,-0.032131933,-0.074511506,-0.121588975,0.0016949612,-0.19319059,-8.643641e-06,-0.18115284,0.022913393,0.034173153,0.50729316,0.46639302,0.17750847,-1.1775897,-0.019699112,-0.039079513,-0.76683784,0.012194173,-0.0002463974,0.0029202527,1,0.05643745
-0.19131206,3.5746558,0.055837944,0.113875575,-0.48906764,0.0075188107,0.03695442,0.014925688,-0.018070398,0.085900985,0.012521105,-0.1081367,-0.17203897,-0.7006728,0.006142946,0.09801592,-2.2618437e-05,-0.003544761,0.0023526596,-0.00912689,-0.8531278,-0.2004141,-0.025908178,2.1433249,-0.0135488175,0.028123109,0.20143624,0.1230557,-0.00026960354,0.007039069,1,0.9766942
-0.9054248,-0.021787263,-0.60920256,-0.0035111087,0.050650597,-0.062039208,0.030022886,0.0075041535,-0.14707783,-0.38553697,0.0017909907,0.06548069,-0.027584566,-0.090432614,0.0012237796,0.036981534,-8.64364e-06,-0.017178232,0.010812016,-0.06121477,-1.4530126,-0.5734548,-0.050721314,-1.830887,-0.04998842,0.009671829,-0.76353765,0.043680906,-0.00027070113,0.0023206142,0,0.0011308236
-0.74078476,2.9745502,-0.019011715,0.07436848,-0.12770106,-0.029830279,0.04188626,0.02181143,0.19391559,0.34406042,0.011243347,0.20358159,-0.03186657,0.06260759,0.0050610164,0.06099952,-2.516625e-05,-0.0055961017,0.0048086406,-0.011719367,-0.22326107,-0.42781377,-0.021171425,2.3451955,-0.016768437,0.03238782,0.21178655,0.13490713,-0.00041325868,0.007343122,1,0.9938406
-0.2559565,0.058541268,-0.29534522,-0.0022958897,0.09666381,-0.33315507,0.04638994,0.02601068,0.1486157,0.25651327,0.006988507,0.29354203,-0.0015079112,-0.013269114,0.003996758,0.0846309,-4.9424183e-05,-0.004355719,0.004436614,-0.013729353,-0.043136694,-0.4392462,-0.024159148,2.212558,-0.023471951,0.032006133,0.22136182,0.13729806,-0.0004964882,0.007343122,1,0.89986944
-0.23521379,-0.19170295,-0.32434607,-0.01216818,-0.0797336,-0.031674016,0.029721089,0.008369314,-0.067452796,-0.2117643,0.0025363942,-0.07951864,-0.097872525,0.004238113,0.001322477,0.04099156,-8.64364e-06,-0.009688496,-0.03325838,0.019747842,-1.2790136,-0.6601136,-0.07372944,-2.231491,-0.04926203,0.0116632255,0.07192558,-0.9009211,-0.000582997,0.003061155,0,0.0017145493
-1.5910665,-0.8526882,-0.13755949,-0.022127427,-0.06843256,0.026542198,-1.6298591,-0.52706194,-0.027684594,-0.10246776,0.0025828944,-0.18003456,-0.31599683,-0.04168516,0.009923931,-0.2659297,-0.0010200533,-0.018251358,-0.08659671,0.0007044481,-0.7473751,-0.5855113,-0.07193902,-1.6391122,-0.045949236,0.015669739,0.044190425,0.040746994,0.010912541,0.003099145,0,0.00015147665
-0.6355951,0.046025574,-0.33110666,-0.008216991,-0.092361934,-0.436928,0.044815995,0.022943173,0.24166694,0.48700437,0.0073803887,0.09108199,0.010074328,-0.030426847,0.004281027,0.10379864,-4.9424183e-05,-0.011927735,0.009632474,-0.010642819,-0.12652338,-0.19927998,-0.032960355,2.3056352,-0.016805116,0.031820912,0.24286272,0.1346397,-0.00030543376,0.007343122,1,0.8661027
-0.94580525,0.019959044,-0.17347027,0.037337832,0.016242918,-0.42001584,0.04869402,0.023307588,0.15312564,0.27989346,0.0069815377,0.24189165,4.8665243e-05,-0.023163278,0.004015229,0.08638666,-4.9424183e-05,-0.0029234693,0.012268536,-0.013835016,-0.088258006,-0.43235877,-0.023036683,2.1431751,-0.023975039,0.030283442,0.22076143,0.13888472,-0.00048705217,0.007343122,1,0.7912166
-1.5216489,-0.24646892,-0.2519179,-0.02794457,-0.44973877,-0.10912727,0.033983205,0.011515516,-0.4966404,-0.7967722,0.0017344719,-0.10301243,0.05280144,-0.0772719,0.0010890535,0.019975513,-1.4532401e-05,-0.012740545,0.0026086562,-0.033537872,-1.5203035,-0.46869153,-0.03972069,-1.3242532,0.28164712,0.014658088,0.08257173,0.06822308,-0.00020992523,0.004334671,0,0.0010109821
-0.41740575,-0.095373735,-0.34648195,-0.022839224,0.10544826,-0.13071395,0.0450613,0.023710646,0.20488209,0.42702723,0.0074560004,0.05927757,0.022121692,-0.03889215,0.004238872,0.045740817,-4.9424183e-05,-0.012733583,0.02545284,-0.0026727286,-0.14241038,-0.22764544,-0.024090124,2.4070644,-0.015863188,0.032669812,0.24449883,0.13700785,-0.00037975813,0.007343122,1,0.9113718
-0.54687214,-0.0077057444,-0.5137991,-0.017713515,0.087932274,0.0016071153,0.055054087,0.016895682,-0.024196478,0.14618674,0.008456619,-0.15918168,-0.09512737,0.012104309,0.0054921573,0.09548489,-8.64364e-06,-0.037499312,0.0017939769,-0.032211293,-1.6471652,-0.19560051,-0.024598155,1.9166726,-0.014291711,0.02832266,0.22085787,0.11105985,-0.00030390435,0.007039069,0,0.3561162
-0.87352824,-0.55208063,-0.14014548,-0.0076110614,-0.17808013,-0.073923506,0.032480232,0.008589018,-0.25818238,-0.69616735,0.001528208,0.0801806,0.020649116,-0.06062308,0.0009781157,0.021582674,-9.558551e-05,-0.0017257431,0.0064099324,-0.03784303,-1.042604,-0.6110182,-0.0519446,-1.6053181,-0.035844862,0.00862317,-0.57377744,0.04884174,-0.0006989203,0.0021457414,0,0.0014136746
-0.8024821,-0.028243462,-0.5067351,-0.00049403147,-0.55446285,-0.035501175,0.021087449,0.009224858,-0.115733676,-0.18245527,0.0023946073,-0.052855793,-0.4728712,-0.19457501,0.0013325075,-0.045722324,-6.685659e-06,0.0064352322,-0.0014148334,0.022628296,-1.1769859,-0.90057284,-0.076776974,-2.0246673,-0.055132166,0.010841228,-0.8516989,0.044600744,-0.00031951122,0.003000453,0,0.00035285245
-0.7980084,-0.2454071,-0.26585683,-0.029442618,-0.03957471,-0.37422687,0.026927311,0.009614158,0.06714461,0.14670473,0.0023466097,0.10117386,-0.02367574,-0.050879322,0.0015120213,0.046859488,-6.685659e-06,-0.007957073,0.006889278,-0.05357656,-1.3198805,-0.80307865,-0.05499471,-2.2484288,-0.06303545,0.012958849,-0.75243586,0.06523086,-0.00029275008,0.003000453,0,0.0013166531
-1.2089069,-0.024229154,-0.32314593,0.0027287283,0.03690089,0.086314365,0.026587998,0.008818872,-0.26149887,-0.6632287,0.0017249986,0.14961126,0.051098976,0.020556716,0.0010353702,0.04318273,-9.260577e-06,-0.0113308625,0.0051654577,-0.02965311,-1.1480029,-0.8026397,-0.05084976,-2.1195118,-0.058475822,0.0072346753,0.07463802,-0.78322667,-0.00060207973,0.0022402124,0,0.0009496947
-0.12970775,-0.097317524,-0.31600362,-0.031194527,-0.35474452,-0.6555679,0.037876785,0.02318714,0.23692699,0.4621831,0.0074287583,-0.43414682,0.025950015,-0.039800793,0.0042728595,0.1042618,-4.9424183e-05,-0.012238276,0.018548345,-0.010205255,-0.24192603,-0.15310507,-0.021842008,2.343821,-0.015484283,0.031418238,0.24150594,0.13410862,-0.00026517268,0.007343122,1,0.76391876
-0.19080679,-0.41615257,-0.15573484,-0.018555893,-0.21303715,-0.07961847,-1.1229516,0.05521419,-0.14719239,-0.47593302,0.0017803647,0.030934002,0.11117703,0.022831611,0.0033064461,0.055285126,-8.64364e-06,-0.005912155,0.0015052073,-0.051153317,-1.4675933,-0.52300084,-0.04772929,-1.6307559,-0.04463523,0.007401837,0.032402523,-0.5534142,-0.0027191755,0.0016038152,0,0.0010966345
-1.4885297,-0.731118,-0.13378206,-0.02824627,-0.22022477,0.19049689,-1.59193,-0.48886618,-0.040019784,-0.15138274,0.0017190569,-0.057962816,-0.42930233,-0.13948032,0.010316098,-0.22311166,-0.0010200533,-0.022856176,-0.08813039,-0.003139273,-0.9444136,-0.61858594,-0.07339465,-1.8891952,-0.035528317,0.013298614,0.00046552412,0.035521995,0.0011668052,0.003099145,0,0.0001078038
-0.83012086,-0.58712286,-0.0779003,-0.004581257,-0.0021828962,0.0403975,0.038066484,0.018956818,-0.051868524,-0.02637279,0.002416076,0.016965266,-0.096684046,0.015001903,0.0014696999,0.041594457,-2.4539833e-05,-0.012864104,-0.007541448,-0.052480586,-1.5685158,-0.63380444,-0.07379633,-1.873034,-0.042144697,-0.8911506,0.04945152,0.07830302,-0.0009931918,0.0039406796,0,0.0014750803
-0.5799777,-0.1659656,-0.2698721,-0.052297287,-0.036276113,0.05510487,0.03322247,0.009465952,-0.27196962,-0.6475287,0.001955113,0.04522098,-0.12881728,0.0013043019,0.0011359184,0.059405494,-8.64364e-06,-0.017078472,-0.01941425,0.025000412,-1.4878005,-0.6551824,0.095892966,-1.6238385,-0.041427583,-0.7677897,0.072966225,0.0463263,-0.00046874117,0.0025372817,0,0.0018199569
-0.26396358,-0.34675667,-0.17644918,-0.022914922,0.06223009,0.22855352,0.049310114,0.02929189,-0.003768082,0.16054933,0.0069452384,-0.33849528,-0.07128396,0.02769999,0.0038304944,0.055101167,-4.9424183e-05,0.0014468082,0.0014310254,-0.011598456,-0.07289011,-0.6928297,-0.023862965,2.0485606,-0.016980024,0.026944036,0.21092753,0.13595022,-0.00063595513,0.0071220826,1,0.73545307
-0.12043121,-0.42854005,-0.15469658,-0.012322287,0.031889666,-0.4478578,0.046980616,0.022676744,0.22545041,0.5244283,0.0072448077,-0.17192331,-0.02388369,-0.041051954,0.004074199,0.10599233,-1.322949e-05,0.00019659408,0.005016166,-0.012155524,-0.18370898,-0.08926785,-0.023770384,2.2360106,-0.013763517,0.027942954,0.20639387,0.13599537,-0.00053279166,0.0071220826,1,0.8667529
-0.22970943,-0.41128623,-0.21731462,-0.017476734,0.25713956,0.05961222,0.038968157,0.013525534,-0.059066057,-0.12405845,0.0026042168,-0.08492541,-0.1414851,-0.00063569465,0.001519778,-0.2550845,-8.643641e-06,-0.1250098,0.03502726,0.01618221,0.6276864,0.5134756,0.15523028,-1.1211959,-0.015356136,-0.992176,0.0012311823,0.0060639414,-0.0003860558,0.0039406796,0,0.11365746
-1.529633,-0.8425213,-0.13431871,-0.023964794,-0.34739166,0.054617614,-1.6215522,-0.49657923,-0.011976245,-0.05420284,0.0025828944,-0.16771618,-0.28725377,0.02230959,0.016559351,-0.18185985,-0.0010200533,-0.020393651,-0.058472704,0.0014631981,-0.7662844,-0.5030024,-0.07314948,-1.6481754,-0.040105782,0.012195283,0.027450021,0.036943465,0.010912541,0.003099145,0,0.00018180563
-1.1407701,-0.020696541,-0.106169105,0.061647054,0.11879158,0.23235105,0.04853815,0.023156947,-0.08625506,0.03750937,0.007142023,-0.349845,-0.094924666,0.01592538,0.0039151,0.05760726,-4.9424183e-05,-0.0040077786,0.00020073797,-0.014540641,-0.29669476,-0.5910948,-0.02279319,1.8884499,-0.02031987,0.026341556,0.20107578,0.12629217,-0.00049329794,0.007343122,1,0.52913857
-0.65371406,-0.44290403,-0.18614954,-0.019205026,0.01746553,0.32253838,0.041935105,0.024760846,0.20381564,0.44619387,0.007277892,0.10235818,-0.021864641,0.006311766,0.004077075,0.12086422,-4.9424183e-05,-0.0003033606,0.01309429,-0.003568838,-0.19587262,-0.27015892,-0.02466823,2.268773,-0.013720067,0.03039594,0.22470292,0.13164908,-0.0005287824,0.0071220826,1,0.895639
-1.1058444,-0.3385906,-0.16686568,-0.017898615,-0.007554446,0.08106075,0.051417377,0.02907106,0.19511989,0.3262192,0.007376764,0.14900431,-0.030300166,0.055844832,0.003946852,0.083208926,-1.322949e-05,0.0029853282,0.008542578,-0.009815443,0.09797018,-0.4392962,-0.02492192,2.2522156,-0.017105248,0.026927207,0.2250536,0.13092683,-0.00053303904,0.0071220826,1,0.8298165
-0.1991184,-0.0060121925,-0.41967466,-0.009647099,-0.8543967,-0.05697763,0.023877753,0.009458352,-0.041993555,0.035735738,0.0028955755,0.114160836,-0.12924361,-0.007614292,0.0016886186,0.050900172,-8.64364e-06,-0.028877236,-0.0026680422,-0.05664896,-1.536295,-0.67752135,-0.058330793,-2.2893214,-0.05099655,0.013039228,0.07938729,-0.84143704,-0.0006041996,0.0029794767,0,0.0009827113
-1.0085475,-0.36156246,-0.16969813,-0.016472643,0.04119282,-0.22522871,0.027854368,0.011769706,-0.055580787,-0.00033732454,0.0024012483,0.06488612,0.037207045,-0.036935534,0.0014549779,0.03387342,-8.64364e-06,-0.0038576801,-0.0017445239,-0.027692718,-1.331942,-0.5297536,-0.03903028,-2.1244264,-0.044482447,0.013141434,0.06861223,-0.885683,-0.0006587978,0.0029177177,0,0.0014290974
-0.83082294,-0.3273289,-0.18727031,-0.029646894,0.26897982,0.11773879,0.03520996,0.011699624,-0.061070237,-0.057679687,0.0027235374,0.07282487,0.087925434,0.04958726,0.0015855669,0.006736407,-8.64364e-06,-0.018162206,-0.028740462,0.026034376,0.29336634,0.63815045,0.15749948,-1.3317639,-0.016301757,-0.918065,-0.022683203,0.06851999,-0.00028875977,0.004005665,1,0.121511586
-1.1320368,-0.58683234,-0.13046879,-0.01976454,-0.041708082,0.0041312044,-1.5598199,-0.2733849,-0.18801014,-0.43281838,0.0019305558,0.03528677,-0.1445324,-0.004417847,0.0070648436,0.044352535,-4.044135e-05,-0.0056002955,-0.00023999035,-0.039874546,-1.4765532,-0.7265054,-0.057480615,-1.3934827,-0.04191792,0.0076060286,0.02925541,0.027906831,0.003381392,0.0022046738,0,0.0003085504
-0.6285589,-0.048170723,-0.39005476,0.042014018,-0.15824528,0.005386239,0.026872156,0.00794718,-0.32425237,-0.78998905,0.0016783845,0.050979245,0.026340555,-0.0035412172,0.001112234,0.04380171,-4.9424183e-05,-0.014878783,0.0019173652,-0.03863725,-0.9840724,-0.65602815,-0.05088334,-1.908291,-0.0670218,0.0104345,-0.6701287,0.04455807,-0.00030185623,0.0022062548,0,0.0015642152
-0.76601577,-0.04222305,-0.2858627,-0.036963094,-0.26461098,-0.32767707,0.038782798,0.022857059,0.041627467,0.07103259,0.007565501,-0.056066483,-0.20127974,-0.0063407174,0.0041605644,-0.13647407,-4.9424183e-05,-0.00899019,0.024288375,0.0006156157,-0.11777444,-0.13355005,-0.02852968,2.250656,-0.015120199,0.030713296,0.24009597,0.12990856,-0.00027141845,0.007343122,1,0.6108535
-0.642612,-0.1931131,-0.2862282,-0.012999726,-0.032199424,-0.5898233,0.029182328,0.010997223,-0.04256983,-0.2326296,0.0024390365,-0.0047668265,-0.066684715,-0.039241783,0.0014786663,-0.002989475,-1.322949e-05,-0.024732284,0.011043958,-0.020254798,-0.87212217,-0.69991004,-0.044046316,-2.5058165,-0.055609774,0.014156817,-0.91002035,0.06529725,-0.00037575315,0.003000453,0,0.00079839246
-0.7738662,-0.11405387,-0.23182325,-0.015328489,-0.18072885,-0.43595305,0.03760042,0.023642646,0.19863862,0.48532435,0.0074060704,0.07707168,-0.057284493,-0.05970901,0.004206513,0.044489946,-4.9424183e-05,-0.010506924,0.0075125033,-0.010885511,-0.10077804,-0.22454892,-0.02438439,2.2925415,-0.02010924,0.03106391,0.23436342,0.13062163,-2.1257994e-05,0.007343122,1,0.79098123
-0.5998859,-0.10159117,-0.36609155,-0.079105236,0.029852606,0.04810644,0.04240079,0.022581406,0.0025901494,0.07388803,0.0076487437,-0.10457976,-0.26707172,-0.036561377,0.0041496065,-0.27703404,-4.9424183e-05,-0.0454754,-0.09083189,-0.006037944,-0.29289126,-0.14930366,-0.030100636,2.2177048,-0.013980663,0.02780712,0.2291382,0.12562887,-0.00037975813,0.007343122,1,0.5955414
-0.79987544,-0.0021514278,-0.14152344,0.06248101,0.093376376,0.26338434,0.045538325,0.02179696,-0.054797776,0.031276595,0.00709737,0.16595328,0.030726887,-0.014111764,0.004183956,0.07608195,-4.9424183e-05,-0.016005313,-0.0025127684,-0.0124338,-0.4576121,-0.5038139,-0.024161866,2.1515355,-0.017283708,0.03213439,0.21717504,0.13180318,-0.00048727336,0.007343122,1,0.786528
-1.5855888,-0.20763907,-0.30552554,-0.0033917045,-0.022314051,-0.57911277,0.024873404,0.008565361,-0.23557967,-0.5359258,0.0016502034,0.029517725,0.064765595,-0.03811421,0.0009475603,0.0066038277,-6.685659e-06,-0.012021674,0.00059549627,-0.02887308,-1.3623345,-0.8418664,-0.04768803,-1.4748911,-0.06906131,-0.0005133263,0.038846485,-0.7174403,-0.00055235863,0.0022402124,0,0.00037779458
-0.6975841,-1.5146271,-0.10828507,-0.03100529,-0.39067778,0.14723735,0.046741482,0.024994602,0.27222964,0.38451365,0.005634374,-0.057794694,-0.014988744,0.035636246,0.0040186276,0.14818463,-4.044135e-05,-0.01527996,0.028545192,0.008009422,-1.6766773,-0.21325505,-0.028823826,1.6232814,-0.010517104,0.026375508,0.17907736,0.10797118,-0.00068258727,0.00681803,1,0.15421493
-0.7058564,-0.09534826,-0.2229771,-0.019806832,-0.14926955,0.06882877,0.048335865,0.022910489,0.25615516,0.5521713,0.0076494245,-0.060316913,-0.0637885,0.023464382,0.0041967654,0.07775141,-4.9424183e-05,-0.011342154,0.01847034,-0.012180438,-0.15154015,-0.2025367,-0.024764333,2.3010206,-0.015265051,0.03069575,0.24069005,0.13796192,-0.00037921342,0.007343122,1,0.88807994
-0.2574496,-0.38622075,-0.32947272,-0.013251364,0.31160915,-0.95214254,0.02741914,0.010120499,-0.06541451,-0.054868523,0.0026749184,0.046464566,-0.09970663,-0.00811907,0.0014762267,0.013405991,-8.643641e-06,-0.038390547,-0.0644944,0.03143118,0.43517274,0.61072123,0.16819826,-1.1780169,-0.016204253,-0.013155614,-0.6972519,0.011341438,-0.00022811537,0.0029202527,1,0.07639362
-0.7870269,-0.2314397,-0.20136791,-0.022173794,-0.17948385,0.00019720878,0.034595102,0.011563866,-0.082950115,-0.36040163,0.002547743,-0.23133427,-0.09505,0.0022752767,0.0013408848,0.053641655,-4.9424183e-05,-0.08579796,-0.013765118,0.008347442,-1.0387125,-0.57912815,-0.09857281,-2.3079252,-0.04957323,-0.78428644,0.093254596,0.0678685,-0.0006646768,0.003883501,0,0.001046628
-0.62576884,-1.2450885,-0.16046801,0.003802391,-0.5257601,-0.922445,0.08926949,0.035090405,0.17782548,0.17357342,0.0013773433,0.094350666,0.01871917,0.013162566,0.0009801211,0.028330294,-4.5451732e-05,-0.0016573358,0.0023233288,-0.03372594,-0.101940624,-0.51720506,-0.027518477,-0.85463154,0.5609975,0.014705958,0.03699514,0.08836289,-0.0004861172,0.0041960184,1,0.02499841
-0.87475234,-0.14600103,-0.19931215,0.0707587,-0.07548146,-0.42839557,0.023399508,0.011029769,-0.088051975,-0.12565847,0.002598367,-0.05552762,-0.33835724,-0.058637604,0.0014916614,-0.24029954,-4.9424183e-05,-0.0483145,0.008695672,-0.0031655848,-0.80052185,-0.51500624,-0.056599434,-2.3282785,-0.052693643,0.0020002474,-0.85255814,0.05067683,-0.00037992862,0.003000453,0,0.00082003843
-0.77842873,0.115835845,-0.47567084,-0.028299112,-0.09181996,0.04449422,0.04976699,0.016681245,0.021820273,0.09701071,0.008258637,0.04690726,0.023072194,0.055565868,0.0053043463,-0.1429792,-8.64364e-06,0.024884168,-0.08159114,0.002459321,-1.3692682,-0.58032453,-0.030268386,2.031947,-0.015144695,0.023466125,0.21002139,0.11422491,-0.00024253382,0.007039069,1,0.3348716
-0.6893403,0.03693323,-0.16135499,0.0835192,-0.3399367,-0.41612163,0.043106973,0.014751126,-0.11649747,-0.5690396,0.0068365973,0.17112897,0.06044903,0.027270472,0.0036006416,0.06911492,-4.9424183e-05,-0.015162363,-0.008630591,-0.012489246,-0.31748232,-0.19948982,-0.02350975,2.2134247,-0.014499748,0.024701657,0.19110942,0.12549059,-0.00035096836,0.0061393166,1,0.5504958
-0.78429735,-0.012463539,-0.055263773,0.051740345,-0.04080647,0.058574174,0.025352104,0.007683434,-0.26734272,-0.628375,0.0016033761,0.00280128,0.026529025,-0.021373477,0.0010382452,0.05459491,-8.64364e-06,-0.012822145,0.009520016,-0.05461595,-1.3499991,-0.92318296,-0.04968052,-1.562361,-0.06892261,0.0109572755,-0.60549647,0.03725137,-0.00026848615,0.0022062548,0,0.0021537738
-0.70485604,-0.15256952,-0.39908856,-0.06825198,-0.10646985,0.092076205,0.022605902,0.023312198,0.025069708,0.042018436,0.007104299,-0.060339965,0.24831517,0.11070113,0.0041475925,0.024734396,-4.9424183e-05,-0.013509132,-0.013747438,0.0015308406,-0.43764305,-0.5887647,-0.035333015,2.0680525,-0.014722502,0.030200839,0.1879596,0.13725232,-2.5822737e-06,0.007343122,1,0.6097191
-0.55672115,-0.6731109,-0.09667022,-0.01201862,-0.0069198096,-0.020858554,-1.6182487,-0.39661416,-0.043047573,-0.18827552,0.002698343,0.024606459,-0.0019499033,-0.021617472,0.011914465,0.018105108,-0.0002463661,-0.00032189093,0.0017715701,-0.029697614,-0.5476342,-0.48527867,-0.03730668,-2.3217301,-0.052002,0.01312556,0.055500686,0.056578714,0.0017721148,0.0027391273,0,0.0009943742
-1.0794969,-0.008179585,-0.4622081,-0.012383529,-0.59927136,-0.06398686,0.06323965,0.03192067,-0.83869493,-0.84683776,0.0016853081,-0.017975004,0.058493227,0.03189195,0.0011483382,0.02110878,-4.9424183e-05,-0.011701368,-0.0015610545,-0.031682532,-0.29829958,-0.38136348,-0.038444575,-1.7211392,0.44718447,0.020242484,0.10094999,0.09091285,-0.00041749302,0.004417057,0,0.003944637
-0.6495656,-0.014334549,-0.11717988,0.07861636,0.114604935,-0.7241662,0.036714822,0.024293669,0.1900482,0.3417884,0.0071681393,-0.1279306,-0.085720606,0.03888531,0.0039245286,0.06892195,-4.9424183e-05,-0.0048260163,0.0006592769,-0.012452477,-0.42064437,-0.6799023,-0.019918839,2.055752,-0.020326186,0.031417094,0.19203936,0.13484557,-0.00049329794,0.007343122,1,0.6126741
-0.13698155,0.059845578,-0.25495252,-0.024579806,-0.048792448,0.21077384,0.046958946,0.024775418,0.205588,0.33479318,0.007036986,-0.50097764,0.011186315,-0.02066866,0.0039869635,0.09115134,-4.9424183e-05,-0.005926207,0.0073097777,-0.013825185,-0.28920922,-0.62531805,-0.022521842,2.0949147,-0.019218443,0.03214941,0.16986117,0.13873252,-0.0004964882,0.007343122,1,0.8163699
-0.84695226,-0.47559136,-0.09864681,-0.019175144,-0.01115613,0.02581251,0.05183457,0.012153985,-0.13004452,-0.3028996,0.0019119371,-0.17981482,0.01276611,-0.024196966,0.0011065233,0.04252485,-9.558551e-05,0.0019468688,0.0066997954,-0.039212484,-0.63463813,-0.5830497,-0.03857275,-2.0896597,-0.034405462,0.009739152,-0.68729335,0.050184242,-0.00069441006,0.0022955863,0,0.0025526395
-0.52930814,-0.72332394,-0.11895955,-0.0113869235,-0.3475876,-0.45135176,0.029237019,0.010616915,-0.06843393,-0.17229144,0.0019117066,0.07953038,-0.0010485542,-0.058906674,0.0013381192,0.0420624,-4.044135e-05,-0.004416928,0.0037479245,-0.05480574,-1.4165294,-0.90141594,-0.049392298,-1.5649756,-0.046525616,0.009391042,-0.6385792,0.054825064,-0.00044332817,0.0028597396,0,0.0009916499
-1.4761474,-0.78373253,-0.17171374,-0.026007129,-0.35173243,0.030554725,-1.6189024,-0.34318632,-0.109539956,-0.25124392,0.0023077389,-0.18548493,-0.1496387,0.029319415,0.016283441,0.037212547,-0.0010200533,-0.00813081,-0.087137684,-0.032083113,-0.89207387,-0.60747313,-0.044464856,-1.675995,-0.047899403,0.009645948,0.034479573,0.030918103,0.010556606,0.0024028458,0,0.00017494288
-0.42692354,0.008559815,-0.4616082,-0.02505717,0.08254261,-0.06675255,0.053969532,0.01655973,-0.07421976,-0.06474161,0.0076655364,-0.026246715,-0.5589381,-0.21565448,0.005053127,-0.3651313,-8.64364e-06,-0.0570645,-0.014488649,0.002785978,-1.8380779,-0.69617873,-0.040682625,1.8001829,-0.008633936,0.026718577,0.18029013,0.10581175,-0.00030638004,0.007039069,0,0.06695186
-1.0284736,-0.18631032,-0.3061651,-0.013262792,0.04017677,-0.36252356,0.032286655,0.011089689,-0.15099522,-0.40674445,0.0022236686,0.045363788,-0.1667652,-0.011889198,0.0012431745,0.046926107,-8.64364e-06,-0.014661668,0.009707594,-0.03737284,-1.4780048,-0.7465483,-0.052409314,-1.7547518,-0.067914166,0.011135181,0.051567923,0.0337124,-0.0005555262,-0.22871974,0,0.001205577
-0.7880244,-0.85348535,-0.07072069,-0.026702577,-0.08940657,0.28103787,-1.5570143,-0.53157896,-0.0032427912,-0.068356626,0.0028652512,-0.32762808,-0.29630005,-0.03892076,0.010696899,-0.21779174,-0.0010200533,-0.12454972,-0.1050993,0.0060239886,-0.87918586,-0.48774678,-0.07201672,-1.6227335,-0.03975655,0.0077001094,0.0036431279,0.05142081,0.010912541,0.003099145,0,0.00040354038
-0.122042224,0.03491201,-0.16133878,0.05979009,-0.09326424,0.09093687,0.039840568,0.022093896,0.25168985,0.51468885,0.0076449392,-0.16209896,-0.06871743,0.030828187,0.0042232876,0.07448526,-4.9424183e-05,-0.012943195,-0.01859402,0.0025770618,-0.17475408,-0.1143206,-0.027901728,2.4022448,-0.014009913,0.03068378,0.23943166,0.14153497,-0.0003299028,0.007343122,1,0.9522858
-0.7437935,-0.2649838,-0.12738585,-0.020637942,0.07545865,0.07615112,0.05238475,0.016715156,-0.023961991,-0.10296055,0.0083418805,-0.11234347,-0.1983971,-0.2303148,0.0052583157,-0.4685867,-8.64364e-06,-0.053838614,-0.011134918,0.0010994959,-1.4657991,-0.51297206,-0.028922237,1.8945454,-0.014615959,0.025482511,0.1820678,0.11026113,-0.0002780885,0.007039069,0,0.12818788
-0.8403667,0.0064161187,-0.34174356,-0.009847086,-0.17406364,0.015093594,0.024742903,0.008328266,-0.16110878,-0.4273829,0.0017934812,-0.26998052,0.032417584,-0.009636944,0.0012167244,0.04341143,-2.2618437e-05,-0.015271993,0.005235592,-0.056546316,-1.5086486,-0.6780471,-0.053269222,-1.7693002,-0.062043298,0.011217006,-0.65534496,0.046237234,-0.00026916756,0.0023206142,0,0.0010846535
-0.49516797,-0.20611589,-0.18646352,-0.031740192,-0.22701329,0.042228688,0.042692587,0.017555224,-0.19143336,-0.11387096,0.00782276,0.08305391,0.037284974,0.019607507,0.0038052455,0.09611437,-8.64364e-06,-0.039865613,-0.004400342,-0.029020157,-1.8751678,-0.37309444,-0.023157608,1.7734761,-0.0133336475,0.02849205,0.18684626,0.114732966,-0.0002780885,0.007039069,1,0.20745645
-0.8565468,-0.115891084,-0.21270336,-0.021207955,-0.094639696,0.04781888,0.047227193,0.022697961,-0.031694546,0.16332641,0.0072148507,-0.46487665,-0.105367936,-0.018594973,0.0039495304,0.05201481,-4.9424183e-05,-0.015610082,-0.011364653,-0.011546637,-0.50982416,-0.6772963,-0.023497414,2.024956,-0.016388085,0.03036515,0.2170449,0.1367804,-0.00042043126,0.007343122,0,0.39706022
-0.7837151,-0.1552945,-0.42315635,-0.08300697,0.07251641,0.038749684,0.054029,0.016593227,-0.0114188185,-0.028683016,0.008478819,-0.09470613,-0.34387562,-0.06129931,0.0050670523,-0.4468315,-8.64364e-06,-0.05839609,-0.04514535,0.002381892,-1.699811,-0.3352173,-0.042086303,1.8382338,-0.012785921,0.02819012,0.1981727,0.11556057,-0.0002818554,0.007039069,0,0.09694366
-0.21634132,0.0015242845,-0.60599303,-0.009159824,0.0026145868,-0.53787,0.024113871,0.0094445245,-0.05426687,0.003559081,0.0027195525,0.10144973,0.048221983,0.030438209,0.0015506954,0.043850247,-8.64364e-06,-0.02010711,-0.0053271684,-0.050513405,-1.4483553,-0.5896804,-0.056252547,-2.2959664,-0.05190091,0.0143134985,0.07558886,-0.89525497,-0.0006004327,0.0029794767,0,0.0015527465
-0.32167304,-0.2533612,-0.13994548,-0.012569085,-0.016394695,-0.007572862,0.02822319,0.009076798,-0.20856121,-0.40594605,0.002045338,0.061209712,-0.577603,-0.21991736,0.0012172878,-0.024724754,-8.64364e-06,-0.019534482,-0.008037607,-0.046746705,-1.3474287,-0.63833976,-0.044067144,-1.9305879,-0.048042398,0.008537538,0.059393056,-0.80695784,-0.00054274127,0.0023567537,0,0.0010093364
-1.4655877,-0.11029816,-0.32292345,-0.027218549,-0.022055387,0.00661615,-2.0369518,-0.57360965,0.13850516,-0.20814873,-0.80597085,-0.3874127,-0.18385966,-0.04089081,-0.45435274,0.07004777,-8.64364e-06,-0.030744389,-0.06073739,0.0016446146,-1.5797995,-0.3576624,0.03974062,1.2024006,-0.0145649705,0.012642298,0.10316999,0.06005462,-0.0024635047,0.003078508,0,0.00087683974
-0.14014941,-0.0772787,-0.33194143,-0.0243443,0.07355362,0.028575275,0.04552006,0.025015967,0.20632379,0.31255823,0.007036986,-0.50911164,-0.0017755635,-0.02234041,0.0039800447,0.088008024,-4.9424183e-05,-0.0074715526,0.021208024,-0.014126975,-0.36441046,-0.61772805,-0.02264133,2.1012187,-0.019195471,0.03046929,0.16088347,0.13949391,-0.0004139643,0.007343122,1,0.75161856
-0.6865671,-0.24544995,-0.31890103,-0.032566782,-0.14718778,-0.4771958,0.037947793,0.023125192,0.21888778,0.5380968,0.007517704,0.08680194,-0.06843552,0.060928944,0.0042718947,0.08912506,-2.516625e-05,-0.004996186,0.011793579,-0.010976847,-0.15986758,-0.17762005,-0.03221521,2.2874937,-0.019521348,0.030745883,0.22686256,0.13506743,-0.00027141845,0.007343122,1,0.8011129
-0.6637873,-0.13333793,-0.36925557,-0.061330557,0.07845343,0.098039,0.049391318,0.024158059,-0.013020193,-0.12878439,0.0075817537,-0.1971639,-0.30274487,-0.024590243,0.0040946477,-0.32012823,-4.9424183e-05,-0.0062943157,-0.027996456,0.003356516,-0.16358067,-0.2772168,-0.03619704,2.1902761,-0.017577581,0.029325524,0.2360862,0.13383454,-0.00037953694,0.007343122,1,0.53184605
-1.4367505,-0.14160246,-0.3645315,-0.021381376,-0.37726367,0.029061731,0.03560293,0.011800492,-0.593746,-0.8006218,0.0016265545,-0.04250092,0.05942823,0.016607529,0.0010276174,0.025141878,-2.2618437e-05,-0.019472983,-0.04460402,-0.036978215,-1.5029107,-0.37190217,-0.04261054,-1.443793,0.29779693,0.01692197,0.08811814,0.043357387,-0.00023234129,0.004334671,0,0.0013570957
-2.0133948,-0.2585475,-0.42071208,-0.075631104,0.053602196,-0.11161934,0.040485095,0.018812777,-0.030109042,-0.01860851,0.0059454385,0.033079598,-0.461301,-0.15560028,0.003008161,-0.33531678,-2.2618437e-05,-0.014949701,-0.11796282,-0.05556796,-1.1630352,-0.07034095,-0.03691056,1.6737727,-0.008134386,0.026634166,0.16775024,0.09607823,-0.0003013141,0.007343122,1,0.038697995
-0.6010001,-0.209603,-0.2068707,-0.036428552,0.2779559,0.0026783284,0.029371485,0.00981753,-0.049637854,-0.06207272,0.0027516452,-0.030160025,-0.071832195,-0.007630561,0.0017434405,0.02918494,-8.643641e-06,-0.030321449,-0.04249647,0.03909467,0.69240683,0.76270777,0.1801317,-1.1469643,-0.01557243,-0.014151382,-0.70819545,0.023367599,-0.00022811537,0.0029202527,1,0.23685724
-0.4733703,0.043872975,-0.41743964,-0.018354526,-0.06762639,0.02676161,0.05161437,0.019848937,-0.0752879,0.122489735,0.0073997267,0.056703527,0.033042282,-0.020868324,0.004284982,0.07999019,-1.322949e-05,-0.016227117,0.010102111,-0.013993574,-0.17125829,-0.55168235,-0.02434454,2.2677913,-0.015079122,0.029365817,0.24213038,0.13073856,-0.0003967943,0.007343122,1,0.7818691
-0.791284,-0.054037575,-0.18935652,0.094949506,0.09699853,0.056542333,0.05025641,0.0141791785,-0.44795543,-0.9291165,0.0038761224,0.105181545,0.08471991,0.009075677,0.0028612968,0.07895046,-8.64364e-06,-0.032854475,0.003825169,-0.030860955,-1.9681467,-0.29059377,-0.029573105,1.587747,-0.016710004,0.02314984,0.14461741,0.08645334,-0.00025129208,0.0048891553,1,0.08920152
-0.49103552,-0.3165245,-0.15413424,-0.02491944,-1.0444658,0.10662985,0.04084016,0.026399428,-0.15352064,-0.30277422,0.0071754865,0.040155653,-0.48626903,-0.2186085,0.0036467656,0.029115958,-4.9424183e-05,-0.010791859,-0.030680677,-0.0118634915,-0.13144071,-0.5453665,-0.024272425,1.9521192,-0.01870895,0.027952772,0.22374047,0.13572173,-0.00042021007,0.007343122,1,0.20489885
-1.377344,0.12160137,-0.40641537,-0.019914957,0.16799684,-0.40779582,0.04875395,0.02022196,0.008488156,0.09789492,0.007456567,-0.08566594,0.029317029,0.052076943,0.004221418,-0.09456622,-1.322949e-05,-0.026897928,-0.07073943,-0.008301769,-0.15651344,-0.248614,-0.028927783,2.18088,-0.019345097,0.029362172,0.22320132,0.1182628,-0.00039709487,0.007343122,1,0.5435596
-1.1119199,0.024644535,-0.44956237,-0.02022163,-0.10105239,0.12582889,0.04312462,0.020037295,0.26809958,0.4622688,0.008401457,0.024653105,-0.057343032,0.051209703,0.0056776684,0.12374904,-2.2618437e-05,-0.020386908,0.008132165,-0.0023441026,-1.3913525,-0.25096086,-0.024460176,2.0443916,-0.016322784,0.028841067,0.2143703,0.12417249,-0.0002271129,0.007039069,1,0.5368129
-0.8808044,-0.40250286,-0.22646135,-0.04795727,0.29368347,-0.012813825,0.025868831,0.010161171,0.07611995,0.10177386,0.0027262813,-0.060555715,-0.030358007,-0.061272666,0.0017619567,0.03371635,-8.643641e-06,-0.30249047,-0.1331331,0.026976885,0.39480096,0.5203983,0.15033531,-1.6103404,-0.015927816,-0.043521713,-0.04842642,-0.7735757,-0.00029533246,0.0029794767,0,0.047421854
-0.7743872,0.0026757855,-0.075411454,0.045018896,-0.17362934,-0.37332544,0.027359366,0.008026461,-0.24302505,-0.6524867,0.0019038933,-0.01572124,-0.13375397,0.0069534276,0.0011128765,0.04958704,-8.64364e-06,-0.013813277,-0.025676057,0.023861006,-1.4072,-0.52446324,0.09547902,-1.4487833,-0.055845212,0.0067605553,0.048564434,-0.7832951,-0.00047779852,0.0022042019,0,0.0017045544
-1.4127187,0.061821926,-0.19608751,0.15352549,-0.64108485,0.050148994,0.03225115,0.019536238,-0.19115809,-0.052234385,0.007505323,-0.09562501,-0.03201013,-0.1972641,0.0039826217,-0.3500752,-1.322949e-05,-0.008925306,-0.057873454,0.00083804276,-0.10299967,-0.27482623,-0.026209364,2.0343347,-0.013653057,0.026615072,0.19552793,0.1271733,-0.00036560989,0.007343122,1,0.28425202
-1.2492,-0.18209939,-0.3213352,-0.017312292,0.009705477,-0.3587767,0.027063701,0.009955355,0.07843533,0.15602422,0.0023628634,-0.057933856,0.045062162,-0.0026320266,0.0015042699,0.058592334,-8.64364e-06,-0.012116589,-0.02839012,0.008621193,-1.0267882,-0.720984,-0.054170486,-2.3530927,-0.05761807,0.01118991,-0.71788436,0.057678536,-0.00029275008,0.003000453,0,0.0012512155
-0.80144525,-0.7850873,-0.11946162,-0.03370315,-0.19361526,0.07433006,0.069638826,0.027726935,-0.17036016,-0.5644189,0.005932195,-0.41937852,-0.027222998,-0.0282571,0.003486844,0.061305836,-9.558551e-05,8.518112e-05,0.0030369794,-0.014745324,0.113969564,-0.36142853,-0.026646098,1.9579092,-0.014015765,0.019982433,0.1671571,0.086470015,-0.000710457,0.004750503,1,0.27772865
-0.24389765,-0.17256276,-0.15881047,-0.03799612,0.29159963,0.041209243,0.028876798,0.008230062,-0.14577824,-0.26554364,0.0020662826,0.09751728,-0.08288014,-0.006198057,0.0012414892,0.029047262,-8.643641e-06,-0.023152139,-0.038635954,0.03813922,0.672767,0.74049485,0.170211,-0.8495587,-0.015489122,-0.015752636,-0.6001454,0.012811667,-0.0001914793,0.0023206142,1,0.3749555
-0.23603345,-0.04586876,-0.3773181,0.044422694,0.00058712147,-0.3092742,0.027989917,0.006778847,-0.25430757,-0.64026845,0.0016685433,0.032375854,0.051594835,-0.017100133,0.0011963771,0.043516096,-8.64364e-06,-0.01832115,-0.00031034986,-0.057997584,-1.2866435,-0.59044,-0.047912914,-1.6296245,-0.06285946,0.008793336,-0.5388573,0.04415066,-0.00026808097,0.0021707695,0,0.0029029672
-0.81033915,0.012420961,-0.2533058,0.051108357,-0.16254787,-0.07259731,0.02846351,0.022025779,0.23228754,0.40865833,0.007017251,-0.34997922,0.105928056,0.013949091,0.004184537,0.005118345,-2.516625e-05,-0.017598435,0.010792396,0.0021600984,-0.32043996,-0.7624655,-0.024477676,2.187131,-0.015884649,0.031722553,0.1969649,0.14635321,-0.0002433067,0.007343122,1,0.6665848
-1.2682203,0.049098272,-0.5200962,-0.010782672,-0.0622614,0.27416033,0.028806288,0.008825158,-0.09193826,-0.15243979,0.002759546,-0.115264796,-0.24095406,-0.028880326,0.0016981513,-0.27438217,-8.64364e-06,-0.036209762,-0.058461346,0.0062655024,-1.3006439,-0.6694442,-0.09770106,-2.0936294,-0.057239577,0.014061599,-0.69185233,0.049032155,-0.00031110412,0.0029202527,0,0.00065905665
-0.924579,-0.042056378,-0.052850377,0.04284137,-0.00052501203,-0.06270697,0.027540796,0.0092722,-0.06876503,-0.04400282,0.0023874533,-0.36510628,0.07192843,0.031140147,0.001583653,0.013159452,-8.64364e-06,-0.014188114,0.0026841138,-0.060064636,-1.4585451,-0.81391907,-0.05180701,-1.9708204,-0.067554496,0.011166014,-0.74554884,0.046913233,-0.00028535945,0.0029202527,0,0.0015456805
-1.04764,-0.28227913,-0.19365473,-0.017137716,-0.4849995,-0.017528106,0.027196327,0.009064769,-0.24499018,-0.54413116,0.0016461326,-0.08129852,0.009464045,-0.0200611,0.0010871765,0.060822647,-8.64364e-06,-0.004984515,0.0034689659,-0.032100312,-1.3874768,-0.7873997,-0.07385243,-1.6881658,-0.053982254,-0.704191,0.05849419,0.036132533,-0.00059444306,0.002472296,0,0.00058251206
-1.1927084,-0.7073265,-0.15490326,-0.011745798,-0.09257946,-0.14055982,0.04180677,0.0133254,-0.35973248,-0.6983708,0.00156167,-0.034128375,0.049191687,-0.018235188,0.0010577592,0.03986931,-4.044135e-05,-0.0067335204,0.008909991,-0.032852884,-1.2435876,-0.4403294,-0.044391416,-1.3731197,0.15511194,0.015183795,0.06555221,0.05798247,-0.0004420093,0.0041136323,0,0.002262386
-0.92352283,-0.043112997,-0.09967719,0.055002734,0.0075645573,0.07890598,0.049059194,0.023688795,-0.12298692,0.08199373,0.0070046764,-0.3650598,0.016893772,-0.031883296,0.0040004314,0.07390353,-4.9424183e-05,-0.004404267,0.00027621863,-0.015128709,-0.21797419,-0.53828007,-0.02513812,1.9817382,-0.019861257,0.029205386,0.21657258,0.137467,-0.00048705217,0.007343122,1,0.59196806
-0.6967572,0.037519902,-0.3396002,-0.028203392,0.022013592,0.1317963,0.051862508,0.017941713,0.28060704,0.43278506,0.0072462503,-0.04394078,-0.06404663,0.012841599,0.0040729046,0.11826856,-8.64364e-06,0.013303531,0.001812127,0.0065656807,-1.0388762,-0.23491764,-0.030260177,2.1854928,-0.015489271,0.029369373,0.23432642,0.11863226,-0.00031785865,0.007343122,1,0.773895
-1.405761,-0.7120242,-0.13703029,-0.015962567,-0.11437127,-0.016313974,-1.5151055,-0.2891936,-0.24911992,-0.51190794,0.0017218607,0.009281329,0.013697561,-0.026972672,0.0074547175,0.051718738,-4.044135e-05,-0.005257529,-0.06740932,-0.032089617,-1.2302579,-0.7407629,-0.04605782,-1.2997328,-0.041448295,0.008596224,0.043668494,0.022326304,0.0028071892,0.00224216,0,0.00025239697
-1.3859742,-0.26143858,-0.16910397,-0.015512636,0.004751049,-0.45435435,0.028229643,0.010092229,-0.023125261,0.011565009,0.0022619965,-0.09657455,-0.13074116,0.0036148783,0.0014331837,0.064729504,-8.64364e-06,-0.019484056,-0.07690139,-0.03317747,-1.2725126,-0.57582784,-0.04707048,-1.8320993,-0.048385125,0.0111401295,-0.7424465,0.028839855,-0.00033788529,0.0028597396,0,0.000905149
-0.6272835,-0.36907035,-0.3320582,-0.0058923666,0.3008981,-0.0021091988,0.029271519,0.009933669,-0.027653482,-0.03219279,0.0027194098,-0.02256727,-0.08627031,-0.02809449,0.0017368211,0.03097551,-6.685659e-06,-0.01445662,-0.06847907,0.04048223,0.5124873,0.69318926,0.18013662,-1.055873,-0.016256992,-0.0060071135,-0.5965376,0.012323063,-0.00022811537,0.0029202527,0,0.18771768
-0.6703219,0.07093371,-0.45022517,-0.0067058792,-0.103906706,-0.36234206,0.04109123,0.022304993,0.19226274,0.46369073,0.0074044014,-0.4613949,-0.045054812,-0.054827485,0.004390543,0.043950304,-4.9424183e-05,-0.009891453,0.0069632074,-0.011584738,-0.21367161,-0.23523048,-0.024818495,2.2692351,-0.02066202,0.03217881,0.23381133,0.123000324,-0.00040180708,0.007343122,1,0.7019342
-1.5135611,-0.9045939,-0.15446098,-0.0269676,-0.3073959,0.012314514,-1.5751737,-0.49541995,-0.037244882,0.0006450176,0.0021542117,-0.32887423,-0.047628194,-0.06126687,0.01646399,0.015400952,-9.558551e-05,-0.06254763,-0.0702262,0.0035797514,-0.8914733,-0.50691384,-0.0739636,-1.9055187,-0.037444375,0.010781948,0.058080003,0.037514087,0.0034860452,0.003099145,0,0.00014651997
-0.7743817,0.028801944,-0.00094039744,0.036957633,0.24098913,-0.58007574,0.04186566,0.010700228,-0.18581513,-0.5391988,0.0017686912,0.02073919,0.053025868,0.027152453,0.0011491441,0.032892298,-8.64364e-06,0.00023438966,-0.024906617,0.010212657,0.16365467,0.17242968,0.07777827,-0.4996446,0.2128847,-0.031537652,0.013823573,0.053989038,-0.00021533247,0.004334671,1,0.19430338
-0.8630644,-0.19300906,-0.2715941,-0.038404085,-0.10116045,0.038739227,0.032764565,0.008750538,-0.21151303,-0.347235,0.0022695353,-0.07760516,-0.13203882,0.012732291,0.0011423238,0.054647766,-6.685659e-06,-0.010573468,0.0011348586,-0.051258974,-1.463939,-0.7657727,-0.067799665,-1.8696887,-0.055738542,-0.7627954,0.020601572,0.058710564,-0.00056019216,0.002780712,0,0.0008749845
-0.4550331,-0.13006124,-0.19134793,-0.026711715,0.03576796,0.0664006,0.05651675,0.018022452,0.23107967,0.43405813,0.008479306,-0.03280015,-0.074630685,0.019313999,0.0056190803,0.10479508,-8.64364e-06,0.011269154,0.0037204074,0.0075244224,-0.8821766,-0.1750686,-0.033251505,2.219314,-0.014894279,0.027534861,0.21008395,0.121061906,-0.0002818554,0.007039069,1,0.82925946
-1.398431,-0.2773795,-0.18179901,0.01264753,-0.29015192,-0.3059596,0.021134233,0.009142746,-0.13099651,-0.3849103,0.0016787562,-0.024472037,0.008339249,-0.053727094,0.0011438767,0.03718755,-8.64364e-06,-0.016351352,-0.10735556,0.010002298,-1.4925772,-0.882361,0.0651869,-1.6706209,-0.056732144,0.0071429308,0.040152177,-0.7270978,-0.00039500184,0.0023567537,0,0.00041944452
-1.0484983,0.031324174,-0.2914406,-0.015224627,-0.14420278,0.37921605,0.045361158,0.024976876,0.1871316,0.3567821,0.0070911665,-0.091891535,-0.0807131,0.03677728,0.003939149,0.069161795,-4.9424183e-05,-0.0062534395,0.00806258,-0.014134164,-0.3153714,-0.567533,-0.025156587,2.1173894,-0.019210165,0.032937806,0.19816175,0.13629696,-0.00032525993,0.007343122,1,0.73711026
-0.8969542,-0.18126504,-0.2737109,-0.0035954972,-0.068595394,-0.14110716,0.026019078,0.012870143,-0.038659304,-0.12606588,0.0027384274,-0.29314968,-0.17590082,-0.029728405,0.001471131,0.019866036,-2.516625e-05,-0.017285472,0.02639882,-0.021546312,-1.0945709,-0.61303985,-0.04661198,-2.4781723,-0.069507055,0.015127101,0.060882267,-0.9494653,-0.0006800534,0.003061155,0,0.00064724
-0.15110001,-0.12604074,-0.4256686,-0.012532354,0.09662856,-0.10749643,0.05722153,0.017042976,0.19566743,0.32290548,0.008344157,0.059592664,-0.15319005,-0.6254009,0.0057046344,0.12517707,-8.64364e-06,-0.025945412,0.004141215,-0.016134549,-1.2545177,-0.20192793,-0.023746764,2.140629,-0.01579592,0.029391179,0.21739152,0.1270081,-0.00030013744,0.007039069,1,0.5703137
-0.9942047,-0.34558994,-0.3016641,-0.021447388,-0.11492276,-0.7142729,0.04201632,0.03015725,-0.10258306,-0.19218881,0.0068566613,0.1836429,-0.3047128,-0.026785098,0.0038733832,-0.3125944,-2.516625e-05,0.0008545654,-0.04450603,0.003436242,0.14388904,-0.3764077,-0.027936546,1.9224772,-0.017541826,0.026420448,0.16743842,0.13873605,-0.0004884456,0.0071220826,1,0.22936529
-1.0822822,-0.18818314,-0.20077103,-0.013159276,-0.027810115,0.16756208,0.030227251,0.009653247,-0.080224305,-0.05982856,0.0026765654,0.048233967,-0.14563973,-0.016520595,0.0014833476,0.051255893,-8.64364e-06,-0.016326135,-0.00016881198,-0.037852265,-1.30434,-0.7787792,-0.05729547,-2.0070617,-0.060064618,0.009154458,-0.68528813,0.050825246,-0.00028905517,0.0029202527,0,0.0016942
-1.6369636,0.026696153,-0.15461878,0.060772385,0.09839879,-0.29299757,0.042853743,0.024400283,0.04910731,-0.05846274,0.0071540587,0.18408552,-0.3207783,-0.07425364,0.003370093,-0.15774396,-2.516625e-05,-0.0103738,-0.0023618513,0.0015309016,0.019485863,-0.51223177,-0.02860093,1.8654809,-0.01909211,0.014516505,0.20028022,0.12889068,-0.00049329794,0.007343122,1,0.3715489
-0.8424703,-0.0012348898,-0.4667467,-0.01253185,-0.14872578,0.068991676,0.02482741,0.008709479,-0.1957306,-0.5514702,0.001662285,-0.31807363,0.04834501,0.0006372417,0.0010784151,0.048568953,-4.9424183e-05,-0.010400684,0.005730058,-0.036817547,-1.0163176,-0.5662844,-0.049991492,-1.9536841,-0.058486156,0.0067300345,-0.80887806,0.03668986,-0.00030749675,0.0023560994,0,0.0011408726
-0.45499352,3.82257,-0.031185593,-0.02560245,0.07440934,-0.37619653,0.0374096,0.014987056,-0.020484872,0.18117112,0.011404512,0.15672275,0.07047021,0.05532998,0.0052149906,0.11772723,-8.64364e-06,-0.0154877445,-0.0004679792,-0.013720711,-0.8147897,-0.30725524,-0.022896523,2.2918627,-0.0118955,0.030508408,0.21173263,0.12559403,-0.00029323337,0.007343122,1,0.99410784
-0.5798704,3.5801263,0.0474911,-0.016536297,-0.36604923,-0.1809747,0.040317733,0.014066862,0.01087622,-0.020492831,0.012381261,-0.071392834,-0.049273927,-0.4735154,0.006367571,0.06818911,-8.64364e-06,0.0027540198,0.0057742517,0.0018850146,-0.7969561,-0.3527684,-0.023554577,2.2454307,-0.013109505,0.027671633,0.21263167,0.106911644,-0.00023822542,0.007039069,1,0.9693569
-0.12585203,3.114244,0.029992988,0.112376876,-0.27567175,-0.47132275,0.03318888,0.01926707,0.21406265,0.38916394,0.011597475,0.1369575,0.036420256,0.0065649846,0.00543962,0.092471704,-4.9424183e-05,-0.008437912,-0.0018489774,-0.009116433,-0.15220892,-0.15248193,-0.020477548,2.4823878,-0.013545238,0.033092864,0.2329048,0.13370927,-0.00036601626,0.007343122,1,0.9971819
-1.1210568,0.14631006,-0.745361,-0.003706236,-0.65959156,-0.23540843,0.06501695,0.033085324,0.2599464,-0.0557638,0.001723374,0.13831553,-0.050810486,-0.121734396,0.0010113149,0.034020875,-1.322949e-05,-0.0092713665,-0.002179734,-0.015776388,0.37824485,-0.27585876,-0.020222923,-1.1164343,0.9114284,0.02082977,0.13399535,0.08816593,-0.00032649183,0.004417057,1,0.09903881
-0.72107047,-0.44843766,-0.21907659,-0.024217276,-0.26743427,-0.28563377,0.040806077,0.0244972,0.017090682,-0.009686373,0.0071689803,-0.13289516,-0.018812397,-0.05675691,0.0039870157,0.024480086,-4.9424183e-05,-0.0074794004,-0.014341735,-0.0100895995,-0.22476114,-0.07723637,-0.023659004,2.1899567,-0.013501115,0.029253842,0.21788506,0.12730877,-0.00041493608,0.0071220826,1,0.53570336
-0.7851456,-0.016744705,-0.03106687,0.115950316,0.03554745,0.022060415,0.050200153,0.023454433,-0.09227038,0.05479482,0.007178312,-0.34860462,-0.09929146,0.023821954,0.0040201396,0.048112202,-4.9424183e-05,-0.007305022,-0.0022108753,-0.014322925,-0.18899867,-0.53181905,-0.023656767,2.0821757,-0.020308048,0.03070091,0.19860815,0.13178799,-0.00049329794,0.007343122,0,0.664301
-1.3171661,-0.058421496,-0.43053734,0.04231113,-0.34109676,0.0041792803,0.024091639,0.008761351,-0.31720573,-0.65047073,0.001640995,0.039511025,0.033167947,-0.009677129,0.001098928,0.03943983,-2.2618437e-05,-0.016732348,-0.08056909,-0.04097719,-1.5186534,-0.70947576,-0.044565883,-1.662326,-0.07602317,0.009191752,0.002449712,-0.7297665,-0.00053337385,0.0022042019,0,0.00041487376
-0.26134712,0.008622005,-0.14107487,0.053462885,0.053728648,-0.36162588,0.05102593,0.022461504,-0.086360164,-0.058876496,0.0068730423,0.26426068,-0.27206203,-0.035383884,0.0037931565,0.014583892,-4.9424183e-05,-0.004023283,0.0028610134,-0.014383642,-0.009038851,-0.55294746,-0.023232916,2.1150234,-0.02411097,0.027041413,0.2178425,0.13546817,-0.00049329794,0.007343122,1,0.75922465
-0.82339126,-0.24888636,-0.26393944,-0.054985374,-0.37831298,0.048608683,0.037587933,0.01123811,-0.183054,-0.43180755,0.001911847,-0.25882512,-0.119099624,0.014155412,0.0011056764,0.03252901,-4.9424183e-05,-0.002081022,0.0030365314,-0.039098598,-0.7124528,-0.4575401,-0.04565519,-1.9445318,-0.068487056,0.010946225,-0.7299616,0.05938069,-0.00033214554,0.0023560994,0,0.0014560332
-1.4327615,-0.21748737,-0.23681961,0.0072413892,-0.031204037,-0.30787414,0.025205953,0.008843116,0.076981194,0.1388513,0.0027449839,-0.069367304,-0.085467085,0.028813956,0.0017816398,0.044724733,-6.685659e-06,-0.026833944,-0.019074291,0.0071862075,-1.0787159,-0.547735,-0.059175134,-2.4584923,-0.062335502,0.0085794125,0.07031727,-0.87486905,-0.0005769926,0.0029794767,0,0.0008448629
-0.19140035,2.9856482,-0.19505152,-0.010917301,0.1172005,-0.08330063,0.038587123,0.018975593,0.19694471,0.37734425,0.011413475,-0.13807529,0.04737993,-0.03830832,0.00520343,0.02589256,-4.9424183e-05,-0.00972272,0.0039612125,-0.006932441,-0.23432642,-0.10048958,-0.021627871,2.440471,-0.013228813,0.03386707,0.24691275,0.13297942,-0.00038224278,0.007343122,1,0.99651355
-0.5524741,-0.012433307,-0.1570722,0.030271567,0.24664676,0.09698105,0.03589204,0.009230616,-0.21530798,-0.42181295,0.0017685968,0.07297936,-0.0021819924,0.0033019017,0.0011491441,0.047735423,-8.643641e-06,-0.012788246,-0.0353583,0.029488849,0.48413828,0.38912138,0.15338142,-0.88720226,-0.01776232,-1.0586745,-0.03669986,-0.019049192,-0.00027884525,0.0025372817,1,0.13998343
-0.7561184,-0.07977479,-0.2951294,-0.026956944,-0.08599154,0.08544646,-1.4796406,0.11200667,0.25196514,0.3624938,0.012403523,-0.045638204,0.14745247,0.007630971,0.014958221,0.15009448,-8.64364e-06,0.028191984,-0.02356284,0.0076474906,-1.0378356,-0.17166422,-0.030931529,2.0034125,-0.013236466,0.023110723,0.17071536,0.09104972,-0.001102864,0.004290281,1,0.36223677
-1.4250538,-0.24254104,-0.21091338,-0.01852464,-0.0658411,-0.34973744,0.02850058,0.0095093455,0.077586144,0.168903,0.0024631012,-0.058476046,-0.11949036,-0.003831329,0.0015120074,0.042951237,-8.64364e-06,-0.112480916,-0.006499693,0.0032318665,-1.2838111,-0.6252553,0.08144364,-1.9662335,-0.046932414,0.004971587,-0.73590547,-0.013602028,-0.00027491304,0.0029202527,0,0.0010558335
-0.60531944,3.5172572,0.051674616,0.12684134,-0.21731731,0.0034435221,0.021468544,0.014192163,0.060115147,0.06396682,0.011290928,-0.24625406,0.22727607,0.12361422,0.005541172,-0.06163939,-2.2618437e-05,-0.026729353,-0.01367516,0.003324936,-0.67539334,-0.44538373,-0.024952913,2.1432035,-0.014908377,0.030793546,0.18262647,0.12152678,-0.00022289176,0.007343122,1,0.9877842
-0.8145073,-0.23400989,-0.14625773,-0.050176308,-0.06323923,-0.018248394,0.03018287,0.007641849,-0.1501173,-0.40832493,0.0022377241,-0.11212229,-0.09764402,0.005195585,0.0011201596,0.05321381,-1.322949e-05,-0.0037333264,0.002754943,-0.03807352,-1.0672371,-0.83793443,-0.050810024,-2.153359,-0.047642242,0.008848217,-0.669352,0.051175322,-0.0003369138,0.0022955863,0,0.0011243541
-1.5015544,0.09514747,-0.4412842,-0.020025972,0.120369464,-0.36372995,0.04709658,0.017241776,-0.023156699,0.044128697,0.0070012272,-0.11813754,-0.08896875,0.054849554,0.0040402655,-0.14781426,-8.64364e-06,0.0012791397,-0.076255865,-0.003842485,-1.4473206,-0.22864546,-0.043519188,1.8485689,-0.018553987,0.02421696,0.17090844,0.11054248,-0.00031785865,0.007343122,1,0.1233212
-0.7370763,-0.09421857,-0.21190496,-0.019344859,-0.09078379,0.06842573,0.051037967,0.02103387,0.22157964,0.5336363,0.0075086635,0.059290852,0.004426521,-0.007820338,0.0042927614,0.10380347,-1.322949e-05,-0.011187349,0.009712032,-0.0108414525,-0.096159294,-0.3443161,-0.02456155,2.3696165,-0.014724963,0.029653635,0.24125268,0.13426302,-0.00037474534,0.007343122,1,0.9013756
-0.7238445,-0.6818875,-0.08420431,-0.011837022,-0.056576516,0.011190735,0.029986117,0.017225401,-0.07292419,-0.09666881,0.0023695666,-0.35974896,-0.08842938,0.01571801,0.0013489511,0.039804533,-4.044135e-05,-0.010180034,-0.0004162173,-0.0538494,-1.60223,-0.59615594,-0.055391047,-1.7906426,-0.033653382,0.010496275,0.06484996,-0.88829404,-0.0009828826,0.0029177177,0,0.00090832566
-0.5378534,0.0076575023,-0.10605596,0.08479156,-0.050341148,0.06649716,0.044149134,0.0189075,0.2496174,0.47304523,0.007246158,0.07463261,-0.04437444,0.031108076,0.004329023,0.12528646,-8.64364e-06,-0.01859734,0.0069272434,-0.017749852,-1.2072533,-0.47185177,-0.024948537,2.1310985,-0.017420068,0.02851414,0.22009183,0.12092858,-0.0003093679,0.007343122,1,0.7710875
-0.99295217,-0.124989234,-0.34227324,-0.009486652,-0.1359371,-0.0007199125,0.029534187,0.00886916,-0.061267294,-0.12243583,0.0023692462,0.039281502,-0.06384627,-0.45382103,0.0015067791,-0.22278818,-2.2618437e-05,-0.035305463,-0.058036234,0.007509219,-1.1987123,-0.6011064,-0.07524029,-2.1605945,-0.060398012,0.013342674,-0.7732159,0.056274224,-0.0002906718,0.003000453,0,0.00065994187
-0.8696631,-0.5374196,-0.04486203,-0.013531594,0.03168785,-0.22309802,0.030876884,0.01263034,0.065293595,0.10109674,0.0022971563,-0.065706365,-0.23136154,-0.08073052,0.0015833696,0.040397204,-4.044135e-05,-0.009642917,-0.004479032,-0.05104378,-1.4104078,-0.581021,-0.04399329,-1.9555147,-0.031812016,0.013432036,-0.7767292,0.057360858,-0.00065949425,0.0028597396,0,0.0014094495
-0.6164762,-0.019298943,-0.47818357,-0.008468793,-0.110416025,0.20369437,0.031474195,0.010679407,-0.084207535,-0.09129429,0.0025891985,-0.05568481,-0.121898726,0.011336882,0.0014734056,0.03660837,-1.322949e-05,-0.019942475,0.005719864,-0.03721881,-1.0437335,-0.57018524,-0.060746603,-2.549291,-0.04795256,0.01602966,-0.9938498,0.06238242,-0.000401569,0.003000453,0,0.0014785392
-1.2433146,-0.193806,-0.18260963,-0.024072263,-0.110109664,0.060144145,0.0373586,0.029911863,0.15778252,0.2878465,0.0068038036,0.27340013,0.034356933,0.035192672,0.0042068157,0.0211483,-4.9424183e-05,0.005093044,0.0012402909,-0.011036771,-0.07955121,-0.5546109,-0.024273943,2.1224065,-0.016777426,0.027777448,0.19826329,0.12813778,-0.00059219194,0.0071220826,1,0.73232317
-0.7059204,-0.26356468,-0.202904,-0.019225834,-0.12637377,-0.28283796,0.040756248,0.025266005,-0.061298206,-0.173394,0.00712536,0.17330426,-0.24012709,-0.05207153,0.0038842696,-0.15386741,-4.9424183e-05,-0.010830527,-0.0061362367,0.0035725222,-0.007888092,-0.4732424,-0.02846128,2.062243,-0.021236002,0.029019382,0.2113079,0.13109122,-0.00041966542,0.007343122,1,0.46857056
-0.8996832,-0.094143204,-0.21964328,-0.017463017,-0.14714055,0.05306668,0.046553876,0.025352146,0.21639991,0.36286536,0.007036986,-0.29039922,0.0023438907,-0.018420503,0.003998107,0.08632867,-4.9424183e-05,-0.0047936547,0.010854949,-0.0134486165,-0.14605662,-0.540917,-0.023102278,2.1205094,-0.01872386,0.030267283,0.22036447,0.13960715,-0.00041341962,0.007343122,1,0.71249807
-0.5783254,2.848732,-0.26481938,-0.020441748,-0.097208545,0.02775646,0.04322494,0.019381952,0.19958669,0.37229335,0.0115301125,-0.1750235,-0.04240202,0.052579187,0.0051555303,0.07599993,-1.322949e-05,-0.0035265104,0.0019684574,-0.012067926,-0.2505629,-0.00793805,-0.029441567,2.3396182,-0.015602985,0.031597774,0.23326333,0.13175257,-0.00037895958,0.007343122,1,0.9927038
-0.8321245,-0.096083134,-0.3053478,-0.038705952,0.09761784,0.035255745,0.043778878,0.02496195,0.06843285,0.09653144,0.007036305,-0.5570046,-0.037615445,-0.0515717,0.0039435555,0.083689936,-4.9424183e-05,-0.0460584,-0.03776732,0.004309623,-0.49761873,-0.5896383,-0.028445967,2.0431159,-0.018686317,0.030103436,0.15686522,0.13080543,-0.0004139643,0.007343122,1,0.42695472
-0.5693103,-0.2989716,-0.37466246,-0.06332213,-0.019364683,-0.3053729,0.025586693,0.012538257,-0.03714933,-0.13133165,0.0027857057,-0.03296548,-0.25203907,-0.022496298,0.0016991544,-0.2936756,-8.64364e-06,-0.04568696,-0.08621511,0.0028394898,-1.4728769,-0.89375174,-0.09138732,-2.1082437,-0.061649065,-0.89959747,0.07589472,0.05757825,-0.00059340516,0.004005665,0,0.00038238868
-0.8064039,-0.09250016,-0.28500307,-0.04221324,0.0793607,0.08453269,0.04020937,0.024093777,-0.08371401,0.03046692,0.006998055,-0.33121523,0.0202527,-0.03352229,0.0039956537,0.061426852,-2.516625e-05,-0.0018048787,0.00037755456,-0.011141545,-0.16331331,-0.49307504,-0.008899721,1.9408479,-0.017825097,0.030072957,0.18544625,0.13597906,-0.0004139643,0.007343122,1,0.5718458
-1.0629301,-0.15993457,-0.29927927,-0.053340115,-0.008558412,0.04594639,0.037924785,0.019304255,-0.094263665,-0.054928143,0.007217424,-0.13522704,-0.07691604,0.020559518,0.0041051665,0.08044925,-6.685659e-06,-0.019777212,-0.00027064362,-0.013975862,-1.5550295,-0.5721588,-0.0111286985,1.8220518,-0.015209786,0.02805873,0.18945134,0.1146418,-0.000296755,0.007343122,1,0.14841036
-1.0030262,-0.034569398,-0.19513462,0.06681531,0.012253214,0.08218644,0.049005885,0.01739985,0.24121875,0.43130764,0.007244613,0.0776935,-0.07424581,0.019242246,0.0041741855,0.12646478,-8.64364e-06,-0.018163305,0.0058237184,-0.017070046,-1.2070336,-0.41817266,-0.023227917,2.0521955,-0.014723989,0.022446744,0.21775833,0.12528677,-0.00028637366,0.007343122,1,0.6385904
-0.12313904,2.798458,-0.21290304,-0.013430731,0.1258341,-0.034834847,0.04276907,0.02060656,0.15216355,0.2808225,0.011531891,0.12356538,-0.059649374,0.03405083,0.005147428,0.06604946,-1.322949e-05,-0.006201224,0.010293855,-0.011790864,-0.08662656,-0.36595315,-0.022992523,2.4075491,-0.015844516,0.030210812,0.23843831,0.13176735,-0.00037895958,0.007343122,1,0.9960962
-0.76426536,-0.10403921,-0.20852599,-0.02925473,-0.08055339,0.3606447,0.044197027,0.020392459,0.20448093,0.4007674,0.007114222,0.049560554,-0.0020076204,-0.032456398,0.0041474155,0.13290153,-2.2618437e-05,-0.022333799,0.003563377,-0.017755263,-1.054915,-0.1347412,-0.023916459,2.1253223,-0.015753433,0.031165823,0.22006506,0.1308389,-0.00029050923,0.007343122,1,0.77915144
-0.641773,-0.42006516,-0.20512371,-0.012736146,-0.0051142303,-0.19919461,-1.2721568,0.025884671,-0.085591294,-0.2852416,0.0022184616,0.06541489,0.1412105,0.036897916,0.0041537546,0.0023739808,-9.260577e-06,0.0026228174,0.001658288,-0.036565322,-0.5812584,-0.6774972,-0.046011567,-2.2096858,-0.06582318,0.007951003,-0.5251337,0.04294555,0.0010581608,0.0016706226,0,0.0009830499
-0.1796125,-0.04885043,-0.32782295,-0.044942312,-0.1350186,-0.08927215,0.03480421,0.022424694,0.02207166,0.067630745,0.007104299,-0.37581512,0.21296579,0.10546071,0.004308407,0.051634356,-4.9424183e-05,-0.0073551643,-0.014270827,0.0013362296,-0.29688257,-0.74376655,-0.026715236,2.03364,-0.014536626,0.030043505,0.17480357,0.13627757,-0.0003787948,0.007343122,1,0.6492199
-1.0078034,-0.00478453,-0.07579593,0.062652685,-0.19836192,-0.0055805133,0.025127579,0.009930372,0.10360214,0.17296636,0.002702855,-0.06133541,-0.034457788,-0.023769839,0.0018308546,0.043826383,-8.64364e-06,-0.01041634,-0.0014613995,-0.039422397,-1.4680916,-0.8173702,-0.05267307,-2.4116967,-0.070944324,0.011520418,0.07228903,-0.81661814,-0.0005160043,0.0029794767,0,0.0013822885
-0.13216443,3.2887094,-0.21365605,-0.018213011,0.030041007,0.031348433,0.042929027,0.015015037,0.20618679,0.35632536,0.012419483,-0.08252843,-0.0074852295,-0.017242245,0.0067620655,0.12864357,-8.64364e-06,-0.015931124,0.007943032,-0.014129532,-0.88145465,-0.1446754,-0.022639891,2.2805686,-0.011365143,0.029034622,0.21496789,0.12548763,-0.00027927908,0.007039069,1,0.99467874
-1.309918,3.8644953,-0.011989027,-0.017357297,0.11573754,-0.98013693,0.027536206,0.021686483,-0.0045207916,-0.03378893,0.011024807,0.17207566,0.0012335513,-0.06003893,0.0047220695,-0.10177807,-4.9424183e-05,-0.010578749,-0.032740522,0.0026553322,-0.2402591,-0.3998162,-0.022760268,1.97589,-0.014519766,0.03155551,0.17700191,0.12647113,-0.00041644892,0.007343122,1,0.96469593
-0.6861097,3.441899,0.11409933,-0.022021433,0.065082096,0.07690725,0.04271597,0.023608174,-0.17835595,-0.4704334,0.010500868,-0.3066672,-0.08186325,0.033591304,0.0042527514,0.046721857,-4.9424183e-05,-0.0050943503,-0.0034558787,-0.012466411,-0.282673,-0.43535447,-0.021509763,2.0148182,-0.01637221,0.02415606,0.14601335,0.11161899,-0.00032738433,0.004971542,1,0.9745994
-1.3045338,-0.5867752,-0.09324728,-0.00616612,-0.06125529,-0.5177604,0.03464958,0.012810776,-0.10470685,-0.1717857,0.0022185969,-0.061472815,-0.012431342,0.018999742,0.0014166231,-0.029778669,-4.5451732e-05,-0.004920559,-0.08259087,-0.004485262,-1.0272449,-0.5898831,-0.064705975,-2.1820042,-0.032795437,0.006460429,-0.690916,0.06540655,-0.0016432967,0.00293994,0,0.00056552386
-0.22583494,0.011024098,-0.14449082,0.046673484,-0.0765547,0.061368216,0.06112578,0.019972952,-0.09776674,-0.124398895,0.0069731157,0.2686784,-0.0695573,-0.096728675,0.003486137,0.033921946,-4.9424183e-05,-0.0061638667,0.001767684,-0.01936524,-0.04403078,-0.40506607,-0.021502245,2.1766202,-0.017119007,0.027804269,0.21724202,0.14007434,-0.00040452825,0.007343122,1,0.85120636
-0.6979269,-0.14672056,-0.28755224,-0.044413883,-0.07165401,0.114671566,0.02679014,0.008386887,-0.26399493,-0.6512922,0.0017692599,0.048681106,0.031875342,0.009901029,0.0011392521,0.05844366,-8.64364e-06,-0.012484847,0.003727421,-0.04642836,-1.4567524,-0.63494736,-0.04718782,-1.6278528,-0.04590095,0.011057523,0.04691642,-0.82063407,-0.00053897436,0.0022042019,0,0.001528898
-0.59672546,-0.24964048,-0.17669864,-0.01808637,-0.20027204,-0.04423145,0.025287716,0.008451259,-0.24108426,-0.7566882,0.0016015957,0.14090511,-0.1381902,0.031427994,0.0010054935,0.01775209,-4.9424183e-05,-0.0010091687,0.008262591,-0.038711898,-1.0365126,-0.65854186,-0.050651755,-1.6949617,-0.049219195,0.008661491,-0.6628229,0.04518475,-0.00025847627,0.0021457414,0,0.0018063912
-0.87817186,-0.28536054,-0.17477679,-0.01877872,-0.04335605,-0.2742052,0.027731484,0.0074033276,-0.27991477,-0.6556156,0.0017563144,0.061334997,-0.09291637,0.01749672,0.0009916537,0.055944644,-8.64364e-06,-0.0011333966,0.0072791046,-0.056270894,-1.4029977,-0.84184515,-0.049891066,-1.3779932,-0.060830455,0.0070599183,-0.558556,0.035243686,-0.00030299905,0.0021457414,0,0.0010910939
-0.66103613,-0.097346604,-0.34652373,-0.01691415,-0.059766967,0.019264698,0.032081623,0.023663236,0.13708858,0.33350918,0.007514674,0.07906848,0.015516682,0.04367893,0.004347979,0.028680328,-4.9424183e-05,-0.016592355,0.02016578,-0.005529284,-0.2351392,-0.28710848,-0.025464065,2.3337598,-0.01569497,0.030733572,0.24000354,0.12751082,-0.0003468375,0.007343122,1,0.8488322
-1.1546968,-0.1886601,-0.25698143,-0.04502495,-0.25838086,0.012108551,0.028369406,0.01270313,-0.03721167,0.11521982,0.002543632,-0.06341761,-0.025890287,-0.045681957,0.0015036744,0.016740493,-4.9424183e-05,-0.0068750004,0.001741268,-0.03134789,-0.96789914,-0.6324588,-0.041234918,-2.5545115,-0.052737534,0.014629136,0.08438854,-0.96360683,-0.00067950867,0.003061155,0,0.0008883228
-0.68480855,-0.025020462,-0.5850304,-0.009654743,-0.021891579,-0.009565187,0.028841259,0.008756043,-0.09098642,-0.19493449,0.0025827812,-0.47016144,0.004538991,0.016134465,0.0017208842,-0.1136407,-8.64364e-06,-0.038617056,-0.019715678,0.013681604,-1.4732622,-0.6554378,-0.09388497,-2.166468,-0.05684513,0.012468818,-0.77311903,0.054487668,-0.0003073372,0.0029202527,0,0.00065634097
-0.73076814,-0.3593344,-0.2013556,-0.023240454,-0.01190827,0.050288126,0.048019692,0.028995764,-0.059098862,0.08001085,0.006775091,-0.3607509,0.0008419086,-0.015379252,0.0039033864,0.07501668,-4.9424183e-05,0.0011046481,0.0028116098,-0.01423869,-0.13011985,-0.66777927,-0.030247817,1.9754505,-0.016701087,0.027636478,0.20430584,0.13546462,-0.00062970934,0.0071220826,1,0.50879884
-1.2720879,-0.21980509,-0.3551525,-0.0032607717,-0.1458287,-0.026378034,0.027377907,0.008406775,-0.13488121,-0.41961288,0.0016856394,0.012120885,0.026105411,-0.005916801,0.0011328022,0.034772214,-6.685659e-06,-0.016326161,0.018325206,-0.037661303,-1.2898821,-0.5825499,-0.04784652,-1.686121,-0.04992754,0.0066595115,-0.58864146,0.046831813,-0.00024865218,0.0023206142,0,0.0012450413
-0.7308089,-0.3618321,-0.30295008,-0.028650535,-0.07145512,0.008335825,0.038614944,0.013181421,-0.04165026,-0.099615,0.002627724,-0.013654285,-0.30085176,-0.06861168,0.0014493951,-0.3267307,-8.64364e-06,-0.068866506,-0.12595572,0.0041806074,-1.4574375,-0.6717323,-0.09991143,-2.1033442,-0.04162541,-0.8312615,0.09792192,0.07856158,-0.0007616842,0.0042447317,0,0.0005585848
-0.15327464,-0.08779452,-0.34577852,-0.016310593,-0.21539302,-0.3433197,0.047518034,0.022515008,0.20113176,0.45695513,0.00745444,-0.058889944,-0.16702183,8.552481e-06,0.0043820594,0.032022126,-4.9424183e-05,-0.012295064,0.016233297,-0.011789781,-0.16148506,-0.15292348,-0.023215774,2.38356,-0.015652413,0.032276068,0.24066716,0.1349606,-0.00037975813,0.007343122,1,0.86182207
-0.97149426,-0.37371913,-0.19701229,-0.014679005,0.24922244,-0.16149722,0.030527787,0.010629064,0.07603665,0.12527905,0.0024709697,-0.06659909,-0.040831354,-0.017599327,0.0016024376,0.025723407,-8.643641e-06,-0.45938116,-0.12943979,0.03561083,0.45811412,0.5830006,0.161201,-1.1942284,-0.015684381,-0.03455433,-0.728885,0.012304939,-0.00027446978,0.0028597396,0,0.06772007
-0.07902867,-0.007143141,-0.12379859,0.075206704,-0.16208346,0.2500511,0.048491154,0.023088252,-0.070664175,0.12689808,0.0074187536,0.19074452,-0.087922595,0.04357701,0.0042660795,0.05260209,-1.322949e-05,-0.0070251855,-0.0015164467,-0.013940612,0.04296322,-0.06450381,-0.024953192,2.3900313,-0.018507827,0.030563626,0.23700012,0.1345934,-0.00029042287,0.007343122,1,0.95313555
-0.6239408,-0.27202132,-0.19729754,-0.012221304,-0.14936051,0.025774518,0.042390034,0.029707313,-0.070695154,0.06307495,0.006863986,0.2551534,-0.08419204,0.074352585,0.003924344,0.0475401,-2.516625e-05,0.0017859833,0.003021545,-0.014393447,0.07043674,-0.41558075,-0.024320992,2.1292453,-0.017158771,0.02656267,0.21330412,0.13961123,-0.00045848102,0.0071220826,1,0.7802731
-0.23211733,-0.54712796,-0.042014178,-0.011933196,0.2963638,0.055836067,0.03123416,0.011956463,-0.02076535,-0.14479987,0.0021122273,0.019440277,-0.09288416,-0.0032695383,0.0014847156,-0.15617701,-4.044135e-05,-0.019031167,-0.06061321,0.033818975,0.4069403,0.68627226,0.18782595,-0.82624185,-0.012618745,-0.024363967,-0.6095029,0.033009607,-0.00059478753,0.0028597396,1,0.26388204
-1.3369113,-0.13209002,-0.38065377,-0.02144359,-0.37917694,-0.040856153,0.026356349,0.009320113,-0.07465422,-0.014801084,0.0024094607,-0.104146965,-0.1201481,0.0016188858,0.0013314361,0.014422699,-8.64364e-06,-0.0189177,-0.056178078,-0.037477855,-1.6362411,-0.7319978,-0.045293856,-1.9104276,-0.052046996,0.013422638,0.08643577,-0.8051132,-0.0005362995,0.0029794767,0,0.00043847272
-1.1685175,-0.005137592,-0.4417469,-0.00809039,-0.06534004,0.011410423,0.029660234,0.009276832,-0.19637361,-0.6209483,0.0019138672,0.08570215,-0.11200501,0.009799215,0.0010223588,0.041382894,-1.322949e-05,-0.011028629,-0.001526155,-0.030758947,-1.1329292,-0.61963826,-0.044179708,-2.2342424,-0.05035682,0.0098956,0.079691775,-0.7533034,-0.00060584664,0.0022402124,0,0.00074179494
-0.54791385,0.006017998,-0.7481382,0.0016393049,0.29155043,-0.017100666,0.02781299,0.008097559,-0.12789585,-0.28673726,0.0016868893,0.073043175,0.035361152,0.0066146413,0.001223663,0.0364293,-6.685659e-06,0.0058607627,-0.024757627,0.041761264,0.5847297,0.5692585,0.17046338,-0.7760091,-0.016006427,-0.01402694,-0.59366083,0.0023557483,-0.00020976133,0.0023206142,0,0.2180302
-0.10946292,0.00860412,-0.11277835,0.059696898,-0.026799604,0.24015623,0.046409268,0.022201473,0.22434434,0.43988368,0.0075293677,-0.07280733,-0.03031384,-0.07379357,0.004398389,0.09596824,-4.9424183e-05,-0.011258149,0.0031801632,-0.0128245335,-0.15485503,-0.19614027,-0.024320833,2.4107988,-0.016288608,0.032907043,0.23566517,0.13769871,-0.00038612523,0.007343122,1,0.95866203
-1.2337403,-0.58041227,-0.25377768,-0.029128794,0.0055763987,0.03733256,0.041713655,0.021945074,-0.027333787,0.15587804,0.007027614,-0.0455865,-0.08654232,-0.00861997,0.0039128633,0.111044124,-8.64364e-06,-0.00803433,0.0003583902,-0.017819446,-1.5838379,-0.4860609,-0.029787019,1.8160633,-0.014596623,0.024071978,0.16887791,0.10422365,-0.0004520251,0.0071220826,1,0.13106915
-0.940059,-0.14592479,-0.30759063,-0.013915026,0.02914568,-0.003669991,0.02914671,0.009452063,0.09118377,0.18200329,0.002903471,-0.042822078,-0.08878419,0.0032688344,0.0017645337,0.05653623,-8.64364e-06,-0.018031413,0.016206535,-0.038099643,-1.270482,-0.81721544,-0.056349326,-2.5259616,-0.06230473,0.013614292,0.07878516,-0.8000477,-0.00058215065,0.0029794767,0,0.0013506628
-0.9226919,-0.025996577,-0.16396302,0.015446768,-0.026417108,-0.20707873,0.050053213,0.021115024,-0.05094257,0.10720162,0.0069420678,0.17780219,-0.15131535,-0.67069364,0.0040125847,0.034545247,-2.516625e-05,-0.0034694385,0.0008489905,-0.0076827207,0.030605659,-0.39241606,-0.009170109,2.0018547,-0.024260784,0.029648334,0.19913307,0.13458881,-0.00048705217,0.007343122,1,0.5432873
-0.5918362,-0.36940494,-0.2109868,-0.019952547,0.2795885,-0.6709231,0.0270658,0.010893899,0.0739058,0.081876226,0.0022859653,-0.042825468,0.010772226,-0.03700509,0.001626761,0.034237947,-8.643641e-06,-0.44718617,-0.1470323,0.03220212,0.477835,0.49904123,0.1571561,-1.3583755,-0.015495417,-0.041781247,-0.71809834,0.015536176,-0.00027070288,0.0028597396,1,0.049489144
-0.120225556,-0.071569845,-0.253926,-0.047934767,0.024009682,0.07122406,0.048701987,0.025854388,0.11920534,0.2884934,0.00744668,0.18592814,0.0001222747,0.011339394,0.0042125615,0.092049055,-4.9424183e-05,-0.0019267967,0.004127275,-0.011113092,-0.044580087,-0.2214922,-0.02470554,2.3489146,-0.017630152,0.031813666,0.2419607,0.14095426,-0.00037329114,0.007343122,1,0.94517505
-1.2954657,-0.17636622,-0.13915046,0.054477487,-0.16529007,0.010480978,0.0227147,0.007788817,-0.20292501,-0.5312031,0.0015120294,-0.28727022,0.04894507,-0.02337994,0.00095282885,0.050072905,-2.2618437e-05,-0.02494043,-0.05888382,-0.037839543,-1.2148638,-0.5153291,-0.043407433,-1.6697463,-0.052612383,0.009780629,-0.6458377,0.01664787,-0.0002458925,0.0022062548,0,0.0010581778
-0.78986216,-0.28477806,-0.37880337,-0.011875862,0.317664,0.022329688,0.029836785,0.009085433,-0.08757749,-0.2111008,0.0026846954,0.041454144,-0.07234356,-0.014171931,0.0014223353,0.026967147,-8.643641e-06,-0.025293361,-0.049385473,0.030944718,0.5903723,0.7306826,0.15126695,-0.92708653,-0.016782617,-0.01792929,-0.029642923,-0.49057293,-0.0002928041,0.00263106,1,0.19137324
-0.94791865,-0.24549708,-0.32265326,-0.019771535,-0.30639836,-0.21221808,0.039218836,0.01121338,-0.09791131,-0.2714261,0.0024074684,-0.013857619,-0.1902415,0.0017387107,0.0013097288,0.036250718,-4.9424183e-05,-0.003947234,0.009005991,-0.033534,-0.5847417,-0.57509947,-0.053110488,-2.2363675,-0.08561488,0.011467192,-0.65508825,0.04551866,-0.0002952998,0.0026703407,0,0.0012468523
-1.2001847,-0.028656607,-0.4517411,-0.0023325237,-0.6652885,0.24796653,0.023535311,0.009701108,-0.011038263,0.057604384,0.0027183269,-0.1444357,-0.09816538,0.0014629028,0.0016882018,0.04518614,-6.685659e-06,-0.026081251,-0.005209053,-0.03809528,-1.3064854,-0.5992475,-0.06113169,-2.1556778,-0.04939815,0.009362409,-0.74366087,0.052588206,-0.00031110412,0.0029202527,0,0.00080540567
-0.54626137,-0.038393218,-0.37189934,0.04062231,0.26872748,0.20448375,0.028236432,0.0071246717,-0.26522744,-0.6055747,0.0017166494,-0.07955786,0.09131886,0.026923673,0.0011963315,0.038088318,-8.643641e-06,0.0023701924,-0.025483781,0.041341003,0.7135613,0.65366215,0.17210636,-0.6984798,-0.017059285,-0.0123308785,-0.56561154,-0.009753919,-0.00020466548,0.0021707695,1,0.28228763
-1.0103579,-0.091647975,-0.30999994,0.029784156,-0.13855726,-0.5674329,0.023758924,0.009695789,0.06233446,0.13677004,0.0027786065,-0.30016962,-0.11917896,-0.012668299,0.0018092382,0.048999526,-6.685659e-06,-0.017997188,-0.017127044,-0.067395486,-1.5652438,-0.8852422,-0.047439426,-2.4397805,-0.07628162,0.012171267,0.002748713,-0.86684054,-0.00060454593,0.0029794767,0,0.00027703604
-0.6119783,-0.12600753,-0.26979616,-0.02802474,-0.7036787,-0.39806983,0.02599223,0.011117516,-0.11221667,-0.117048234,0.0025822353,-0.005919593,-0.04462941,0.050399266,0.0014365683,-0.013801073,-1.322949e-05,0.010675851,-0.02279317,0.0013047652,-0.8597416,-0.4805563,-0.06496604,-2.5740106,-0.04528571,-1.0553257,0.11049621,0.0722624,-0.00068565033,0.0043097176,0,0.0007204449
-0.6068689,-0.0151663795,-0.20801787,0.034817614,-0.124562226,0.109631814,0.049787693,0.018808618,-0.05670079,0.09265844,0.0074533895,0.1304713,-0.10140016,0.0028069408,0.004229171,0.068055615,-1.322949e-05,-0.016318321,-0.002120046,-0.012598394,-0.36056232,-0.14079843,-0.029480955,2.3227594,-0.012586012,0.031802766,0.2359998,0.13665618,-0.00028117024,0.007343122,1,0.8284752
-1.1609226,-0.13327256,-0.21750861,-0.020634472,0.15001723,0.005325829,0.048138686,0.025278747,0.20600387,0.35665092,0.007174409,-0.29035527,-0.08132678,0.010983478,0.003884986,0.074066564,-4.9424183e-05,-0.006261287,0.0039239754,-0.008669204,-0.14338686,-0.581976,-0.022361426,2.0762591,-0.018972648,0.031051518,0.21199363,0.13490272,-0.00042021007,0.007343122,1,0.6628306
-0.8288101,0.00841193,-0.45409244,-0.036874752,0.013969603,-1.1966708,0.04239381,0.01743471,-0.13944945,-0.23730822,0.0070111877,-0.06293196,0.09591649,0.028750384,0.0038278028,0.033060547,-8.64364e-06,0.04705317,-0.005198463,0.015996583,-1.2402269,-0.30919096,-0.02813257,1.7694317,-0.01593478,0.027885336,0.19304274,0.120973684,-0.00029968552,0.007343122,1,0.10778446
-0.8754631,-0.17555146,-0.17879179,-0.0065046144,-0.47891736,-0.45874107,0.020284602,0.012933671,-0.056325916,0.07330123,0.0025347816,-0.34038538,0.007267744,-0.02638631,0.0015317355,0.021257533,-2.516625e-05,-0.012182397,-0.008836152,-0.027215004,-0.9640183,-0.596799,-0.029702773,-2.5170474,-0.060473148,0.014759808,0.104978226,-0.9849469,-0.0005654679,0.003061155,0,0.0005375676
-0.24267383,-0.20450015,-0.32067588,-0.0114997,-0.051935248,-0.25789258,0.029821644,0.010820462,-0.048010804,0.041549396,0.0025776196,-0.07648195,-0.10811647,0.008330194,0.0015018445,0.037916783,-1.322949e-05,-0.008691045,-0.06087554,0.002194385,-0.8661288,-0.7551516,-0.07604461,-2.506099,-0.062912814,0.011973875,-0.85633546,0.06066968,-0.00037952006,0.003000453,0,0.0018420911
-0.756228,-0.7693385,-0.107640624,-0.010150193,-0.2442939,0.015534783,-1.5884806,-0.49332172,0.002740441,-0.08247301,0.0031522457,0.16012582,-0.0076963278,-0.10560813,0.011978504,-0.012813436,-0.0002463661,-0.00022699503,-0.026450343,0.0141200125,-0.49123234,-0.25310674,-0.062320434,-1.9711968,-0.037407625,0.009949415,0.0048624147,0.062172167,0.009531354,0.003099145,0,0.0012124337
-0.92417675,-0.8385502,-0.10342884,-0.017075827,-0.1660627,0.008327687,-1.6866038,-0.5047646,-0.014848746,-0.10334923,0.003063629,0.061808337,-0.023131955,-0.16990428,0.011977573,-0.15645136,-0.0010200533,-0.0007525785,-0.009537733,0.006255469,-0.778407,-0.39513892,-0.07380402,-1.7389032,-0.031260926,0.015359762,0.017477905,0.06540837,0.009531354,0.003099145,0,0.0005387022
-0.18071632,-0.16556661,-0.23880649,-0.044679184,0.008372499,0.08804957,0.026027616,0.0078071817,-0.2409141,-0.6273417,0.001953507,0.05286651,-0.10781303,-0.012622498,0.0011120562,0.052609295,-8.64364e-06,-0.014482494,-0.00015783192,-0.05050158,-1.560189,-0.5629318,-0.04681756,-1.614419,-0.045306906,0.011189863,0.049048677,-0.7785895,-0.00054274127,0.0022042019,0,0.0025171272
-1.0886998,-0.2789092,-0.23638004,-0.02142842,-0.19178458,-0.5773577,0.028037215,0.012904881,-0.022727303,-0.075657405,0.0024737762,-0.31934163,-0.0041388986,-0.04474766,0.0015289354,0.042507265,-8.64364e-06,-0.012195917,-0.042550873,-0.019898959,-1.3779525,-0.69819283,-0.07666033,-2.3090658,-0.069124356,-0.92688406,0.07867959,0.060540687,-0.000565094,0.0043097176,0,0.00028743173
-0.9865659,0.048257384,-0.26098445,-0.01541838,-0.26394287,0.015545226,0.061950073,0.03330434,-0.11058695,-0.44991323,0.0063127917,0.30588982,-0.016582172,-0.058556918,0.0034385708,0.010118793,-4.9424183e-05,-0.005675533,0.00064631156,-0.014670756,-0.018948864,-0.408666,-0.025279388,2.1224027,-0.019993927,0.0243703,0.2004983,0.13049321,-0.00031215197,0.0061393166,1,0.5798779
-0.86038333,-0.0011949339,-0.11071856,0.03107288,-0.0009882391,0.007282677,0.026575716,0.009625792,-0.028972508,-0.15113567,0.0025844467,0.0074548707,0.17615956,0.098569006,0.0017709556,-0.15425892,-2.2618437e-05,-0.036159433,-0.015717978,0.013965112,-1.3678991,-0.75674206,-0.08137213,-2.2053256,-0.0652891,0.012056378,-0.7851241,0.059342086,-0.00027403297,0.0029202527,0,0.002101194
-1.5610853,0.01979556,-0.07881754,0.028618975,-0.024434635,-0.3937585,0.028148392,0.008423714,-0.12718897,-0.39785275,0.0023191327,0.05144642,-0.31446904,-0.053712174,0.0010908974,0.019878887,-9.260577e-06,-0.00877647,-0.014604385,-0.02920399,-1.0950063,-0.8482899,-0.043884978,-2.114174,-0.07230861,0.0026981337,0.050155368,-0.7515425,-0.00060316426,0.002392764,0,0.0004500495
-0.89120096,-0.07115961,-0.3879068,-0.051581565,-0.9359528,-0.85355467,0.03579402,0.026196238,-0.0009276266,0.020113302,0.007038601,0.11740116,-0.017276302,-0.055161487,0.0034801366,0.05506156,-4.9424183e-05,-0.016618052,-0.0054387376,-0.012006519,-0.30302107,-0.53062636,-0.022303717,1.8470112,-0.018119695,0.031088818,0.21579517,0.13657092,-0.0004139643,0.007343122,1,0.15957794
-0.42600784,0.01259382,-0.38027334,-0.014249288,-0.69120216,0.17990746,0.05146747,0.017929036,0.23309861,0.37069377,0.008480504,0.022513563,-0.11215571,-0.032453805,0.0052224244,0.14507723,-8.64364e-06,-0.04149038,0.0058598383,0.011056879,-1.6268538,-0.18553632,0.05272555,1.9507567,-0.013169065,0.02855714,0.2134521,0.10605371,-0.0002888004,0.007039069,1,0.47697863
-0.11790573,-0.21699665,-0.34217948,-0.023513498,0.05012653,0.053146634,0.04339455,0.011951573,-0.71976054,-1.7359375,0.0036431218,0.008710556,-0.18320306,-0.011317259,0.0022044152,0.06647847,-8.64364e-06,-0.04265373,0.0113844015,-0.03032304,-1.449092,-0.3283809,-0.029550144,1.2750162,-0.014705372,0.018664498,0.13406214,0.08387613,-0.0002010975,0.004334671,0,0.0301873
-0.6156321,-0.42498294,-0.28298017,-0.051893152,0.22505638,-0.36614305,0.03383773,0.010551424,-0.034590792,-0.16849111,0.0026044121,0.07605231,-0.030131204,-0.082752764,0.0017187754,-0.19989356,-8.643641e-06,-0.032426793,-0.028817458,0.013221167,0.3533753,0.28925368,0.15630062,-1.3549336,-0.020527666,-1.2029921,-0.020122675,-0.0044732816,-0.00030564168,0.004005665,0,0.02304329
-0.16970153,-1.216215,-0.17326383,-0.0149205625,-0.24814925,-0.6744223,0.059497368,0.03275526,-0.07304056,0.038549677,0.0063595525,-0.35206327,0.022125926,-0.034055732,0.0036496802,0.0123446295,-0.0010200533,-0.0013374863,-0.00018947187,-0.014256967,-0.1438783,-0.1828242,-0.023451466,2.0133247,-0.015813552,0.025853593,0.19111799,0.12974034,-0.0017309026,0.0071220826,1,0.31241736
-0.89794123,-0.15898964,-0.32280588,-0.030030897,-0.18219735,0.061354674,0.040174056,0.017481372,-0.41078648,-0.9411263,0.0049978457,-0.036690965,-0.1158669,-0.015196696,0.0025113455,0.053568307,-4.9424183e-05,-0.01637894,0.0066419523,-0.014021491,-0.34535033,-0.22657153,-0.02721799,1.9368896,-0.015839823,0.022781331,0.17527904,0.09559136,-0.00021681737,0.004971542,1,0.20982456
-0.6750329,0.032196563,-0.28033558,-0.013630917,-0.09276849,0.058648515,0.03970601,0.025720786,-0.050436463,0.12013145,0.007149459,0.30610654,-0.06667324,0.039356276,0.004008918,0.054792542,-4.9424183e-05,-0.0056815497,-0.0022202278,-0.014533661,-0.07666106,-0.49547735,-0.024564123,2.1816592,-0.01996169,0.03137306,0.22719124,0.13155693,-0.00050218933,0.007343122,1,0.81114465
-0.090963416,0.007051751,-0.17306595,0.04682381,0.057477724,0.17602305,0.04816185,0.016749706,-0.18125585,-0.09438766,0.007824974,0.10823394,0.026072469,0.015764534,0.0043232213,0.083663665,-8.64364e-06,-0.028046153,0.0014813482,-0.024804523,-1.5148817,-0.42726097,-0.021436706,1.9697618,-0.014441443,0.027591404,0.19234583,0.12573265,-0.00026865245,0.007039069,1,0.5891263
-0.61780477,0.077153005,-0.4654098,-0.03167556,0.14436975,0.056891076,0.05275058,0.017134324,0.05381326,0.15963346,0.008478819,-0.041155934,-0.25807068,-0.1902059,0.005050538,0.00096319267,-8.64364e-06,0.042135984,-0.05408173,0.0043122745,-1.5689687,-0.1742972,0.041343123,1.8680772,-0.012643789,0.025984377,0.20134014,0.10471041,-0.0002888004,0.007039069,1,0.3694966
-1.0054673,-0.58209145,-0.10346438,-0.019953962,0.0015076317,-0.5420371,0.04545919,0.016834404,0.032665797,-0.031555876,0.0022209424,0.088673264,-0.033456426,-0.04118611,0.0014258757,0.025575675,-9.558551e-05,0.0006164779,-0.011320021,-0.028991196,-0.6613527,-0.5084791,-0.042632077,-2.302406,-0.038091924,0.014400884,-0.8006023,0.066823184,-0.0016397772,0.00293994,0,0.0015833504
-0.90298027,-0.04890035,-0.32422847,-0.046217866,-0.4980912,0.21408719,0.037732325,0.02443558,0.23302278,0.40349504,0.007439634,-0.23186669,-0.02402704,-0.029275728,0.00393616,0.11408554,-1.322949e-05,-0.037036344,0.007608128,0.004559143,-0.4175814,-0.25171185,-0.028486218,2.2504585,-0.016859401,0.030139362,0.2256171,0.13058321,-0.00037400206,0.007343122,1,0.699716
-0.8896924,-0.57103866,-0.28745565,-0.039184358,0.07910399,-0.82409245,0.04099693,0.024371622,0.05818418,0.2711544,0.0074483985,0.04119253,-0.8514022,-0.55146945,0.0038040304,-0.015398229,-4.9424183e-05,-0.0049852775,0.0014633966,-0.0021736478,-0.21156326,-0.18973714,-0.022220274,2.0242193,-0.0135992,0.02862879,0.22543284,0.13422306,-0.0005350282,0.0071220826,1,0.17972694
-1.6026531,-0.02133036,-0.54500604,0.0015176143,-0.19196117,-0.074258134,0.026944187,0.011092276,0.04730409,0.19628552,0.0024345971,0.04029094,0.054377366,0.06763221,0.0014404838,-0.019068131,-9.260577e-06,-0.010497403,0.007188983,-0.027652074,-0.873794,-0.60149914,-0.051456597,-2.508178,-0.05756308,0.0064008334,-0.98130625,0.06126951,-0.0003809202,0.003000453,0,0.00088380853
-1.9824591,-0.0047771526,-0.35626152,0.0018019804,0.06485587,-0.08409523,0.0440772,0.022845006,0.22097997,0.44523412,0.0074419947,0.13460363,0.047126267,-0.035938654,0.0035961212,0.03625906,-2.516625e-05,-0.009742041,-0.0016454553,-0.00017876488,-0.18738902,-0.24352744,-0.02528112,2.1516924,-0.015720434,0.024412602,0.250145,0.12733936,-0.00040180708,0.007343122,1,0.65731776
-0.13473423,0.09402048,-0.55733615,-0.016412798,0.022771237,-0.40650797,0.048765987,0.017083365,-0.035929423,0.009318588,0.0070587886,-0.12171019,-0.016060937,0.04923869,0.004111024,-0.16744344,-8.64364e-06,0.009588841,-0.032968383,0.0010997014,-1.3252784,-0.24784262,-0.04351969,1.970104,-0.018424891,0.025332384,0.19917598,0.12194864,-0.00031409174,0.007343122,1,0.370872
-0.5539934,-0.2870066,-0.2847146,-0.04861491,-0.19476944,-0.044128984,0.0272638,0.009506716,-0.024053516,0.056016143,0.0027710297,-0.345572,-0.384035,-0.20851761,0.0017433201,0.0048624803,-8.64364e-06,-0.014724263,-0.026384745,0.024409859,-1.6862392,-0.6579832,0.08519034,-1.984545,-0.04323068,0.0119466,0.06539532,-0.8926915,-0.0004978413,0.0029794767,0,0.00062285416
-0.09297013,-0.14388065,-0.42452812,-0.08554768,-0.15469311,0.08045731,0.03987435,0.020367995,0.037380937,0.04842158,0.0074243667,-0.027465964,0.24927816,0.11252352,0.004356811,-0.044863295,-1.322949e-05,-0.015959227,-0.03752656,0.0013245977,-0.2868736,-0.3481979,-0.030005302,2.2806654,-0.013951288,0.028483514,0.23018058,0.13378611,-0.00026706763,0.007343122,1,0.8297956
-0.94364625,-0.9506195,-0.1302105,-0.051973466,-0.23414166,-0.40995377,0.06683025,0.026855038,-0.0841864,-0.35737708,0.0060117543,-0.30389103,-0.06694484,0.04559678,0.003116297,0.0480345,-9.558551e-05,-0.00066480605,-0.00033546422,-0.014868361,0.14078924,-0.28588155,-0.026631579,1.905775,-0.019154022,0.019835971,0.16184863,0.101176724,-0.0007394382,0.0059182774,1,0.20743228
-0.7013674,-0.6896284,-0.034272727,-0.004888213,0.036723956,-0.5982241,0.02975967,0.010840532,-0.08921839,-0.23473687,0.0021823812,-0.030089883,-0.17679185,-0.064381815,0.0013925601,-0.2077251,-4.044135e-05,-0.019961612,-0.05209001,0.043649428,-1.3351092,-0.88118434,-0.07805086,-1.7293944,-0.04526913,0.009840721,-0.6408473,0.06127921,-0.000692297,0.00293994,0,0.0006070443
-0.5096234,3.6394,-0.2093624,-0.018927554,-0.33874297,0.27219132,0.04453192,0.01516629,0.26161245,0.37322548,0.012521317,0.063297145,-0.06379564,0.027081417,0.006236468,0.124340676,-8.64364e-06,-0.03182262,0.0052905893,-0.014243353,-1.0089021,-0.39066938,-0.02756288,2.16526,-0.012832711,0.028755682,0.2272347,0.10695291,-0.00028304599,0.007039069,1,0.9915275
-0.6445726,-0.26785663,-0.21956259,-0.0057002236,-0.14630534,-0.33160532,0.048838057,0.029806847,0.0384945,0.1813754,0.0069467546,0.2715411,-0.057821825,0.09610699,0.0038616988,0.05419017,-2.516625e-05,0.0029283778,0.003440614,-0.011993729,0.037001006,-0.41947997,-0.024016736,2.1082695,-0.020819476,0.027292859,0.20960735,0.13496992,-0.0006354105,0.0071220826,1,0.7540724
-1.0049667,-0.15597178,-0.3566572,-0.020806707,-0.2614864,-0.29928145,0.046906013,0.01564713,-0.3347014,-0.8580683,0.0055696387,0.1937739,0.0021842818,-0.042627297,0.0025073094,0.019874241,-1.322949e-05,-0.013532257,0.011136475,-0.012413542,-0.20627558,-0.48375955,-0.02576318,1.9873824,-0.015302127,0.021402173,0.1703435,0.08544151,-0.00028350245,0.004971542,1,0.18009295
-1.0843803,-0.2486645,-0.26220524,-0.012216084,0.012486132,-0.8948939,0.036743186,0.011439228,-0.3704291,-0.7804224,0.001722064,-0.048811413,0.055517416,0.009943082,0.0011288848,0.03978876,-8.64364e-06,-0.013778344,0.001370637,-0.033909455,-1.3371953,-0.40370846,-0.04397259,-1.3575774,0.20730218,0.016233772,0.064921856,0.06629341,-0.00026690605,0.004334671,0,0.0017364689
-0.9949863,0.0056724558,-0.097654834,0.08861344,-0.016633203,0.035705693,-2.087585,-0.4458886,-0.11241825,0.18816528,-0.80586636,-0.031205574,-0.16955632,-0.48784518,-0.4244855,0.03788349,-8.64364e-06,-0.02962485,-0.019281212,-0.01683375,-1.5957692,-0.5429135,-0.024557024,1.1384902,-0.016730793,0.0118855145,0.12301166,0.05180673,-0.0034205508,0.003078508,0,0.001965779
-0.7162787,-0.20348847,-0.3379882,0.050928943,-0.503808,-0.39368662,-1.2357203,-0.012530877,-0.060109127,-0.27618432,0.0042699073,-0.051860668,-0.23956105,-0.014742686,3.5831705e-05,0.04492463,-8.64364e-06,-0.035811003,-0.0068318965,-0.053286947,-1.2502894,-0.8420455,-0.04330449,-1.9854717,-0.0678032,0.0069816634,-0.4759697,0.019505834,-0.002577312,0.0018079276,0,0.00017131228
-1.150562,0.017647233,-0.42977244,-0.010046908,0.09875619,0.096140005,0.047146205,0.017954463,0.21334814,0.35301644,0.008125376,-0.04523187,0.0922383,0.036843378,0.0056503285,0.047640584,-6.685659e-06,0.013895653,0.024666036,-0.002857857,-1.5810875,-0.2313396,-0.020135941,1.9996811,-0.013678816,0.029963685,0.20895223,0.11724688,-0.00028325553,0.007039069,1,0.4900017
-0.71583056,0.0042388956,-0.527861,-0.009686577,0.3164468,0.004283145,0.030259045,0.009816945,0.046328913,-0.016595801,0.002903043,-0.047189996,-0.044217434,-0.0026698832,0.0016700755,0.028070947,-8.643641e-06,-0.19860421,-0.13172856,0.029779866,0.54928035,0.60659415,0.16333345,-1.3918864,-0.016578123,-0.031693663,0.022684956,-0.6565015,-0.0003211483,0.0029794767,1,0.123072505
-1.3995664,-0.13696328,-0.44059074,-0.0907156,-0.082163334,0.14574386,0.050453585,0.019858131,0.059585556,0.046079423,0.0076456266,0.043238617,-0.27182215,-0.15419005,0.004195989,0.018019205,-1.322949e-05,-0.017240997,-0.03698187,-0.0021568707,-0.32972524,-0.18487509,-0.029676579,2.131175,-0.012272882,0.029938541,0.21000727,0.1255463,-0.00037851228,0.007343122,1,0.43009856
-0.9237181,0.03276479,-0.29491988,-0.010279609,-0.14811513,0.08361122,0.042448364,0.024187848,-0.11195013,-0.022258526,0.0070522353,-0.38765097,-0.1081404,0.02858122,0.003931433,0.0409325,-2.516625e-05,-0.0063029933,-0.0026566826,-0.01533898,0.006817268,-0.49642435,-0.023884127,1.9198538,-0.019825373,0.029806225,0.17323886,0.13244234,-0.00032525993,0.007343122,1,0.49256277
-1.4667381,-0.24700488,-0.3734828,-0.020751962,-0.15302163,0.2311614,0.042137988,0.025060121,-0.07770983,0.091751054,0.00739183,0.17761873,-0.08990196,0.04064119,0.00415607,0.06068165,-1.322949e-05,-0.0058025676,0.012072165,-0.011570905,0.014617833,-0.30960298,-0.024561368,2.2474058,-0.019622797,0.030288434,0.22799563,0.11867577,-0.0002711973,0.007343122,1,0.6336702
-0.5071789,-0.19228762,-0.2801725,-0.015220717,0.25342023,0.074521855,0.036760535,0.011216245,-0.032283608,-0.123786345,0.002728549,-0.043559223,-0.05189789,-0.06945994,0.0017028645,-0.09458804,-8.643641e-06,-0.08963789,0.08021362,0.015901022,0.34859687,0.4263021,0.1578183,-1.5811479,-0.01643156,-1.0221573,-0.040106002,-0.008840601,-0.00030564168,0.004005665,1,0.06026602
-0.086619236,-0.0032935117,-0.14766186,0.0747038,-0.06694894,0.050402172,0.048253022,0.017604675,-0.1054503,-0.34552288,0.0068577686,0.16082683,0.012425859,-0.019340903,0.0037130667,0.06775702,-4.9424183e-05,-0.015056557,0.0008550044,-0.013509973,-0.30643952,-0.2185919,-0.02404087,2.2807848,-0.01639494,0.029452665,0.22165598,0.12739778,-0.00038612523,0.007343122,1,0.8519249
-0.21407324,-0.14668262,-0.3681515,-0.013928118,0.042215995,0.057741478,0.04798425,0.025454013,-0.098480985,0.07405351,0.0073376494,0.18131731,0.008876809,0.011234239,0.0041957125,0.069529474,-4.9424183e-05,-0.00757274,0.015344137,-0.013905006,-0.030110937,-0.2704323,-0.02451042,2.275154,-0.019104892,0.030572295,0.2414214,0.1363362,-0.00037329114,0.007343122,1,0.88470787
-0.46679848,0.011715216,-0.30499154,-0.021101773,0.007591009,0.017721301,0.05325224,0.013457112,-0.31565514,-0.70132905,0.007345969,0.18434483,-0.06339927,0.015287108,0.003726355,0.060247663,-8.64364e-06,-0.016304206,-0.00022649078,-0.025878735,-1.6124737,-0.3217177,-0.028326428,1.8222015,-0.014474028,0.02295775,0.15321387,0.09984697,-0.00026449503,0.005835264,1,0.19699988
-0.163753,-0.3487667,-0.1716952,-0.015759313,-0.20826553,0.04176365,0.026699737,0.017046079,-0.040162735,0.0009146372,0.002441741,0.021401277,-0.04518993,0.0064838696,0.0015663041,0.044392522,-8.64364e-06,-0.0059190746,0.004159204,-0.04473034,-1.3926694,-0.665146,-0.042970058,-2.3510137,-0.054651424,0.018550146,0.10139178,0.07343657,-0.0007563837,-0.35716653,0,0.0039138105
-0.44836622,-0.028587634,-0.29427397,-0.037486915,0.028767515,0.03723824,0.05121856,0.020422438,0.0264312,0.09933108,0.0075066057,-0.0746056,-0.0015781441,0.046171907,0.004219613,-0.05618967,-1.322949e-05,0.0006273801,-0.02101393,-0.005884661,-0.19582666,-0.17967951,-0.030802226,2.3229797,-0.01300338,0.027976105,0.23223849,0.13091041,-0.00037504593,0.007343122,1,0.84087443
-1.3570651,-0.6272287,-0.135697,-0.003239183,-0.03586938,0.07033846,0.029390335,0.017249387,-0.06910987,-0.07700129,0.0021705925,0.079369105,0.0056136423,-0.006743027,0.0012714587,0.0386302,-2.4539833e-05,-0.009892822,0.007273908,0.013389809,-1.5060319,-0.6621881,0.077541955,-1.735749,-0.029793078,0.0045606373,0.05218096,-0.84138733,-0.00089480623,0.0029177177,0,0.0012455068
-0.6954131,3.8370168,0.07992516,0.10786588,-0.067868635,0.045811422,0.040054005,0.014105757,-0.023394188,0.02382732,0.011503017,0.1356571,0.027385697,0.0075074616,0.00524649,0.07741991,-8.64364e-06,-0.01662138,0.0016047521,-0.014319462,-0.8631995,-0.21303533,-0.021497333,2.2199523,-0.013522089,0.028445488,0.20962703,0.11187462,-0.00028379733,0.007343122,1,0.9937696
-1.5097722,-0.11623201,-0.2245719,-0.0028674447,-0.14830568,-0.09266759,-1.1972053,0.003460516,-0.313526,-0.6558674,0.0019551553,0.08164587,0.026079968,-0.02709541,0.003533429,0.019734835,-9.260577e-06,-0.013949155,0.00021100201,-0.031048201,-1.0005425,-0.7868834,-0.050213583,-1.6596246,-0.059030477,-0.00037601602,-0.5614517,0.034814253,-0.0023900997,0.0016294385,0,0.000255633
-0.7956793,-0.11063155,-0.1909902,-0.02363331,0.016188806,0.104901284,0.04356735,0.023467349,0.1986365,0.46262482,0.0075136703,0.1269525,-0.0034304531,0.02279337,0.004250806,0.108630486,-4.9424183e-05,-0.011726844,0.008021111,0.0012237644,-0.16776161,-0.21892394,-0.023115778,2.3802361,-0.014845397,0.032449767,0.24209186,0.13541642,-0.00037351233,0.007343122,1,0.91483873
-0.7858525,-0.18315278,-0.15722157,0.030084994,-0.25997677,0.1286707,0.027643299,0.008758531,-0.15813507,-0.40976158,0.0018598734,0.06921812,0.024960166,-0.014713721,0.0012778471,0.05098281,-8.64364e-06,-0.017560007,0.0019828363,-0.047847155,-1.3849165,-0.78220624,-0.038774367,-2.1557317,-0.05424204,0.010719733,0.049873233,-0.8077403,-0.0005338163,0.0023567537,0,0.0010679582
-0.932063,-0.23944369,-0.18346383,-0.00833865,-0.029950846,-0.043762784,0.028993698,0.007992966,-0.17102595,-0.44363013,0.0016999979,0.055793874,0.041261367,-0.00055785524,0.0011225305,0.04556699,-8.64364e-06,-0.017363356,0.007313731,-0.056178294,-1.4178584,-0.62995636,-0.051947165,-1.7309176,-0.04925141,0.008322333,-0.6260567,0.049766857,-0.00024865218,0.0021707695,0,0.0017041828
-1.4783508,-0.7476273,-0.12889798,-0.021645084,-0.30647486,-0.2409376,-1.4879203,-0.38563377,-0.21650942,-0.5276263,0.0016999271,0.033913396,-0.016081901,-0.070332155,0.0073869904,0.026674105,-0.0010200533,-0.011463687,-0.08604851,-0.028807484,-0.68562603,-0.48405525,-0.037725296,-1.6727729,-0.052409347,0.010657204,0.044695947,0.028298019,0.0029247182,0.00224216,0,0.00019931556
-0.8543693,-0.09565942,-0.18654686,-0.017843153,0.10987593,-0.44201916,0.04370119,0.025622621,-0.05077044,0.11148657,0.006962428,0.27317384,-0.010034246,-0.0065793116,0.00398813,0.07514464,-4.9424183e-05,-0.006587965,-0.002550113,-0.01281126,-0.05677281,-0.38049847,-0.022605157,2.1482716,-0.019822538,0.02925414,0.21471497,0.13688856,-0.0004185234,0.007343122,1,0.73682714
-0.18851759,0.071638346,-0.3025639,-0.012904909,-0.026938612,0.05918791,0.04520008,0.024305437,-0.092873946,0.09658734,0.0073352996,-0.39846894,0.020704078,-0.020517115,0.004199581,0.073861755,-4.9424183e-05,-0.034600668,-0.00282274,0.006555369,-0.2664707,-0.108475775,-0.029734848,2.2384553,-0.018646693,0.030184567,0.2467834,0.13521332,-0.0003953401,0.007343122,1,0.828158
-0.09690375,-0.11927685,-0.31168196,-0.026725672,0.0236606,0.08221384,0.04697322,0.02246663,0.16443442,0.209115,0.0076487437,-0.101049565,-0.34343958,-0.19547707,0.0041393265,0.097306356,-4.9424183e-05,-0.018436642,-0.08010345,-0.005964958,-0.22333637,-0.15591305,-0.030677348,2.2449245,-0.01468522,0.028972438,0.24448365,0.13658,-0.00037975813,0.007343122,1,0.8327461
-0.9014821,-0.015167155,-0.09907529,0.036563642,-0.080432825,0.10397868,0.022406267,0.007940335,-0.16452673,-0.47595388,0.002030306,-0.30488032,-0.12674835,-0.003530316,0.0011868082,0.042861965,-6.685659e-06,-0.016153866,-0.018582504,0.018336197,-1.6233649,-0.92633796,0.08812838,-1.6375438,-0.06291206,0.009338292,0.05542789,-0.71206445,-0.00047532283,0.0023567537,0,0.0011468022
-0.93068504,-0.26791808,-0.22744781,-0.02852718,0.2907618,0.033756357,0.02418978,0.009806584,-0.04642695,-0.053895164,0.0026863625,-0.05639159,0.018813478,-0.02801277,0.0017691797,0.033550557,-6.685659e-06,-0.0071407007,-0.012957525,0.02094026,0.58335626,0.6952202,0.14947833,-1.1871256,-0.016042968,-0.020728774,-0.002922372,-0.7044784,-0.00029533246,0.0029794767,1,0.15256277
-0.0882264,0.07760374,-0.30581087,-0.013667914,-0.041979287,-0.39826348,0.046848133,0.022402951,-0.019322112,0.044053786,0.0074037206,-0.07846129,0.06356611,-0.03520231,0.004147815,-0.1081405,-4.9424183e-05,-0.023265641,-0.036851224,-0.00061225827,-0.17279501,-0.16203876,-0.029995898,2.246073,-0.019875258,0.03120898,0.24314001,0.12898183,-0.00040180708,0.007343122,1,0.8016865
-1.4411551,-0.07529086,-0.3610308,-0.017057747,0.036844853,0.04667894,0.042878337,0.02333324,0.22525562,0.46099004,0.0075120013,-0.37482128,-0.005120522,-0.016316134,0.004246266,0.11154562,-4.9424183e-05,-0.009326395,0.026775837,-0.00019767095,-0.25389147,-0.18070902,-0.022602877,2.2563946,-0.015417131,0.032399673,0.21481179,0.12628178,-0.00037351233,0.007343122,1,0.70244855
-1.3480425,-0.80120456,-0.035139993,-0.031934384,-0.033217438,0.031607054,-1.5903568,-0.44075808,-0.08797467,-0.11612211,0.0023648804,-0.058442514,-0.2894874,0.008422201,0.010327684,-0.059323553,-9.558551e-05,-0.089928165,0.026600037,-0.009032427,-0.8670167,-0.79046077,-0.074268766,-1.8405225,-0.035760917,0.010898353,0.06629714,0.035778664,0.0037805918,0.003099145,0,0.00022687933
-1.4053159,-0.7779047,-0.13689137,-0.022087466,-0.08204703,0.12167553,-1.5655828,-0.36146647,-0.11462521,-0.25233006,0.0021193193,-0.033286206,-0.00135733,-0.040139623,0.010738874,0.051562298,-0.0010200533,-0.0063466327,-0.0662069,-0.030091045,-0.98709124,-0.54745895,-0.043407574,-1.9231776,-0.03890437,0.012447335,0.050725576,0.029638402,0.0015755729,0.0024028458,0,0.00029015588
-0.14154668,0.022277463,-0.12715103,0.06493916,-0.16382104,-0.36888322,0.04856824,0.022678772,-0.05023826,0.082530536,0.0071289483,0.23076013,-0.14123045,0.059075963,0.0041170763,0.050726935,-4.9424183e-05,-0.006490862,-0.003922827,-0.013738171,-0.047919102,-0.43529207,-0.023372827,2.2340653,-0.021363841,0.02936347,0.21483502,0.13971436,-0.0004973124,0.007343122,1,0.84312433
-1.0691844,-0.7646167,-0.091304205,-0.012762396,-0.061118264,-0.11404784,-1.3942491,-0.551732,0.04621541,0.08898618,0.003258558,-0.18403049,0.123717204,0.03995485,0.014529448,-0.007107382,-0.0002463661,0.000752485,0.0045563034,-0.0281265,-0.6794824,-0.47158915,-0.042432625,-2.4949405,-0.05189315,0.012649468,0.07436471,0.059036754,-0.01735017,0.003099145,0,0.0005226695
-1.3810099,-0.18410333,-0.32665583,-0.01609066,-0.28491202,-0.0723322,0.030077504,0.01983802,-0.16855755,-0.09961824,0.0076111127,0.11320718,0.077318914,0.08051473,0.0040158317,0.0765855,-6.685659e-06,-0.03205775,0.006130089,-0.010752491,-1.5935265,-0.5582397,-0.021864207,1.7988218,-0.016003422,0.023494096,0.18037869,0.10647219,-0.00027655493,0.007039069,1,0.09748823
-1.5241086,-0.24368693,-0.25671127,-0.049417786,-0.10966229,-0.01104433,0.0206841,0.023928555,0.2491609,0.50062406,0.0075130053,-0.04717527,0.07357014,0.02146339,0.0043933727,0.028729789,-4.9424183e-05,-0.0037208998,0.005711091,-0.009021011,-0.2135282,-0.17837678,-0.023175513,2.306489,-0.014746508,0.03295733,0.22542316,0.13122895,1.9833802e-05,0.007343122,1,0.72389555
-0.69639575,-0.016276456,-0.1854403,0.055125576,0.0077857403,0.098128825,0.055130694,0.017114276,0.308768,0.47211543,0.008478685,-0.07873506,-0.048113212,0.037830234,0.0056513557,0.12355095,-8.64364e-06,-0.023805428,0.005281326,-0.018415995,-1.1791937,-0.1944926,-0.02260129,2.1808903,-0.013026429,0.028037755,0.20965554,0.12448935,-0.00027241936,0.007039069,1,0.7819981
-0.81704956,-0.32019377,-0.16895166,-0.015762625,-0.16216953,-0.0268044,0.019492863,0.011001763,0.001946391,-0.08625336,0.0023288166,0.0020848692,0.072833546,0.029680965,0.0015450537,0.012352981,-8.64364e-06,-0.013310644,-0.001634673,-0.049345728,-1.2346096,-0.75283784,-0.05977482,-2.1685607,-0.06989139,0.012871444,-0.79438096,0.05946162,-0.00019038616,0.003000453,0,0.0014950787
-1.1220008,-0.13448058,-0.14733523,0.02207449,-0.06250123,-0.042400297,0.02407805,0.00809913,-0.10910758,-0.28462723,0.002185645,-0.02151511,0.012037754,-0.013530686,0.001350296,0.052335765,-8.64364e-06,-0.013029682,0.0037761263,-0.04250062,-1.2568281,-0.9338897,-0.042023957,-1.9424515,-0.05248185,0.009996994,-0.55934954,0.042324662,-0.00024643718,0.0023560994,0,0.0013712745
-0.44614014,-0.11263153,-0.2919655,-0.05589665,-0.87539524,0.039772667,0.038218684,0.016565733,-0.22041976,-0.1166251,0.008341423,0.07127004,0.059445705,-0.00014274995,0.0048480784,-0.20077297,-8.64364e-06,0.06526092,-0.06375236,0.0022937157,-1.5432886,-0.26959282,-0.03255466,1.7576704,-0.013300982,0.026888866,0.194203,0.09434671,-0.0002780885,0.007039069,1,0.13616093
-0.62816936,0.039772265,-0.22068639,0.10685079,-0.04023872,0.07097191,0.03867209,0.021307625,-0.031905755,0.09726667,0.0075075156,-0.09408633,0.020166071,-0.030937823,0.0042512543,-0.093403615,-4.9424183e-05,-0.016358256,0.02217067,0.001213964,-0.13525832,-0.17898013,-0.028061844,2.2953374,-0.0136965485,0.029618755,0.23687822,0.1315519,-0.0003640763,0.007343122,1,0.8358594
-0.5320935,-0.3562544,-0.16382433,-0.021021148,-0.16062103,0.007769556,0.028028952,0.011798777,0.098524936,0.17875242,0.002602132,-0.071222566,-0.054082263,0.026974332,0.0016024492,0.070267506,-8.64364e-06,-0.054229528,-0.009511951,0.018094655,-1.4308349,-0.5856435,-0.074006535,-2.3121223,-0.043329358,0.011230511,0.07361296,-0.89459556,-0.0006587978,0.0029177177,0,0.0019796866
-0.06710314,0.017417805,-0.058224466,0.06156739,0.086027026,-0.07762976,0.050610453,0.019390605,-0.08107317,-0.024612233,0.007395357,-0.16332062,0.028373985,-0.017434774,0.004272533,0.06676725,-1.322949e-05,-0.011861021,-0.0050450466,0.003752408,-0.3788461,-0.23169997,-0.028313832,2.2640748,-0.015642487,0.029882515,0.23136954,0.13569537,-0.00038765883,0.007343122,1,0.8655051
-0.74662125,-0.7700886,-0.046427626,-0.014765046,-0.03077562,-0.5251605,0.030211624,0.01987435,-0.06424702,-0.14713864,0.0021808755,-0.07592117,-0.09953299,-0.17706811,0.0014399197,-0.27711153,-4.044135e-05,-0.06879713,-0.012114516,0.0052635386,-1.2694863,-0.44916865,0.07737484,-1.7429464,-0.0314416,0.0065962304,0.056134187,0.06113505,-0.00090759114,-0.33958405,0,0.0013315508
-0.49926457,-0.18593816,-0.13102257,-0.021142157,0.08047351,0.024771946,0.046390902,0.023791982,-0.06473564,-0.13941535,0.0074396157,-0.28514153,-0.11944617,-0.34920573,0.004159794,-0.3474106,-1.322949e-05,-0.03276157,-0.15974557,0.0027812854,-0.32677048,-0.090724275,-0.02720041,2.2051458,-0.01587392,0.028955258,0.21566269,0.13593484,-0.00037400206,0.007343122,1,0.49892917
-0.20852311,-0.6800401,-0.11571751,-0.018514402,-0.13292097,-0.06842197,-1.6842312,-0.39637423,-0.2581446,-0.5688037,0.0018735162,0.028913327,0.017180648,-0.021501148,0.007916207,0.045506112,-9.558551e-05,-0.000114566676,0.0065208264,-0.033124473,-0.64410424,-0.38874134,-0.045008514,-1.877161,-0.04552651,0.009659556,0.043767195,0.051407985,0.0025378442,0.00224216,0,0.0009477329
-0.542998,4.5123835,0.1934852,-0.011555417,0.09552313,-0.47534677,0.03103493,0.015574122,-0.09236903,-0.013977909,0.011603213,-0.066805765,0.0002785312,0.03692572,0.0062014987,-0.11492502,-8.64364e-06,-0.00419539,-0.027072461,0.0030702767,-1.2867252,-0.5128649,-0.030758271,2.0683045,-0.013773094,0.026036564,0.19500701,0.09796124,-0.00028173975,0.007039069,1,0.98394936
-0.70773435,-0.6088974,-0.042406417,-0.00070038147,-0.5506762,0.06660135,0.021383137,0.011800639,-0.12894928,-0.16638109,0.0020997475,0.0013382927,-0.06470472,-0.0131037375,0.0014940661,-0.122926325,-2.4539833e-05,-0.019770157,-0.013486858,0.012907542,-1.4458839,-0.8616851,-0.06720689,-1.6886182,-0.04017865,0.010776674,-0.6427286,0.054219045,-0.00065572734,0.0028597396,0,0.000918194
-0.7939233,-0.42434418,-0.28982422,-0.018793097,-0.7923078,-0.09909773,0.020313768,0.010236262,-0.11875043,-0.12594448,0.0022732632,-0.04887085,-0.07869673,-0.11844982,0.0014709847,-0.3131373,-6.685659e-06,-0.10033377,-0.053560477,0.02401951,-1.4033678,0.0834371,0.107095726,-1.3797109,-0.030052735,-0.016786924,-0.70178616,0.053758487,-0.00031502487,0.0028597396,0,0.0013673062
-0.62483454,-0.037250116,-0.4792171,0.0144855445,0.27568364,0.28985676,0.027767643,0.007192054,-0.24212103,-0.5866143,0.0017165706,-0.21578223,0.063778296,0.01729148,0.0011991301,0.03808829,-8.643641e-06,0.00076563243,-0.026935013,0.041323304,0.6084877,0.6219853,0.172985,-0.74912536,-0.017068138,-0.011498153,-0.5678709,-0.0029246763,-0.00020466548,0.0021707695,1,0.20300415
-0.91494495,0.039012045,-0.27141374,-0.008868856,-0.11223706,0.36128613,0.049117737,0.02500603,0.21956398,0.37259814,0.007174409,-0.14691958,-0.023846272,0.044500988,0.0039412985,0.069226146,-4.9424183e-05,-0.004198803,0.012629058,-0.014192179,-0.17381176,-0.5694073,-0.022844005,2.1345437,-0.019737042,0.03344472,0.18365535,0.13333952,-0.00050218933,0.007343122,1,0.8057241
-0.23069987,-0.43333063,-0.10854962,-0.014351743,-0.113722526,-0.9776619,0.041514672,0.011904016,-0.01881423,-0.43922585,0.0016654495,0.057502147,0.06871296,0.020425271,0.0010389162,0.046686523,-1.322949e-05,-0.002781586,0.0039251125,-0.032810282,-1.0418228,-0.41466334,-0.024845956,-1.4047594,0.37184566,0.017272493,0.0716411,0.080523595,-0.0003269869,0.0041960184,0,0.01153837
-0.13189492,3.6563823,-0.23649526,-0.018376466,0.09067287,-0.020638617,0.04552237,0.014238126,-0.09415912,0.027058657,0.012504661,0.104736164,-0.10876598,0.013048062,0.0051775603,0.0626982,-8.64364e-06,-0.020919507,0.0065135164,-0.016258525,-1.2069403,-0.20318231,-0.023096537,2.1551838,-0.013192024,0.02830154,0.20336804,0.11304018,-0.00028304599,0.007039069,1,0.98857355
-1.3698995,-0.3513713,-0.16213265,-0.017653303,-0.07988098,0.04704952,0.032060422,0.010858946,-0.22061244,-0.6711998,0.0018343339,0.06866525,-0.12389094,0.0050027664,0.001066429,0.05966425,-8.64364e-06,-0.005093524,0.0010104845,-0.039878204,-1.5415134,-0.570459,-0.049313016,-1.4283038,-0.04453062,0.009929489,0.04409165,0.039002627,-0.00059820997,-0.19678988,0,0.001436884
-0.19035156,-0.17290632,-0.18176472,-0.011917749,-0.050049033,0.029005513,0.034420114,0.01092586,-0.20986597,-0.58192676,0.0019559436,0.07127414,-0.11699862,0.007901726,0.0011267705,0.0451006,-8.64364e-06,-0.018466845,0.005418861,-0.045289744,-1.4061546,-0.53238434,-0.049142674,-1.8045012,-0.061701044,0.011072451,0.078492954,0.06440738,-0.0005530505,-0.20783834,0,0.0051088165
-0.7459495,-0.3858253,-0.27318057,-0.029785743,-0.017726855,-0.013251355,0.029276613,0.010076131,-0.033072196,-0.075138934,0.0024709697,0.0029875343,-0.32772505,-0.07019796,0.0015013398,-0.3262213,-8.64364e-06,-0.086970225,-0.1273687,0.013628951,-1.3711499,-0.6987354,-0.07852724,-1.8687594,-0.039629858,0.007257129,-0.75603104,0.05814292,-0.0003354096,0.0028597396,0,0.00075477565
-0.95982736,-0.27680132,-0.2356041,-0.031032152,-1.4460006,-0.28253382,0.04759916,0.020670006,-0.21478523,-0.31854442,0.001357166,-0.2257445,0.020072341,-0.044112906,0.0009917932,0.009218614,-4.9424183e-05,9.521417e-05,-0.0028525572,-0.031685434,-0.673891,-0.49929753,-0.07950581,-1.4751487,-0.07032225,-0.7746755,0.050993968,0.057313878,-0.0006593482,0.002554682,0,0.0005969071
-1.4303403,-0.38210797,-0.26780605,-0.019911498,0.23590796,-0.2844478,0.033710383,0.01032836,-0.046469178,0.004165471,0.002543487,-0.15699507,0.04620135,-0.039475527,0.001761189,0.0049401997,-6.685659e-06,-0.023804853,-0.0321701,0.017179681,0.3431964,0.4548553,0.14253408,-1.4628832,-0.020425892,-0.9453932,0.035598762,0.056249835,-0.00029997254,0.004005665,1,0.02388551
-0.6937687,-0.2939502,-0.19047682,-0.0058313226,-0.04603314,-0.0051862528,0.026882755,0.011378425,0.09934107,0.1714533,0.0025010915,0.050889306,-0.04230764,0.046893567,0.0014469315,0.068414204,-6.685659e-06,-0.0034731498,0.012915146,-0.054769114,-1.4242567,-0.8899292,-0.05195828,-2.3114371,-0.052840926,0.012134575,-0.778471,0.06014074,-0.00037044886,0.00293994,0,0.0018911401
-0.729259,-0.08759026,-0.11557678,0.083492756,-0.3170772,-0.03773281,0.050163504,0.017492896,0.30138007,0.40117744,0.008361963,-0.09715812,0.18460473,0.013142073,0.0054311617,0.17493688,-8.64364e-06,-0.03403761,-0.018742159,-0.01805127,-1.4658567,-0.12224143,-0.025518402,1.9732038,-0.0149948895,0.028603815,0.19985631,0.11195095,-0.0002907014,0.007039069,1,0.6191059
-0.6274433,-0.010423266,-0.13122165,0.06730839,-0.09426892,-0.022151308,0.02137644,0.011518772,-0.013287008,-0.057514593,0.0024371126,-0.11186416,-0.10804712,-0.18334682,0.0015573268,-0.23612079,-1.322949e-05,-0.058733497,-0.07601375,0.0065435697,-0.8024787,-0.8131214,-0.07744938,-2.5064967,-0.06206503,0.008915362,-0.8702798,0.055038095,-0.00033900098,0.003000453,0,0.0012593115
-1.8904539,-0.011490927,-0.29407763,-0.021570768,-0.04963537,-0.020485185,0.050195493,0.02273718,0.18143511,0.23846744,0.0070228735,-0.33005738,-0.2249927,-0.6257422,0.0032525584,0.03119095,-2.516625e-05,-0.00033958835,-0.012058195,-0.009610641,-0.07336351,-0.55057615,-0.023621315,1.8639188,-0.017847653,0.024115141,0.18824196,0.13186629,-0.0004139643,0.007343122,1,0.19820955
-0.7632215,-0.023218641,-0.60584503,-0.012192706,-0.18122019,-0.024480421,0.030967351,0.009689772,0.11501384,0.17487368,0.0027593286,-0.03927424,-0.113626346,0.016046414,0.0017403739,0.054372836,-8.64364e-06,0.0014318833,-0.00088511803,0.02026412,-1.5033729,-0.57443345,-0.07764845,-2.281188,-0.04774381,0.012564294,-0.87864107,0.05767413,-0.00031110412,0.0029202527,0,0.0013343951
-0.5697127,0.015042903,-0.35975257,-0.016470313,-0.1262364,0.09324056,0.029322868,0.008921431,-0.08115005,-0.2513033,0.002598167,-0.11762815,-0.11107682,-0.016294636,0.0013407806,0.03365163,-1.322949e-05,-0.01807482,-0.013589765,0.008219387,-1.0150136,-0.65639156,-0.073573545,-2.599847,-0.055769864,0.016261067,0.10234606,-0.94786507,-0.000701157,0.003061155,0,0.001220339
-0.22144492,0.026331509,-0.1677961,0.040262118,0.07113324,0.054139506,0.037795026,0.023402678,0.16154255,0.24589133,0.007034968,0.22781415,0.060536254,0.047368255,0.0041050864,0.017647678,-4.9424183e-05,-0.0060857926,-5.797067e-05,-0.013424965,-0.11556605,-0.45212525,-0.023395047,2.2392073,-0.01751542,0.030640261,0.22129412,0.14540176,-0.00037572673,0.007343122,1,0.93463117
-0.418988,-0.090779945,-0.33366308,-0.01830748,-0.101997,-0.3939399,0.046795785,0.022998028,0.20028931,0.44843298,0.0074060704,0.09630005,-0.05566829,-0.054233912,0.004189874,0.044675596,-4.9424183e-05,-0.011454425,0.027411921,-0.011285735,-0.12727587,-0.24776107,-0.024892472,2.3321228,-0.02074711,0.031393018,0.23446572,0.13359582,-0.00037921342,0.007343122,1,0.85005724
-0.69819003,-0.36144948,-0.1752315,-0.021981131,-0.10633977,0.040956352,0.039491206,0.029776571,-0.03221007,0.119282,0.006776651,0.24875191,-0.010491393,-0.00052104867,0.00394541,0.07707869,-4.9424183e-05,0.0013713051,0.0042640166,-0.014231594,-0.058792457,-0.48989812,-0.023789646,2.1050084,-0.01680619,0.027229069,0.21228172,0.13510066,-0.0006291647,0.0071220826,1,0.7420936
-0.85863227,-0.13020262,-0.25552508,0.021818211,0.041565396,-0.07923967,0.04815206,0.023277452,-0.104014,0.055736747,0.0071444875,-0.4578586,-0.08433795,0.032754924,0.0039059576,0.046043538,-2.516625e-05,-0.0075513027,-0.003112566,-0.013605899,-0.21309191,-0.5427973,-0.020811995,2.0846386,-0.017576756,0.030011296,0.21154775,0.14026976,-0.00041077402,0.007343122,1,0.493617
-1.3760767,-0.23270497,-0.15322964,0.03293994,-0.31671223,-0.28543615,0.022488296,0.009587358,0.083134584,0.09604393,0.0023578387,-0.14672479,0.0060121035,-0.057144355,0.0015804197,0.033336435,-2.2618437e-05,-0.018256655,-0.08575306,-0.048923522,-1.3805422,-0.5882067,-0.037769675,-1.9979795,-0.06785152,0.013476887,0.044106353,-0.9153744,-0.00052812387,0.0029794767,0,0.00064080505
-0.8165884,-0.30252594,-0.34933424,-0.011503718,0.27616635,0.048010483,0.035009302,0.011560286,-0.044541273,-0.06701075,0.0027208657,-0.04049202,-0.0011451483,-0.031495355,0.0017703999,0.046975512,-8.643641e-06,-0.027729476,-0.07586394,0.030626448,0.37388343,0.4014851,0.15382393,-1.484492,-0.016654197,-1.1747582,0.0018912378,-0.0056275018,-0.00030564168,0.004005665,1,0.045084108
-1.7113811,-0.3323944,-0.18597987,-0.0024921207,0.09834652,-0.16849957,0.043216795,0.02430543,-0.034631282,-0.15538867,0.0075676423,-0.035774253,-0.26240847,-0.043554418,0.0033304465,-0.1806219,-2.516625e-05,-0.012590218,-0.012079719,0.0013031868,0.01446314,-0.27586627,-0.028532732,1.9912674,-0.018696377,0.016632885,0.22436163,0.1263335,-0.00037953694,0.007343122,1,0.29033214
-0.86850953,-0.10444829,-0.2490611,0.093807206,-0.095327735,-0.22048962,-1.2591125,-0.17845705,0.023205668,-0.059096973,0.017134553,0.01707425,-0.04416458,-0.0318374,0.022165274,-0.08065827,-6.685659e-06,-0.05031566,-0.027926523,0.010190324,-1.0753117,-0.67854065,-0.06312372,-2.346998,-0.066424765,0.007234705,-0.008953208,-0.5625122,-0.0035852613,0.0018698024,0,0.00038069751
-0.79992163,0.026541965,-0.5952011,-0.010382954,-0.67411643,-0.057684295,0.020852363,0.0097490335,-0.07210925,0.009235859,0.0027262915,-0.39827356,0.011922975,-0.048342295,0.0016937956,0.060336243,-8.64364e-06,-0.019242736,-0.0116862,0.028148606,-1.5976057,-0.5710851,0.09633265,-2.2067716,-0.044057414,0.010389294,0.07426047,-0.7828427,-0.0005161233,0.0029794767,0,0.0005388008
-0.836523,-0.098661885,-0.10494504,0.068298295,0.10252201,-0.045807406,0.0684764,0.031148437,-0.26587912,-0.74694055,0.0031425457,0.35213497,0.07363493,0.048629444,0.0019004457,0.06329945,-4.9424183e-05,-0.0047970787,0.0028248143,-0.013633551,0.15288503,-0.26647502,-0.031006334,1.9732676,-0.020028314,0.021485202,0.18648437,0.12713782,-0.00039174184,0.004417057,1,0.70174164
-1.2173976,-0.15651958,-0.31408343,0.0017919688,-0.66954404,-0.50773394,0.019034298,0.011436585,-0.074734986,0.052700743,0.00232648,0.28998384,0.027797852,0.037861533,0.0013169762,-0.0023043277,-2.516625e-05,-0.007876193,-0.020177605,0.007275215,-0.20388642,0.17042004,-0.024700252,-1.6124468,-0.04104973,-0.00705757,-0.5648043,0.07495236,-0.00041413482,0.003000453,1,0.008873217
-0.48108652,-0.10848949,-0.22930513,-0.03164658,-0.16265869,0.10631233,0.04510207,0.02502346,0.22481124,0.38574085,0.0070911665,-0.32115284,-0.060700346,0.042011302,0.0039115795,0.06958315,-4.9424183e-05,-0.0058782776,0.0031886243,-0.013450503,-0.15734495,-0.6290695,-0.023519568,2.1566057,-0.01923605,0.029686429,0.21993253,0.1384082,-0.00029361335,0.007343122,1,0.77380514
-0.4346122,-0.11028619,-0.29411647,-0.055758096,0.026403999,0.10446187,0.047227934,0.0227824,0.23041132,0.5440514,0.0076494245,-0.41380718,-0.060656637,0.029437417,0.004175513,0.09627871,-4.9424183e-05,-0.0071673654,0.0084680775,-0.003208962,-0.3080683,-0.23055334,-0.024917908,2.3510253,-0.014471383,0.030355757,0.23819803,0.13545899,-0.00037975813,0.007343122,1,0.8737717
-0.8582459,3.0522435,-0.0024639869,0.07625092,-0.10445413,0.048905194,0.033355217,0.019206315,0.18091758,0.3321142,0.011561075,0.11728205,0.006875117,-0.011797529,0.0054416484,0.09017323,-4.9424183e-05,-0.012366932,0.00287894,-0.010291875,-0.21843186,-0.20308182,-0.033225294,2.40978,-0.012879715,0.032231536,0.23711337,0.13425058,-0.00027596945,0.007343122,1,0.9952242
-1.322596,-0.18459673,-0.36807656,-0.01876818,-0.4019615,-0.012693952,0.027706362,0.007897512,-0.19142094,-0.55449337,0.0016498492,0.045182478,-0.027731655,-0.05657867,0.0010470208,0.019915476,-8.64364e-06,-0.018909624,-0.12148363,0.014531776,-1.7269218,-0.8029974,0.079667024,-1.5228692,-0.046094682,0.007322664,0.049671944,-0.6720498,-0.00045843195,0.0022042019,0,0.00041581076
-0.7171097,3.2522964,0.13677357,0.18027067,0.07763127,-0.3441708,0.039522644,0.01341468,0.029814884,0.09852628,0.011544794,-0.011752696,0.05615568,0.008913272,0.0056053097,-0.02781217,-1.322949e-05,-0.022620974,0.0050081955,-0.0061709085,-0.21593612,-0.11517913,-0.02812661,2.3549702,-0.015660448,0.029628782,0.22400737,0.120029,-0.00036680046,0.007343122,1,0.994266
-0.7122767,-0.02505165,-0.027567875,0.10632011,-0.48851907,-0.150854,0.02148419,0.008742907,-0.18087839,-0.46420485,0.0016900577,0.03087463,-0.16626285,-0.02359206,0.001092111,0.024821278,-8.64364e-06,-0.021184364,-0.0020612439,-0.053251915,-1.3117446,-0.859422,-0.04812985,-1.7179793,-0.068542644,0.008599787,-0.56029063,0.03745853,-0.00027031748,0.0021707695,0,0.0013187012
-1.2933068,-0.16204186,-0.19182624,-0.015141819,-0.13109165,0.19948108,0.030473733,0.013200659,0.10427616,0.19638914,0.0026903313,0.07220195,-0.0902575,0.019558698,0.0015126783,0.06589194,-8.64364e-06,-0.016701782,0.0025297608,-0.02414813,-1.2463013,-0.7506683,-0.06984232,-2.463687,-0.06451514,-0.948375,0.085545406,0.07303089,-0.00060681475,0.0043097176,0,0.0013743783
-0.24860352,-0.34157774,-0.16148715,-0.02702204,-0.17298034,0.08750932,0.04138875,0.028910587,-0.06457627,0.11091356,0.006691848,-0.36643377,0.010838951,-0.019195808,0.003925187,0.07157481,-4.9424183e-05,0.0018031354,0.0028631599,-0.015060038,-0.0841577,-0.691707,-0.023422807,2.0059602,-0.01673231,0.026453897,0.20688176,0.13576297,-0.00045223525,0.0071220826,1,0.628128
-0.9152774,-0.66472185,-0.15762715,-0.021354344,-0.2197454,-0.22648944,-1.4945357,-0.36037377,-0.27730954,-0.54181623,0.0019856193,0.033609565,-0.14398874,0.04952322,0.007826203,0.034574334,-0.0010200533,0.0002501643,0.0012119178,-0.03205488,-0.61171764,-0.4967239,-0.043624513,-1.6010076,-0.055657744,0.009831006,0.034904294,0.04328294,0.010330545,0.00224216,0,0.00048716564
-0.88940495,-0.06912752,-0.327173,-0.01965343,-0.16364834,-0.021954058,0.028473908,0.011860546,0.10526469,0.20834959,0.002582275,-0.15694936,-0.1151542,-0.55491203,0.0015366914,0.04081686,-4.9424183e-05,-0.015952677,0.019606628,-0.030860176,-0.88055193,-0.6393694,-0.04812027,-2.7268007,-0.060434006,0.01637476,0.104822226,-0.9964917,-0.0006732629,0.003061155,0,0.00077221065
-0.6517856,2.8664494,-0.2417864,-0.016608566,0.04223271,-0.028153356,0.031431694,0.019254807,0.17627661,0.3746666,0.011407594,-0.010291394,0.011139422,-0.041420676,0.005265335,0.03504993,-4.9424183e-05,-0.009398127,0.011008555,-0.002057357,-0.23378296,-0.23845711,-0.024035428,2.3945625,-0.012913461,0.031032873,0.23801115,0.12880076,-0.00038224278,0.007343122,1,0.99247414
-0.25881612,-0.24900617,-0.10475087,-0.010789899,0.29194462,0.031012816,0.030000463,0.009537366,-0.054497316,-0.18648024,0.0022365167,0.07823543,0.0082338,-0.008347049,0.0013630707,0.056083303,-8.643641e-06,0.014346594,-0.012215988,0.031559706,0.7175093,0.66453004,0.15049365,-0.90109223,-0.015559995,-0.01873058,-0.06680226,-0.58813274,-0.00030108256,0.002569301,1,0.40689367
-1.4316607,-0.49417526,-0.306586,-0.0052855066,0.26922604,-0.642245,0.026537713,0.0077241184,-0.12262746,-0.3844155,0.0016274161,0.069816105,0.054111313,-0.045909036,0.0011045008,-0.00019152,-6.685659e-06,-0.001561598,-0.02549028,0.02142653,0.33265534,0.44140688,0.14885324,-0.76019335,-0.017184531,-0.031566225,-0.6293456,0.027870618,-0.00019395498,0.0021707695,0,0.029740486
-0.7815376,-0.04100875,-0.12166066,0.09597926,-0.009641398,0.07494474,0.04534553,0.019127222,-0.11030699,-0.10929355,0.0070907585,0.10779602,-0.12463388,0.00045650167,0.004002318,0.061949212,-2.2618437e-05,-0.027451638,-0.00243394,-0.025108363,-1.0920115,-0.27676442,-0.023132019,2.0274832,-0.018030902,0.028586535,0.1878589,0.1184278,-0.00041051605,0.007343122,1,0.50799793
-1.2975751,0.014288325,-0.13487986,0.030958166,-0.3022327,-0.5524912,0.025078753,0.00830173,-0.16935578,-0.49534675,0.0016818128,-0.12193968,0.040190607,-0.03221968,0.0011525713,0.040448718,-6.685659e-06,-0.006851196,-0.0011625439,-0.03546171,-1.3876151,-0.8859301,-0.046204988,-1.482963,-0.07559069,0.0030724795,0.017878382,-0.72342736,-0.0005218551,0.0022042019,0,0.0005219235
-0.8582087,-0.46231702,-0.15710409,-0.019579705,-0.22981554,-0.07815087,-1.1897718,0.060286455,0.084614106,0.13340169,0.0025764075,-0.040856432,0.08923127,0.007119053,0.0046695,0.06889046,-8.64364e-06,-0.0063950736,0.0063140374,-0.05265821,-1.2420824,-0.5764306,-0.05037608,-2.166186,-0.042412676,0.012242756,-0.6204029,0.046961825,-0.0025101579,0.00210955,0,0.0006971582
-0.39695418,-0.09002654,-0.33610514,0.053733822,-0.1380133,-0.7128071,0.026256016,0.012306049,0.07456357,0.13359544,0.0025564705,-0.23139861,-0.15539703,0.029720401,0.0015179006,0.039198183,-4.9424183e-05,-0.008196479,-0.0030296138,-0.032125607,-0.6639955,-0.59871304,-0.039432887,-2.5901845,-0.08291588,0.014616643,-0.8103856,0.06560994,-0.0004983454,0.003000453,1,0.0016187177
-0.7693766,-0.30057326,-0.22373268,-0.074318945,0.059037536,-0.41558227,0.027122857,0.006969713,-0.06847788,-0.24411502,0.0022802306,-0.35723338,0.03279522,-0.026347952,0.001442757,0.05030502,-8.64364e-06,-0.011598811,0.0027032278,-0.055153407,-1.5849305,-0.8477593,-0.053338308,-1.711798,-0.059196148,0.010245956,-0.57863146,0.048483808,-0.00028424198,0.0025901403,0,0.00080053543
-1.3075316,-0.14075945,-0.310419,-0.007499805,-0.013023693,-0.30061787,0.039280143,0.022986239,-0.0072531877,-0.083587006,0.007040193,0.06373888,-0.0705631,0.016259225,0.0040126396,-0.02820902,-2.516625e-05,-0.020070957,-0.048052326,-0.00980656,-0.50736827,-0.36843437,-0.029398229,2.0587046,-0.01999457,0.025913004,0.20996687,0.13085935,-0.0004141855,0.007343122,1,0.33673686
-1.381812,-0.56854683,-0.1393265,-0.0036374351,-0.18300758,-0.07745742,0.027010337,0.014319599,0.0666007,0.1624338,0.002219628,-0.36997575,0.0556922,0.025080906,0.0014749856,0.011313379,-4.5451732e-05,-0.0011015953,0.0110487,-0.032359798,-1.0892622,-0.561262,-0.050060987,-2.3462868,-0.042988114,0.009062338,-0.7144804,0.06091276,-0.0015890106,0.00293994,0,0.00082110416
-0.54278857,0.036996346,-0.14832535,0.09823211,0.054559354,0.10116639,0.044388242,0.021593476,-0.08731814,-0.108812384,0.007642474,-0.06979844,-0.45274574,-0.111451626,0.0041617756,-0.03177116,-4.9424183e-05,-0.022552159,-0.03364441,-0.016282327,-0.24876058,-0.26039785,-0.030467285,2.1860735,-0.015443486,0.02919649,0.23637648,0.12666081,-0.00039237103,0.007343122,1,0.6862067
-0.6528908,-0.18583708,-0.30996773,-0.009527174,-0.05675593,0.022301836,0.03102426,0.009618706,-0.05519185,-0.019824164,0.002752252,-0.03223748,-0.11450048,-0.017394682,0.0017614177,0.04259772,-8.64364e-06,0.0016790861,-0.03845931,0.020542432,-1.1540542,-0.78219765,-0.07818945,-2.2672276,-0.05787063,0.011822948,-0.76907086,0.058578286,-0.00028905517,0.0029202527,0,0.0016807376
-0.77303344,-0.63854694,-0.08045346,-0.00625537,-0.6682446,-0.0022564773,0.018233746,0.017706241,-0.12494854,-0.14406537,0.0022439184,-0.012115688,-0.021849293,0.014628029,0.0014493424,-0.071902744,-4.044135e-05,-0.016529854,-0.022222744,0.0106617045,-1.3928925,-0.82556444,-0.06396639,-1.7915925,-0.04547706,0.009522627,0.063570224,-0.81650585,-0.0009775821,0.0029177177,0,0.0006298147
-0.07532241,-0.12467383,-0.1979952,-0.028308392,0.050129093,0.021702176,0.050767943,0.018340029,0.22400282,0.42396423,0.0072462503,-0.111133054,-0.055403486,0.016984388,0.004069057,0.10982895,-8.64364e-06,0.006681399,0.005187365,0.007773506,-1.1422373,-0.17431147,-0.029348778,2.1421344,-0.013262448,0.028117457,0.2153374,0.13173077,-0.0002958097,0.007343122,1,0.8217273
-0.22430822,-0.1828147,-0.33532014,-0.0135476785,-0.21466878,0.025794633,0.029091788,0.009788728,-0.057727106,-0.13322788,0.002587496,0.034486998,0.010905841,0.030903792,0.0017324452,-0.047863524,-2.2618437e-05,-0.03766727,-0.056473758,0.014272615,-1.3605529,-0.7115371,-0.07615728,-2.2150395,-0.059092257,0.011805864,-0.78168577,0.05891451,-0.00028321,0.0029202527,0,0.0018967198
-0.45738265,-0.09823692,-0.2788821,-0.05232339,0.034989707,0.17481521,0.053155158,0.020458244,0.22480702,0.5484526,0.00764471,-0.07003313,-0.0574626,0.009387602,0.004198371,0.08908853,-1.322949e-05,-0.007014935,0.009763872,-0.0075185825,-0.16227597,-0.34923097,-0.023684582,2.3875809,-0.014239376,0.031681206,0.2336667,0.13456891,-0.00037881284,0.007343122,1,0.9169779
-0.48568666,-0.11283593,-0.28054285,-0.009055037,0.09925874,-0.52858,0.05538446,0.017136525,0.2814003,0.45168892,0.0075292788,-0.058370557,-0.027852388,-0.0961372,0.0056925295,0.12229702,-8.64364e-06,-0.020867584,0.02227673,-0.020778429,-1.2962375,-0.12947214,-0.027222086,2.0311646,-0.015433043,0.028802944,0.19535762,0.12494939,-0.00028056419,0.007039069,1,0.5865378
-0.87232745,-0.16420497,-0.3684409,-0.021667102,-0.2478924,0.049566768,0.029931622,0.009727666,-0.05039648,0.032456607,0.0027516452,-0.05001713,-0.12192243,-0.026956946,0.001736195,0.03803377,-8.64364e-06,-0.1237159,-0.09799309,0.02935951,-1.3339412,-0.6801656,0.09115329,-2.2766838,-0.044483032,0.010469089,-0.78890955,0.037645202,-0.00027243735,0.0029202527,0,0.0009817474
-0.76462924,3.141548,0.038389385,0.079826415,-0.10434954,-0.2885213,0.035078112,0.01724039,0.2847702,0.42893663,0.011632005,0.06395056,-0.057879023,0.08634685,0.005361209,0.06673366,-4.9424183e-05,-0.00827038,0.0043076416,-0.0074825548,-0.20105621,-0.12484062,-0.022851324,2.4130971,-0.017312475,0.031586263,0.22774862,0.12311495,-0.00028221522,0.007343122,1,0.9958419
-0.8420375,-0.21170698,-0.20356542,-0.0038401529,-0.2449044,-0.016892059,0.03069451,0.012540191,-0.0627702,-0.014641487,0.0026121144,-0.3697841,0.041366074,-0.00803988,0.0015545493,0.044153795,-6.685659e-06,-0.01782233,0.0009808214,-0.053494025,-1.7472178,-0.42284748,-0.048432022,-2.0874531,-0.051366813,0.017336108,0.03681628,0.07761417,-0.00058869296,-0.35063255,0,0.0015263924
-1.4259701,-0.17457278,-0.33351418,-0.010206043,-0.118490666,-0.053406876,-1.2958658,0.006879266,0.061759923,0.1411652,0.0033412622,-0.01348698,-0.0057807784,-0.015925346,0.004512594,0.012794057,-6.685659e-06,-0.018382182,0.008458729,-0.051657077,-1.3463199,-0.54898804,-0.05458571,-1.9885483,-0.0500245,0.002767886,-0.6366149,0.045923315,-0.00096540735,0.0021380398,0,0.00039174102
-1.4545487,0.051255457,-0.3288608,-0.019168815,-0.04292168,0.06770315,0.04479316,0.024406247,-0.1071584,-0.13557497,0.0069783656,-0.40427843,0.029205052,-0.016298246,0.0033857308,0.05926404,-4.9424183e-05,-0.0054134447,0.0017308288,-0.0126604065,0.019742116,-0.5573516,-0.023181219,1.8778836,-0.019291528,0.029974595,0.19732104,0.12718995,-0.0004964882,0.007343122,1,0.36123118
-0.19228953,-0.2501396,-0.24830146,-0.04259038,-0.04611594,-0.26222682,0.026744915,0.011801981,-0.06491537,-0.0890586,0.0023970676,-0.38046938,0.0336991,-0.022830132,0.0014809438,0.048145592,-4.9424183e-05,-0.009714817,0.0037919267,-0.03621361,-1.1308353,-0.52051836,-0.051682338,-2.3425422,-0.05887188,0.013698175,-0.860846,0.066237494,-0.00037421958,0.003000453,0,0.0016745467
-0.22553076,4.1167736,-0.019679992,-0.018702332,-0.033391938,-0.11244725,-1.0963413,0.1376101,0.19635873,0.28350925,0.0220726,-0.1618585,0.13563713,0.006156964,0.027412143,0.117108524,-2.2618437e-05,-0.012147759,0.0016912386,-0.014160329,-0.5150104,-0.33209255,-0.017124873,2.083091,-0.013857142,0.023689268,0.12572612,0.111452565,-0.0026494523,0.004290281,1,0.9920501
-0.8697641,-0.20243536,-0.23860885,-0.06794757,0.26680815,0.1107463,0.030538816,0.009747395,-0.26841068,-0.50725883,0.0017702816,0.05124081,-0.016987648,0.0008280251,0.0011416456,0.04954983,-8.643641e-06,-0.011747307,-0.03511685,0.026375704,0.57373464,0.39244115,0.14823097,-0.83359706,-0.016182162,-1.12653,-0.07006887,-0.018970609,-0.00026623235,0.0025372817,1,0.068551436
-0.2525804,-0.4561572,-0.10886876,-0.010857056,0.28023738,0.09530734,0.038010184,0.011994051,-0.20236425,-0.41840282,0.001749638,0.04361362,-0.05884827,0.0005056336,0.0010338061,0.034521163,-4.044135e-05,-0.012481278,-0.040469028,0.029626843,0.5331391,0.5875826,0.15516818,-0.5790274,-0.013338008,-0.88959515,-0.032144345,-0.018340781,-0.0004475782,0.002472296,0,0.21926631
-0.57943815,-1.0022652,-0.16723841,-0.017513108,0.061225533,0.023377398,0.062046427,0.042917926,0.2019629,0.2894852,0.006606633,0.17018983,-0.051247936,0.033418987,0.0037729112,0.07574531,-9.558551e-05,0.001406653,0.00973982,-0.012729296,-0.018578315,-0.014887698,-0.023701381,2.202879,-0.012361771,0.028927919,0.2120203,0.12851624,-0.0017251202,0.0071220826,1,0.8413934
-1.0634749,0.0012287466,-0.3675371,-0.0064658043,0.02376852,-0.24659309,0.023942377,0.0099059325,-0.17623752,-0.4079081,0.0019981277,0.094923876,-0.09076408,0.0031760407,0.0012170858,0.043889944,-2.2618437e-05,-0.011268211,-0.00072715286,-0.037052855,-1.4599121,-0.61137867,-0.04694395,-1.8188788,-0.07349441,0.01131,0.04516081,-0.74492645,-0.0005657355,0.0023567537,0,0.0010146255
-0.773943,-0.31397033,-0.21909295,-0.0067084157,-0.33997244,-0.23658489,0.025670303,0.0066797608,-0.2198247,-0.6083144,0.0015217562,0.01130299,-0.08265643,-0.60217553,0.0010786026,0.041004326,-6.685659e-06,0.0030403154,0.0008150554,-0.056900077,-1.5247177,-0.62249243,-0.054083668,-1.2852174,-0.051874865,0.0093138935,-0.4339828,0.04174084,-0.00023903981,0.002110256,0,0.0006891063
-0.7628262,3.7053607,-0.26054013,-0.007002702,0.03876409,-0.40793988,0.036624692,0.015339408,0.17616859,0.34435725,0.011309832,-0.063956305,-0.007843018,-0.029719824,0.005207781,0.1287141,-8.64364e-06,-0.009599731,0.0048011923,-0.014001513,-0.9135528,-0.2556951,-0.022581112,2.1689467,-0.015730586,0.028892055,0.2201207,0.11604794,-0.00029323337,0.007343122,1,0.9858774
-0.65743107,-1.0148677,-0.121965885,-0.016269743,0.0035703566,0.028169662,0.054815542,0.043119527,0.010573471,0.1693623,0.0064102286,-0.2644456,-0.03485014,-0.053468555,0.0038506514,0.076912776,-9.558551e-05,0.0002989211,0.003526909,-0.011857325,0.008054469,-0.3211143,-0.024207165,2.0903497,-0.013779406,0.025182113,0.20719567,0.12149885,-0.0017206423,0.0071220826,1,0.5824875
-0.78305125,-0.3288843,-0.1606868,-0.015173157,-1.4160299,-0.6862572,0.06470749,0.03235659,-0.4640197,-0.5104998,0.0013634318,0.059109293,0.049322225,0.030763408,0.0010072073,0.013926504,-4.9424183e-05,-0.00059460854,0.0025817445,-0.03672062,-0.34343934,-0.36617202,-0.03722812,-1.1703438,0.38945916,0.0009735524,0.10673027,0.09200744,-0.00036824908,0.0041960184,0,0.0042272857
-1.3611256,-0.17386903,-0.24162355,-0.013351551,-0.57411474,0.009204721,0.07520084,0.031232787,0.254094,0.36112747,0.0014154472,0.12520753,0.02267384,0.020457748,0.0009592781,-0.006425426,-2.516625e-05,-0.0018942723,-0.011760728,-0.030082079,0.09301149,-0.19840734,-0.0065394323,-0.59821665,0.9566441,0.013397547,0.1338478,0.10293349,-0.00025851768,0.004417057,1,0.26838788
-0.088389516,-0.10002898,-0.2651359,-0.047527406,0.04958755,0.08487861,0.044032242,0.022762995,-0.060786128,0.09285508,0.0075434623,0.11925008,-0.08634075,0.016247483,0.0042519365,0.08045576,-4.9424183e-05,-0.011573229,0.0026467866,-0.01187098,-0.3503061,-0.22744602,-0.025401143,2.2742913,-0.014650874,0.029667947,0.24814022,0.13591886,-0.00037975813,0.007343122,1,0.8742467
-0.18060833,-0.33150136,-0.17868556,-0.022399383,0.08280739,0.040203527,0.05000085,0.029539492,-0.052810103,0.07972966,0.0069473386,0.2735831,-0.07100225,0.036034152,0.0038350339,0.058065664,-4.9424183e-05,0.00063555664,0.0015881615,-0.015035562,0.049434736,-0.52243745,-0.024338568,2.1492724,-0.017012505,0.025299776,0.21154608,0.13679121,-0.00063595513,0.0071220826,1,0.862353
-1.5356714,-0.2553683,-0.2967122,-0.0033074785,-0.2599696,-0.46075803,0.026695846,0.009339529,-0.08474829,-0.00406649,0.002738506,0.06067504,-0.1251494,0.015487216,0.001619645,0.032181527,-6.685659e-06,-0.014128293,-0.013255549,-0.033861622,-1.437243,-0.5462695,-0.03800402,-2.0578732,-0.05775458,0.0038550892,0.06799066,-0.83723384,-0.00058462634,0.0029794767,0,0.00039772558
-0.33884606,-0.20830885,-0.19186802,-0.012350435,-0.04300287,0.010008373,0.032055095,0.013086967,0.08030378,0.10549898,0.0025291622,-0.22448654,-0.11492535,0.023776935,0.0014304902,0.042850833,-4.9424183e-05,-0.0054434524,0.007689229,-0.038196158,-0.622193,-0.52224207,-0.04694208,-2.466144,-0.078920834,0.012626893,-0.83662957,0.07241362,-0.0004209173,0.003000453,0,0.004798477
-0.99916226,-0.22686258,-0.23790786,-0.045862034,-0.0044153323,0.010478245,0.02649345,0.007635422,-0.1628756,-0.48657885,0.0019814312,-0.3491373,-0.1279475,0.005083269,0.0011396498,0.05060282,-1.322949e-05,-0.0080267545,0.0015563947,-0.031776164,-1.1641738,-0.83108884,-0.049990293,-2.050067,-0.05000533,0.009189574,-0.69636035,0.04700031,-0.0002907483,0.0023560994,0,0.0006421966
-0.7624931,0.0051853843,-0.08825552,0.055610433,0.099051856,0.0056938105,0.05290628,0.01977665,0.28886786,0.45720822,0.0075293677,-0.0978005,0.023882352,-0.08878704,0.00439875,0.061124414,-2.516625e-05,-0.008645201,0.011874304,-0.011742231,-0.12928933,-0.16456501,-0.02454607,2.3895197,-0.016258607,0.034649357,0.23341066,0.13728917,-0.00038612523,0.007343122,1,0.92494965
-1.5110865,-0.80936605,-0.19103462,-0.031025982,-0.2147892,0.05507836,-1.438758,-0.38579673,-0.09298093,-0.22423223,0.0023134118,-0.19244309,-0.19278955,0.015024839,0.010954478,0.03614441,-0.0010200533,-0.0067063756,-0.08607546,-0.0320831,-0.83097595,-0.5830001,-0.043477338,-1.6847196,-0.05341172,0.010594193,0.046518356,0.040266097,-0.021364707,0.0027391273,0,0.00022516481
-0.54479504,-1.149041,-0.12113809,-0.022187496,-0.68051577,-0.08793262,0.06381309,0.04163821,-0.060784005,0.056900404,0.0064122486,0.109367125,-0.23661318,-0.7005317,0.0038589002,0.06044332,-0.0010200533,-0.0007922386,0.00973807,-0.013873579,-0.13444665,-0.2330183,-0.025167543,2.010612,-0.014202679,0.025484025,0.19991972,0.12591906,-0.0017206423,0.0071220826,1,0.21458587
-0.78239334,0.006030477,-0.5158177,-0.011127174,-0.68241316,-0.0753043,0.017856205,0.010361784,-0.14689146,-0.120244205,0.002587284,0.025567554,-0.0024473085,-0.05611472,0.0016418013,-0.10653089,-2.2618437e-05,-0.008533282,-0.03923024,0.0124642635,-1.3369542,-0.52270526,-0.06675593,-2.0186205,-0.058436725,0.010990119,-0.87670946,0.045147784,-0.00030580364,0.0029202527,0,0.00068669184
-0.68617934,-0.058633555,-0.41202572,-0.00945071,-0.09393308,0.00037916424,0.026696447,0.0084397895,-0.25124446,-0.6906429,0.0019534358,-0.011483274,-0.118311904,-0.004563503,0.0011183509,0.04345449,-8.64364e-06,-0.020189852,-0.023659647,0.028816296,-1.4752891,-0.56207013,0.1001175,-1.544853,-0.04666394,0.008828304,0.049095854,-0.76464504,-0.0004804809,0.0022042019,0,0.0015099462
-0.9102959,-0.19841786,-0.31704074,-0.008660611,-0.1963527,-0.23776685,0.028476465,0.009291777,-0.17405535,-0.5901586,0.0020402274,-0.034139335,-0.1200101,0.023259237,0.0011064784,0.03498991,-1.322949e-05,-0.012441102,0.009326674,-0.03557623,-1.0721403,-0.6169604,-0.047160488,-2.1534464,-0.06726378,0.011208721,0.06384587,-0.8184963,-0.00058349717,0.002392764,0,0.0006011981
-1.0376424,-0.24935877,-0.1584794,-0.01634861,-0.27816096,-0.3295251,0.027131582,0.007929858,-0.077137895,-0.28255323,0.0020053685,0.06242298,0.025318615,-0.047977824,0.0012720863,0.053192686,-8.64364e-06,0.002524307,0.005113392,-0.038398497,-1.6479218,-0.4802599,-0.04661322,-1.5906351,-0.04806195,0.009675522,-0.5487948,0.04540097,-0.00028610637,0.002260101,0,0.0013252009
-1.9599563,0.11974512,-0.40076917,-0.0075482936,-0.034100447,-0.27972162,0.04310435,0.025227532,-0.030845294,0.08896201,0.0059279026,0.32344747,0.0048067793,-0.039119035,0.0032114151,0.079520404,-4.9424183e-05,-0.0073128226,-0.066301495,-5.610723e-05,-0.06796562,-0.41556352,-0.022936635,1.908291,-0.020683218,0.02904516,0.20249943,0.114968486,-0.00050104735,0.007343122,1,0.40413237
-1.3246713,-0.1319548,-0.19556165,-0.022121072,0.049900822,0.015768098,0.052637085,0.020648904,0.20878361,0.49239647,0.0076440293,-0.13769504,-0.08951803,0.0012617563,0.004179812,0.081605226,-1.322949e-05,-0.019309705,-0.034558736,-0.006418682,-0.24317625,-0.33291146,-0.03646732,2.2759368,-0.014188984,0.02763541,0.21254988,0.11881506,-0.00037881284,0.007343122,1,0.73051053
-0.8134214,-0.55521876,-0.11589635,-0.0104227895,0.27645266,-0.35115018,0.037271045,0.012571508,-0.17275248,-0.2682968,0.0017863396,0.0509481,-0.06838085,0.006580261,0.0011055884,0.032785676,-4.044135e-05,-0.006491229,-0.042628475,0.029827204,0.46593878,0.5519007,0.1480753,-0.69265264,-0.017736321,-0.9880949,-0.011635312,-0.021014716,-0.0004475782,0.0026333402,1,0.0752052
-0.6262276,-0.016166849,-0.6147468,-0.007639034,-0.0628538,-0.020800307,0.028238896,0.0073091732,-0.2450648,-0.5953853,0.0016997742,0.010118132,0.06562642,0.011915492,0.0011234158,0.048564624,-8.64364e-06,-0.019053273,-0.0031359608,0.025925603,-1.3603296,-0.47605732,0.08721065,-1.6218721,-0.049105827,0.009405524,-0.7133583,0.041383293,-0.0002540833,0.0021707695,0,0.0022776807
-0.8177345,-0.8234329,-0.14339463,-0.021363746,-0.35088065,0.010512901,-1.71424,-0.4157752,-0.06823207,-0.17404221,0.0024603659,-0.20803769,-0.14060059,0.028159594,0.016538681,0.030100793,-0.0010200533,-0.00093099073,0.0023956983,-0.03644641,-0.8722784,-0.5672091,-0.046797846,-1.881581,-0.04791708,0.011982303,0.057735547,0.0570224,0.010912541,0.003099145,0,0.00030590195
-0.4672992,-1.4422059,-0.14790262,-0.013521744,0.02987928,-0.5397808,0.050090645,0.024521366,-0.061528813,-0.019719306,0.0053256545,0.08619533,-0.07176653,0.032863658,0.0043272115,0.06231372,-4.044135e-05,-0.011894642,0.0014395678,-0.02590021,-1.8202474,-0.54801196,-0.02897721,1.5003675,-0.016936064,0.023092335,0.16181876,0.11211603,-0.00068258727,0.00681803,0,0.04285253
-0.8902253,-1.029058,-0.38072488,-0.06039923,0.019444706,0.039479192,0.044575043,0.019308997,-0.059465155,0.010357007,0.006385943,-0.08568335,0.19447623,0.1370466,0.0041071554,-0.19614847,-8.64364e-06,-0.079141706,-0.115067855,0.0024277894,-1.6390169,-0.28826475,-0.030839551,1.7039359,-0.012960073,0.023805004,0.18964428,0.11966156,-0.00033785377,0.00681803,1,0.088119514
-0.81358397,-0.1710591,-0.15131934,-0.013346048,0.00844368,-0.15474294,0.028974246,0.012158044,0.07817084,0.19139737,0.0024437513,0.042987347,-0.032536443,-0.01020233,0.00152359,0.03675392,-4.9424183e-05,-0.01181948,0.007864995,-0.02629749,-0.8073982,-0.548366,-0.057567324,-2.7288904,-0.057687875,0.015466166,-0.9489975,0.072304234,-0.00037421958,0.003000453,0,0.002414848
-1.1387223,-0.10905578,-0.36909747,-0.019144472,0.040011138,0.08573705,0.048104305,0.025275653,0.19549946,0.31091285,0.007174409,-0.28218356,-0.08240006,0.039828148,0.003884986,0.0729878,-4.9424183e-05,-0.006166576,0.020692773,-0.010324955,-0.1139753,-0.55743057,-0.024036719,2.0885775,-0.019722976,0.02999159,0.2162859,0.13211273,-0.00042021007,0.007343122,1,0.6458263
-0.6617381,-0.22541364,-0.36742294,-0.066409655,-0.19561213,0.29375345,0.037353285,0.010752,-0.0542189,-0.12790982,0.0029051278,-0.04537356,-0.27327707,-0.0067989915,0.001693352,-0.31616098,-8.64364e-06,-0.039014168,-0.056018393,0.010837729,-1.5385653,-0.5970444,0.08639649,-2.2369351,-0.038238414,-0.9034642,0.09043856,0.070801415,-0.0005081505,0.004005665,0,0.0007983677
-0.8416926,-0.21622737,-0.182423,-0.022953693,-0.009245372,0.017937511,0.026607212,0.008533281,-0.3016362,-0.6922549,0.0018574621,-0.007681778,-0.12302737,-0.018397672,0.0010155473,0.043592934,-8.64364e-06,-0.01827738,-0.00070750277,-0.045886017,-1.3011205,-0.7516229,-0.046503343,-1.5948004,-0.062214397,0.0077521945,0.044546094,-0.78960913,-0.00054988294,0.0022402124,0,0.0010439423
-0.815819,3.3897378,-0.0041196984,0.10476531,-0.05997152,0.0727007,0.041127503,0.014649457,0.2022888,0.35016677,0.01145926,0.040465083,-0.013014269,-0.039006133,0.005352383,0.13617723,-8.64364e-06,-0.014404546,0.0048381174,-0.013904777,-0.8790965,-0.1471578,-0.03268519,2.2841554,-0.013323529,0.031854916,0.21898483,0.1299957,-0.00028379733,0.007343122,1,0.99345386
-1.1475697,-0.14479743,-0.25622553,-0.013602307,-0.051793564,-0.9579267,0.04294978,0.012880119,-0.018304437,-0.40588728,0.0017232622,0.072943345,0.06258078,0.00876082,0.0010326011,0.04020976,-4.9424183e-05,-0.010818711,-0.00028117598,-0.014587801,-0.96678036,-0.34032774,-0.015214867,-1.3036683,0.5197004,0.017139371,0.080635004,0.07290294,-0.00030851227,0.004417057,0,0.009002446
-0.5199306,3.1573732,-0.08673782,-0.011145597,0.016556509,0.009441933,0.033745896,0.018582057,-0.09215168,-0.17437823,0.01137978,0.13034397,0.028687151,0.0049666064,0.004697479,0.06481408,-4.9424183e-05,-0.012932193,0.002238669,-0.009972112,-0.41306594,-0.19510698,-0.023792379,2.2649965,-0.012545804,0.030126195,0.24404539,0.13151951,-0.00037599698,0.007343122,1,0.99022126
-0.23758885,-0.2042126,-0.32750043,-0.013658672,-0.09992588,-0.050878815,0.0304165,0.007832735,-0.076959066,-0.28502065,0.002395707,0.072078526,-0.11881111,0.009413429,0.0013334112,0.041019265,-8.64364e-06,-0.01897921,0.014621863,-0.050791256,-1.2895244,-0.56507254,-0.051170822,-2.1498067,-0.051122654,0.009961012,-0.71000206,0.052241538,-0.00025683356,0.0026703407,0,0.0023564189
-1.3471475,-0.26309693,-0.15090081,-0.01679371,0.2805756,0.12460744,0.029696094,0.010639156,-0.03801464,-0.17734703,0.0022759843,-0.08794383,-0.01237572,-0.0602555,0.0014995837,-0.029675348,-8.643641e-06,-0.46701187,-0.07639449,0.030700075,0.41194022,0.49223223,0.17600046,-1.0542394,-0.01513976,-0.048755813,-0.59253013,-0.004614897,-0.00027446978,0.0028597396,1,0.053634312
-1.2501805,-0.18333605,-0.32333785,-0.0029351928,-0.24056256,-0.2939042,0.02518313,0.009095122,-0.0769328,-0.29973182,0.0023708695,-0.34790817,0.025330827,-0.030864358,0.0014423258,0.037123058,-1.4532401e-05,-0.011944623,0.0027258024,-0.034376137,-1.5297166,-0.6441445,-0.044692446,-1.8798013,-0.07011415,0.005317852,0.04868645,-0.757601,-0.00057456933,0.00263106,0,0.00038815787
-0.8485276,-0.1267553,-0.20613585,-0.019651344,0.16627136,-0.44164112,0.045899604,0.024452649,-0.12088497,-0.019023716,0.007073513,-0.37412935,-0.089960024,0.009790294,0.0037674152,0.044850603,-4.9424183e-05,-0.006801728,-0.0038980646,-0.013839509,-0.072296984,-0.48215318,-0.02263374,2.0176585,-0.020248057,0.028294627,0.21221258,0.12859882,-0.00042476918,0.007343122,1,0.45914406
-0.6420127,0.014134262,-0.7613908,-0.0027975114,0.2898839,-0.015848598,0.029297344,0.009793709,-0.08215853,-0.08894517,0.0026749184,0.009361831,-0.048060365,0.0014830509,0.0015243574,0.029630462,-8.643641e-06,-0.012778349,-0.03530128,0.042206723,0.25587514,0.64197725,0.17155667,-1.1080698,-0.016171224,-0.0134971915,-0.721042,-0.002630753,-0.0002501643,0.0029202527,0,0.11510857
-1.1662223,-0.91551274,-0.19133994,-0.029243583,-0.20018038,0.066670105,0.04282837,0.013141625,-0.5196778,-1.2426958,0.002765463,-0.06777124,0.082670875,0.037629977,0.0019429426,0.0775971,-4.044135e-05,-0.017876124,0.0017858557,-0.02037884,-1.7200764,-0.30171636,-0.0461382,1.1845402,-0.010758507,0.017655618,0.0876782,0.06034368,-0.00041625812,0.0041136323,0,0.008495998
-0.625155,0.03145421,-0.32031828,-0.015065419,-0.07313793,0.049949955,0.049394183,0.024318459,-0.1165336,0.08626569,0.0074734036,-0.2908267,-0.09528728,0.031932246,0.0041524274,0.057774696,-4.9424183e-05,-0.008442351,-0.00063453394,-0.014695015,-0.008138329,-0.24618739,-0.03350513,2.1871603,-0.01962357,0.030345902,0.2527969,0.12885025,-0.00040104118,0.007343122,1,0.7484316
-0.7677007,0.027176443,-0.22391258,0.02786914,0.060298406,-0.44906887,0.04531055,0.020527443,0.1626844,0.3758193,0.007397451,-0.15585443,-0.10032492,0.038052056,0.004197551,0.024714831,-2.516625e-05,-0.021138998,-0.014351358,-0.004541654,-0.26703838,-0.14279294,-0.029830206,2.266597,-0.020870563,0.028675448,0.22753187,0.13386258,-0.00039237103,0.007343122,1,0.78061736
-0.7447458,0.001860145,-0.14778942,0.05606609,-0.0054936316,-0.5392804,0.051622044,0.016989797,0.2740187,0.48543462,0.0071931276,-0.0468027,-0.072762534,0.029818855,0.004087051,0.118955135,-8.64364e-06,-0.014348784,0.006002573,-0.018167175,-1.2721932,-0.27432746,-0.025162397,1.9966428,-0.016645264,0.028500855,0.2035454,0.13138643,-0.0003108983,0.007343122,1,0.5622951
-0.7796384,-0.28556666,-0.2078749,-0.0479038,0.27645445,0.007399187,0.028528871,0.00946698,-0.030917065,-0.04062187,0.0025748804,0.00928169,-0.05671198,-0.13482185,0.0017684542,0.05071482,-8.64364e-06,-0.003595903,-0.027491594,0.042546663,0.35774732,0.4713786,0.17499113,-1.2475536,-0.018014988,-0.02705663,-0.7242374,0.06585396,-0.00022434846,0.0029202527,1,0.10701902
-1.2679069,-0.18749644,-0.16840875,-0.023137547,-0.0114947,-0.089031555,0.045154743,0.028922684,-0.06157044,0.051899377,0.006775091,-0.3228639,-0.014340389,-0.0156148095,0.0039033864,0.06454166,-4.9424183e-05,0.003168238,-9.972794e-05,-0.011255398,-0.1199182,-0.64351714,-0.02189023,1.9202102,-0.016727196,0.027672375,0.19170387,0.1270531,-0.00062970934,0.0071220826,1,0.38018268
-0.5472974,0.18631192,-0.45944247,0.0047643925,0.086239964,-0.02747926,0.08162256,0.03228403,0.33266667,0.15621804,0.0016599956,0.13701679,-0.008061506,0.0517503,0.0010159874,0.014183134,-4.9424183e-05,-0.008078068,0.007871529,-0.022972308,0.35236695,-0.15337582,0.006444046,-0.89313155,1.0375212,0.019788204,0.16626737,0.10487748,-0.00043148818,0.004417057,1,0.662403
-1.3943704,-0.50491494,-0.23583114,-0.051371995,0.23765016,-0.7565655,0.034697004,0.0111492835,-0.027961615,0.028219027,0.002578322,-0.14350243,0.07954431,-0.053734504,0.0017597937,0.022165896,-8.643641e-06,-0.015863627,-0.05170237,0.020451793,0.18341944,0.2197881,0.13882916,-1.5819856,-0.017573508,-1.2187544,-0.094355546,0.020153811,-0.00031188427,0.004005665,0,0.0058505954
-0.7517531,0.0032135963,-0.3953293,-0.026499934,0.010575287,0.08617607,-1.8228444,-0.40256542,-0.22548336,-0.45020297,-0.39052454,-0.11139732,-0.23092811,0.024140533,-0.2089222,0.06458061,-8.64364e-06,-0.033001557,-0.010716534,0.017307464,-1.5282611,-0.149726,0.05397104,1.1890265,-0.012854812,0.013470975,0.10730763,0.049990438,-0.003864531,0.0024306073,0,0.0059190597
-1.3317124,0.024441602,-0.49109107,-0.008857634,-0.266637,0.02352462,0.025323618,0.009161758,-0.252889,-0.6114028,0.0016476162,0.08283931,0.02705062,-0.011053176,0.0010282263,0.03910348,-2.2618437e-05,-0.014341964,-0.06895338,-0.042820197,-1.6263809,-0.65340626,-0.04462164,-1.5004808,-0.06945197,0.008423387,0.0317653,-0.70935816,-0.0006600932,0.0022042019,0,0.00059964333
-0.9015625,-0.36767274,-0.14646448,-0.05064388,-0.048125148,0.37937817,0.04352891,0.028599981,-0.06925245,0.048589278,0.007100202,-0.4103015,-0.015722767,-0.0202228,0.004034202,0.06683632,-1.322949e-05,0.0017695023,0.004975994,-0.0142693035,-0.11059127,-0.22791326,-0.024456535,2.1035058,-0.017065203,0.028856874,0.21467951,0.12621336,-0.0005285612,0.0071220826,1,0.65688354
-1.2687999,-0.6093495,-0.27611265,-0.012228291,-0.58152944,-0.54800093,0.033706225,0.022318931,0.014244261,0.14260964,0.006825185,0.099078774,-0.0074611194,-0.017011758,0.0039695166,0.11603678,-1.4532401e-05,-0.004613227,0.0015935802,-0.009182998,-1.4352181,-0.08718729,-0.024520366,1.7812756,-0.019678723,0.022280144,0.17028494,0.11869698,-0.0004457793,0.0071220826,0,0.086886406
-1.1450932,-0.9554303,-0.1905311,-0.016541721,-0.30376005,-0.061567284,-1.6420034,-0.36648357,-0.52718943,-0.5744539,0.00090210856,0.048692774,0.037873633,0.011213956,0.007520233,0.012033405,-0.0010200533,0.0021547042,0.0020271474,-0.036315728,-0.54616076,-0.49323294,-0.05527288,-1.4607339,0.21852024,0.007049642,0.031151636,0.039150923,-0.0042883307,0.00224216,0,0.00035236418
-0.5458454,-0.20787121,-0.3357385,-0.019715425,-0.06573288,0.038197268,0.02828229,0.008329551,-0.29856917,-0.7694648,0.0018471975,0.028547218,-0.11829869,-0.02500302,0.0009971282,0.042709284,-4.9424183e-05,-0.015413935,0.013177055,-0.0364462,-1.046325,-0.6882647,-0.051472574,-1.8493534,-0.05933961,0.012274069,-0.69832116,0.049155056,-0.0002916936,0.0022062548,0,0.0013629522
-0.8173454,3.3180108,-0.14719827,-0.020148266,-0.12671451,-0.0043514534,0.024426986,0.0161665,0.053265635,0.072352804,0.011179693,0.011178051,0.25562268,0.101025335,0.005173438,-0.06460899,-2.2618437e-05,-0.026408572,-0.015453937,0.004118494,-0.8517091,-0.29326156,-0.026979972,2.0767803,-0.014562821,0.029559636,0.16558275,0.11416149,-0.0002323278,0.007343122,1,0.9794877
-0.7752152,-0.037165884,-0.2801787,0.089337714,-0.1043566,0.061909907,0.044584017,0.019369775,0.25248325,0.37283653,0.006979494,-0.03735424,-0.058063906,-0.07819287,0.0041344864,0.1354711,-2.2618437e-05,-0.021112291,0.0046051256,-0.018757254,-0.9310044,-0.32996598,-0.022419296,2.091975,-0.017657846,0.0300239,0.1773285,0.13275056,-0.00040427028,0.007343122,1,0.6744354
-0.5602101,0.05627164,-0.3033897,-0.019411838,-0.37870118,0.1671566,0.041903835,0.021361385,0.25304413,0.4691889,0.0075066346,-0.110416606,0.040650185,-0.023035895,0.0039836345,0.10986254,-1.322949e-05,0.023507463,-0.00010705681,0.0027456186,-0.19864838,0.0028332386,-0.02857603,2.327303,-0.012953693,0.031832997,0.25065652,0.12164726,-0.00039709487,0.007343122,1,0.9098653
-0.6853973,-0.22321987,-0.18887015,-0.02060275,-0.34073135,0.102851614,0.046198327,0.012709669,-0.18530506,-0.46994987,0.0073312027,-0.0013365253,0.12061492,0.009687623,0.0038569842,0.03932254,-8.64364e-06,-0.04561708,0.007129952,0.016719328,-1.5463365,-0.08634746,0.049607433,1.7816802,-0.016712977,0.021265203,0.15833941,0.10194079,-0.00023980736,0.005835264,1,0.21139587
-0.86877346,-0.061474044,-0.41211414,-0.06986133,0.019193606,0.05705682,0.052014865,0.020616539,0.090717345,0.19247755,0.0076440293,-0.1520697,-0.12580825,0.016973529,0.0041618827,0.0778361,-1.322949e-05,-0.055881508,-0.053055137,-0.0048248097,-0.33266377,-0.11538404,-0.029998304,2.300387,-0.012327647,0.0307553,0.23059995,0.13540582,-0.00037881284,0.007343122,1,0.7226426
-0.21866135,0.022727495,-0.17495309,0.030817758,0.0913276,0.08547599,0.046562716,0.024340857,-0.054605063,0.09190976,0.0070077386,0.24194348,0.02233713,0.009049379,0.004011996,0.077424474,-4.9424183e-05,-0.006849276,0.0011037147,-0.01405888,-0.08180718,-0.4352267,-0.021948153,2.2255936,-0.017294634,0.030477006,0.22249468,0.14838539,-0.00040452825,0.007343122,1,0.9147862
-0.9839537,-0.08177351,-0.22357775,0.03163283,0.011266656,0.077030845,0.042214707,0.023386888,0.02503591,0.1683545,0.007565136,-0.40266332,-0.12815383,0.022624504,0.0041338094,0.04744365,-2.516625e-05,-0.042949717,-0.011546403,0.0023523327,-0.27270842,-0.17913748,-0.0137962885,2.2347052,-0.017244149,0.030148404,0.23344567,0.1369495,-0.0003701009,0.007343122,1,0.68065536
-1.797146,0.054112755,-0.3822745,-0.02252829,-0.20435466,0.10317693,0.056864757,0.03467287,-0.15291125,-0.37400398,0.00357138,0.35646102,-0.11037411,-0.0007212277,0.0022493547,0.051733732,-4.9424183e-05,-0.006632545,-0.077383645,-0.010486589,0.09071529,-0.37984046,-0.023318563,1.94044,-0.019988686,0.023053017,0.1830492,0.10094828,-0.0002706588,0.004971542,1,0.3665115
-0.76815265,0.060799856,-0.4305165,-0.019996742,0.0391235,-0.011682756,0.046651796,0.017890029,0.08616512,0.1794168,0.007110511,-0.075219445,0.07083707,0.09647322,0.004204757,0.05141992,-8.64364e-06,-0.024513844,-0.0018138435,-0.018103067,-1.1055305,-0.5564523,-0.027586835,2.0390527,-0.015537439,0.028710237,0.23726809,0.12589638,-0.00029720983,0.007343122,1,0.51299834
-0.84915835,-0.06159703,-0.2887639,-0.012386969,-0.2078914,-0.30268648,0.04336903,0.02411018,-0.116236,0.011859321,0.0070150113,-0.36087325,-0.13045114,0.03223025,0.0039291615,0.043589633,-4.9424183e-05,-0.0066685895,-0.0004592837,-0.015324258,-0.12608068,-0.47261238,-0.024143673,1.9451723,-0.023674019,0.02954887,0.22852163,0.12919632,-0.00032525993,0.007343122,1,0.38120347
-0.85093933,-0.23316254,-0.33919808,-0.0076508736,-0.38421375,-0.55292505,0.02949917,0.009436149,-0.251196,-0.5963374,0.0018938985,0.016467279,-0.17381123,0.016548255,0.0011561665,0.03814096,-6.685659e-06,-0.016725224,-0.039175753,0.013048832,-1.5511016,-0.96638846,0.095172085,-1.4370039,-0.060130145,-0.7056957,0.05602998,0.03689727,-0.00047121686,0.0025372817,0,0.0003934156
-1.0419776,-0.27905607,-0.19003305,-0.023267055,-0.19930229,-0.2498173,0.023861809,0.012371544,-0.03812303,-0.14314646,0.0023444572,-0.38916385,0.048508286,-0.040770136,0.0014585651,-0.19987749,-4.9424183e-05,-0.005647148,-0.0432491,0.0027426712,-1.0584868,-0.55644643,-0.075809546,-2.272388,-0.054014154,0.013204405,-0.7944672,0.060345933,-0.00033335984,0.00293994,0,0.0005647318
-0.89175475,-0.05209818,-0.2769995,0.054772604,-0.05342652,-0.024241243,0.031773936,0.010580612,-0.049737077,-0.061109833,0.0027134723,-0.04292639,-0.056214932,-0.15349352,0.0020732447,-0.31079972,-6.685659e-06,-0.012581388,-0.026576685,0.008730761,-1.3423467,-0.48228037,0.07823424,-2.304388,-0.051777553,0.015048808,0.00023901556,0.067400664,-0.0005169965,-0.35063255,0,0.0019013516
-0.408152,0.041463926,-0.23856415,-0.013295638,0.067091316,-0.34787667,0.04546408,0.017161088,-0.34181473,-1.0300351,0.0035835418,0.24589425,-0.08025749,0.01019601,0.0019131999,0.055155065,-4.9424183e-05,-0.014164921,-0.0034760812,-0.012866379,-0.28768218,-0.19644822,-0.030380473,2.0042348,-0.020735767,0.023291219,0.16355357,0.09527762,-0.0003064967,0.004971542,1,0.4408283
-0.8438459,0.049609188,-0.41001216,-0.046099115,0.05368748,0.015727343,0.048932236,0.017836424,0.27873898,0.3868977,0.007113541,-0.100090005,-0.05646174,-0.080919415,0.0041603884,0.1174747,-8.64364e-06,0.010090409,0.005209583,0.010529415,-1.0666441,-0.52188635,-0.029872123,2.0943062,-0.015646577,0.03008111,0.22093219,0.12070391,-0.00031255817,0.007343122,1,0.57850266
-0.5273184,-0.6482028,-0.2350291,-0.027843667,-0.073520444,0.16793047,0.05147044,0.020216886,0.24116598,0.41021726,0.0068737287,0.005949611,-0.021578098,-0.008521972,0.0039664377,0.16066742,-8.64364e-06,-0.005115482,0.008156597,-0.018157024,-1.430826,-0.43923607,-0.026062373,1.9587252,-0.01416151,0.027268475,0.20013158,0.12757552,-0.0004473129,0.0071220826,1,0.48262236
-0.78147036,-0.12890977,-0.33028826,-0.054746903,0.03133669,0.044474516,0.049517065,0.017213091,-0.095723584,-0.031814143,0.007059809,0.15086296,0.0060602557,-0.0052411095,0.004063366,0.09558118,-6.685659e-06,-0.018980736,0.003075808,-0.02547398,-1.503257,-0.21338326,-0.025108472,1.9364642,-0.013252288,0.02896796,0.19262901,0.1257093,-0.0002920428,0.007343122,1,0.37319458
-0.09120979,-0.7161394,-0.17207496,-0.020889355,0.045463566,0.014895633,0.05302694,0.019679828,0.19084086,0.36797687,0.0063868784,0.058497548,0.011237161,0.016646907,0.0046873493,0.16272305,-8.64364e-06,-0.014853222,-0.0044434154,-0.035120983,-1.7709525,-0.16231668,-0.029378697,1.924705,-0.012675816,0.02674862,0.19709595,0.12666047,-0.0003547357,0.00681803,1,0.5529815
-1.2917701,3.7281363,0.11791411,-0.016784426,-0.12843597,-0.037375603,0.037155356,0.021081686,0.19128662,0.3608307,0.011093679,-0.34916127,-0.07419414,0.0322181,0.0049470384,0.07029608,-4.9424183e-05,-0.0040391725,0.0013573184,-0.010712621,-0.28013334,-0.54675996,-0.019986626,2.1647499,-0.016494645,0.031815417,0.18726078,0.12488638,-0.00031384616,0.007343122,1,0.9869421
-1.1421062,-0.07528427,-0.30574018,0.052184526,-0.32881513,-0.21067812,0.0286189,0.0075771036,-0.08481862,-0.26479462,0.0020432523,-0.08368861,-0.055508252,-0.41785032,0.0012432797,0.034755975,-2.2618437e-05,-0.041427832,-0.06350035,0.0061088586,-1.4067732,-0.62488896,-0.06604179,-1.861424,-0.08133799,0.00878778,-0.024004264,-0.7701661,-0.0006554798,0.0023567537,0,0.00042764246
-0.8906747,-0.081116736,-0.2891113,-0.04060989,-0.575689,0.12208163,0.03437442,0.025339682,0.2385564,0.38455692,0.0074443594,-0.23789385,-0.038456246,-0.047505032,0.0039471583,0.10876753,-9.260577e-06,-0.036867164,0.014828804,0.004559143,-0.40702334,-0.25608352,-0.028667176,2.2272775,-0.017100222,0.030689416,0.2214946,0.12803984,-0.00037329114,0.007343122,1,0.6504855
-0.5625229,-0.68957144,-0.054541904,-0.02552438,-0.28833988,-0.24453269,-1.3663812,-0.026530225,-0.0026585066,-0.071310356,0.0023375773,0.0005572839,-0.044292904,-0.03662799,0.0045006927,-0.03815345,-4.044135e-05,-0.06865065,-0.066220306,-0.008776792,-1.3477747,-0.56911767,-0.07600783,-1.4784241,-0.037940457,0.004481321,-0.5207254,0.040122785,-0.0036210285,0.00210955,0,0.0005179447
-0.23792224,-0.023007186,-0.6735618,-0.0076444517,-0.0038239944,-0.0089877155,0.029443739,0.007866917,-0.17036198,-0.3410064,0.002201351,0.07288638,-0.11942147,0.004520156,0.0012384731,0.042499714,-8.64364e-06,-0.020313956,0.0067353486,-0.055624653,-1.5626681,-0.60478675,-0.051017206,-1.8417132,-0.05022636,0.010911094,-0.76096475,0.043987952,-0.00027446804,0.0023206142,0,0.0018335406
-0.8305061,0.022287693,-0.40730074,-0.011280717,0.007665474,0.164583,0.050663076,0.023364453,-0.094656564,0.081419595,0.0074686892,-0.004661735,-0.091446504,0.016194781,0.0041271728,0.056650635,-1.322949e-05,-0.007722737,0.0031415033,-0.014030613,-0.070620835,-0.3851231,-0.024277948,2.2420418,-0.019193808,0.02985188,0.24851698,0.12173453,-0.00039981795,0.007343122,1,0.7567371
-1.4237354,-0.16601513,-0.16440693,-0.019865839,-0.51946825,-0.10721803,0.018544633,0.010316629,-0.039986238,-0.0017456459,0.0025242514,0.014083735,-0.11682171,0.019186,0.0015822534,0.024494184,-6.685659e-06,-0.025128005,-0.01183205,-0.03746591,-1.1974155,-0.8260422,-0.04898083,-2.0603578,-0.05333556,0.0043327324,-0.7337264,0.052010003,-0.0002849046,0.0029202527,0,0.0006140668
-1.4420259,-0.85662967,-0.08600143,-0.030325675,-0.25441614,0.031095695,-1.4883535,-0.42430362,-0.03582986,-0.07451347,0.0027323994,-0.0893142,0.24196695,0.13321075,0.020661518,-0.09821311,-9.558551e-05,-0.09328043,-0.006283078,-0.0018848126,-0.8392606,-0.8216549,-0.07459481,-1.9795157,-0.036517255,0.008555332,0.066555165,0.033572204,-0.0025241408,0.003099145,0,0.00027871598
-0.085197225,-0.21368065,-0.20228946,-0.03097885,-0.08311135,-0.6423977,0.04006829,0.019337505,-0.071094565,-0.04709905,0.0069802604,0.049653508,0.05962599,-0.008106151,0.0041740625,-0.12350493,-8.64364e-06,0.023863018,0.011408712,0.001778359,-1.293893,-0.4825573,-0.027065534,1.9556957,-0.01608919,0.025870156,0.19749527,0.118799865,-0.00025448954,0.007343122,1,0.31084296
-0.12816645,3.5116985,0.058423147,0.18508333,-0.1549262,-0.50030017,0.043095876,0.012370948,0.16397417,0.19431886,0.012640122,0.033023316,-0.13338198,-0.11537798,0.006414422,0.13708805,-8.64364e-06,0.009580706,-0.023935854,0.0023867912,-0.84443647,-0.31291783,-0.02431482,2.2192094,-0.013670308,0.026927672,0.21405366,0.11371821,-0.00027360994,0.007039069,1,0.9910614
-0.7137077,-0.0500518,-0.68155044,-0.013103551,-0.10097982,-0.3041804,-1.2764583,-0.018706951,-0.0044675954,-0.018179987,0.0035168084,-0.06999395,-0.2768465,-0.3369805,0.0047251885,-0.1364262,-8.64364e-06,-0.02463868,-0.09263298,0.0133813685,-1.2738854,-0.53991455,-0.08404355,-2.094396,-0.048401263,0.005469308,0.056583405,-0.6631808,-0.002780419,0.0021827165,0,0.00016153888
-0.7982962,0.0007721146,-0.16564463,0.0068569575,-0.054688875,-0.36799088,0.05148264,0.019905327,0.16448966,0.33525822,0.007388781,-0.3760662,-0.14435296,-0.191813,0.0042412817,0.0552036,-9.260577e-06,-0.003322839,0.004314894,-0.015821032,-0.14660862,-0.3328331,-0.023016827,2.2275267,-0.021032918,0.02726531,0.22282429,0.13193075,-0.00039046316,0.007343122,1,0.65338886
-0.65367013,-0.2587883,-0.18920432,-0.018243905,-0.01869219,0.08181706,0.04161744,0.022609277,-0.06465192,-0.07021462,0.0075113205,0.017537694,-0.12546547,-0.20200056,0.0042252196,-0.25656426,-4.9424183e-05,-0.021381566,-0.044933174,-0.0060464107,-0.1780622,-0.2511701,-0.029105593,2.1815512,-0.014239331,0.029607521,0.23150522,0.12981562,-0.00037351233,0.007343122,1,0.58936375
-0.62453765,-0.41116962,-0.32111022,-0.039605677,-0.061369978,-0.24744676,0.02894934,0.013463671,-0.0656297,-0.06518987,0.0025034875,0.0030482104,0.024120374,-0.008878207,0.001479004,-0.13034011,-1.322949e-05,-0.104018405,-0.02570965,-0.0038080493,-1.0819863,-0.5491553,-0.079817764,-2.3940535,-0.055141363,0.00882059,0.0849598,-0.9659151,-0.0008306112,0.002999396,0,0.00086119317
-0.7994326,-0.052025344,-0.19607332,0.07480959,-0.04834421,0.29342467,0.041606322,0.018979056,-0.13617328,-0.097703665,0.007195794,-0.12192424,-0.087557904,0.009914833,0.003984948,0.07782082,-8.64364e-06,0.020473175,0.0023158658,0.013662742,-1.2242345,-0.45694634,-0.02772091,2.0133564,-0.014700902,0.028029839,0.19890805,0.105569124,-0.00028731895,0.007343122,1,0.41661468
-0.71117365,-0.3217931,-0.18076994,-0.025401948,-0.047087666,0.09886584,-1.4398133,-0.0010989779,-0.25353444,-0.56897736,0.0016880909,0.02666746,-0.13450657,-0.0067490335,0.002596391,0.055580944,-8.64364e-06,-0.0056732236,0.0061737616,-0.050448522,-1.3323839,-0.8162937,-0.059721384,-1.3826631,-0.05210985,0.0084593985,-0.4592993,0.035374667,-0.002574745,0.0016009486,0,0.00049719994
-0.6473517,0.034771435,-0.31015077,-0.0050190645,0.05032429,0.1385001,0.047196385,0.022853166,0.17156795,0.37421647,0.0076494245,-0.055997152,-0.06721617,0.020902976,0.004189458,0.068219036,-2.516625e-05,-0.00955008,0.017857553,-0.008259219,-0.14237984,-0.16656238,-0.024418138,2.317114,-0.015572052,0.033336714,0.24938816,0.13410634,-0.00040180708,0.007343122,1,0.9051399
-0.513269,0.004132994,-0.33611274,-0.008001907,-0.27534595,-0.18190174,0.025610067,0.0073539075,-0.23351714,-0.622942,0.0016181747,0.08253414,-0.10465386,0.039414223,0.0011242221,0.011772878,-8.64364e-06,-0.019128552,0.0050629303,-0.057314306,-1.5153371,-0.53184235,-0.05306129,-1.4438602,-0.059943426,0.009499325,-0.57573515,0.03528466,-0.00022987722,0.0021707695,0,0.001837388
-0.47367898,0.012912026,-0.2620213,-0.012924162,0.055721212,-0.30158773,0.026266204,0.010563059,0.11414456,0.19112873,0.0027814365,0.12997788,-0.03926138,0.018051878,0.0017659426,0.052731354,-2.2618437e-05,-0.014184827,0.0009997739,-0.049822394,-1.3664455,-0.58913547,-0.04350152,-2.494489,-0.070162475,0.01444792,0.06685789,-0.94182825,-0.000609704,0.0029794767,0,0.0026009057
-0.54498905,0.02573371,-0.19183476,0.100155644,-0.119115084,0.041235335,0.05186364,0.021977624,0.022852693,0.009718454,0.006972474,-0.076566875,0.06546368,-0.028335571,0.003913983,-0.09137742,-4.9424183e-05,-0.009276126,-0.00870193,0.00391509,-0.12860496,-0.58283937,-0.029767156,2.0582662,-0.018731672,0.029602027,0.20694536,0.13546874,-0.0004927533,0.007343122,1,0.7250797
-0.88918245,3.6026473,0.050612293,-0.00029059337,0.18751827,0.054218005,0.032091837,0.01945288,0.19254655,0.38705266,0.011488025,-0.1046187,0.009150713,-0.03212908,0.00527563,0.085831456,-2.516625e-05,-0.0074899145,0.00842292,-0.0069829803,-0.22931936,-0.17646183,-0.021091428,2.36076,-0.012562427,0.034248658,0.19008562,0.13247003,-0.00037599698,0.007343122,1,0.99726737
-0.674041,-0.22929758,-0.16357072,-0.018684583,0.17326309,-0.21196626,0.03261553,0.014103859,-0.018661717,-0.12175522,0.0022888372,-0.24214768,0.0538658,-0.014817962,0.0014104658,-0.049120843,-4.9424183e-05,0.0010134565,0.0033903965,0.008926086,-0.5696064,-0.33347505,-0.06269192,-2.0404766,-0.060677275,0.014681977,-0.7713693,0.069831125,-0.0005543789,0.00293994,0,0.005510471
-1.213226,0.0015956251,-0.34775823,-0.019302752,0.008696134,0.020357022,0.039734125,0.020253025,-0.51112133,-1.3690987,0.0036042777,-0.015821,-0.14025265,-0.03387937,0.0019151383,0.053211745,-4.9424183e-05,-0.013021666,-9.3938725e-06,-0.01103245,-0.3207056,-0.17072794,-0.03753869,1.7810992,-0.015621576,0.019680675,0.1520673,0.07715053,-0.0003064967,0.004417057,1,0.11643417
-0.60652536,-0.30414787,-0.34500983,-0.047585696,-0.16868927,-0.35341692,0.026827117,0.008668169,-0.033632703,-0.13520697,0.0023511138,-0.08874123,-0.15329364,-0.5914712,0.0015080973,-0.24767673,-8.64364e-06,-0.021275934,-0.025977645,0.010431535,-1.3387929,-0.87951547,-0.08118891,-1.998691,-0.06038531,0.012271566,-0.7324293,0.054419387,-0.00029121648,0.003000453,0,0.00030790127
-1.3625209,0.013888566,-0.5348413,-0.008486572,-0.0027688213,-0.039025754,0.026525699,0.0080216555,-0.24042657,-0.60319895,0.0018555807,0.064423785,-0.116381116,-0.0058739674,0.0010144525,0.046212643,-8.64364e-06,-0.017895747,-0.072827205,-0.040815685,-1.618402,-1.0350584,-0.04711421,-1.4527358,-0.0631386,0.0074639856,0.050618608,-0.60636926,-0.0005647902,0.0022042019,0,0.00048195766
-1.2608674,-0.13053356,-0.28569266,-0.017413776,-0.058920708,-0.58770347,0.026131308,0.009755032,-0.031056428,-0.08698707,0.0023446428,-0.01864723,-0.078864396,0.031217383,0.0014298933,-0.027240928,-8.64364e-06,-0.0089672655,-0.05890525,0.004150794,-1.1386023,-0.62024033,-0.055014476,-2.0993195,-0.047093194,0.0093419,-0.7000282,0.052519266,-0.00029651698,0.003000453,0,0.00077377266
-0.8920171,-0.0688384,-0.09560574,0.0663302,0.0632014,0.06080717,0.051703647,0.023447897,-0.09918237,0.008674058,0.007178312,-0.0034877846,-0.10603817,0.033433877,0.004024372,0.046536423,-4.9424183e-05,-0.007427576,-0.0037679495,-0.015117913,-0.14445028,-0.56922805,-0.022573613,2.0196965,-0.020514192,0.029747684,0.19541357,0.13615507,-0.00049329794,0.007343122,1,0.67127454
-1.2888713,-0.24894233,-0.2570575,-0.045734335,0.013444124,0.012493059,0.02601368,0.010377081,-0.077910535,-0.018510457,0.0026447908,-0.03742644,0.019749988,-0.02252475,0.0015756184,0.055193666,-2.2618437e-05,-0.009659444,-0.0012626331,-0.0391126,-1.4956303,-0.6683278,-0.042032648,-2.1304686,-0.056326162,0.013185435,0.072308704,-0.87494546,-0.00057685014,0.0029794767,0,0.0008441544
-1.3130573,-0.1640717,-0.36124992,-0.008776979,-0.20304365,0.27102718,0.028333418,0.009513294,-0.048746947,-0.10978706,0.0027257944,-0.02826916,-0.28753808,-0.0349395,0.0016679334,-0.15716271,-6.685659e-06,-0.0093175545,-0.10268646,0.0060730544,-1.4169282,-0.62614,-0.0779959,-2.0891595,-0.047144897,0.0072615165,-0.74626744,0.04811943,-0.00028905517,0.0029202527,0,0.0005835012
-0.7116853,-0.104742065,-0.44873792,-0.018138146,-0.33250573,-0.41743165,0.02281436,0.008574353,-0.18642901,-0.6244523,0.0017580875,-0.07919378,-0.085855536,-0.009047992,0.001099497,0.014505065,-8.64364e-06,-0.028002663,-0.010310891,-0.0488046,-1.2741753,-0.6621426,-0.051274266,-1.5794874,-0.051744383,0.00883602,0.06785696,-0.7006538,-0.00030038477,0.0022042019,0,0.00068293686
-0.80483705,0.05326497,-0.34493455,-0.011879624,0.026628392,0.06438177,0.04334388,0.023421353,0.22138552,0.42604187,0.0075136703,0.1920889,0.0012205741,0.006822169,0.0042573633,0.10629349,-4.9424183e-05,-0.010437069,0.009586049,-0.0074642077,-0.16294315,-0.24049549,-0.029222922,2.281697,-0.015138238,0.032337688,0.24426389,0.13577588,-0.00039556128,0.007343122,1,0.90627027
-0.085420184,-0.09610367,-0.3475367,-0.016460832,0.020896016,0.04359797,0.04536386,0.023446161,0.22115761,0.45188427,0.0075135618,0.07389448,0.0026203124,0.007856503,0.0042609842,0.10636516,-4.9424183e-05,-0.012365125,0.028087383,-0.0033729612,-0.16518591,-0.20190129,-0.024922844,2.3930113,-0.015581593,0.031167826,0.24676928,0.14035232,-0.00037351233,0.007343122,1,0.9476169
-1.390246,-0.56110597,-0.02997513,-0.0041343574,0.27964208,0.042404514,0.028421002,0.011817018,-0.04222738,-0.11281281,0.0020965533,-0.09330144,-0.07671984,-0.067914926,0.001437574,-0.098266155,-2.4539833e-05,-0.2638668,0.02866423,0.024111994,0.38352263,0.5941726,0.17432365,-0.8714256,-0.012451169,-0.05183354,-0.63994586,0.019914262,-0.00059478753,0.0028597396,1,0.062128633
-0.8718542,-0.32312006,-0.28360382,-0.044502676,-0.15232734,-0.49643698,0.024899334,0.010545643,0.008015985,0.0694131,0.0023529925,0.043666918,-0.011111487,-0.023657262,0.00153213,0.03669723,-8.64364e-06,-0.009217109,-0.00057511765,-0.050825484,-1.3006468,-0.8058737,-0.064654194,-2.2141228,-0.059826586,0.01283223,-0.7668919,0.06266994,-0.00029523092,0.003000453,0,0.0007498612
-0.0703567,0.01054194,-0.1462543,0.11104937,0.072555944,-0.0146216145,0.042810112,0.018812092,0.0051406054,0.023464566,0.007107348,0.0037552165,0.016205246,0.052692447,0.0041558645,-0.22566602,-8.64364e-06,0.017374884,-0.035856117,0.0014166848,-1.2100822,-0.46801397,-0.028600289,2.06299,-0.016910074,0.027037416,0.20820843,0.120596044,-0.00030312213,0.007343122,1,0.64694476
-0.7520437,-0.20883346,-0.32212406,-0.013497405,-0.10497876,-0.34028772,0.02523582,0.010013526,-0.20768203,-0.6297259,0.0017205183,0.08310053,0.051332217,-0.009971336,0.0010270482,0.054802433,-4.9424183e-05,-0.010432055,0.0026217294,-0.030440118,-1.0013074,-0.5565125,-0.053185888,-2.0601144,-0.06598892,0.008677955,0.040949512,-0.7490885,-0.0005830563,0.0022402124,0,0.0010839362
-1.714825,0.047721498,-0.15195599,0.06530493,-0.19509426,-0.23158148,0.022627963,0.020067599,0.18997133,0.3212562,0.007551644,0.09889098,0.05917703,0.023303812,0.0051203514,0.0775858,-2.2618437e-05,-0.024361962,-0.047612138,0.019116685,-1.1531239,-0.23021738,-0.021461114,1.967845,-0.014915474,0.029091677,0.19885717,0.11071107,-6.287113e-05,0.007039069,1,0.3763803
-1.4476029,3.3139255,0.059976242,0.17285937,-0.32620364,-0.34372514,0.037612952,0.014378084,0.012785012,0.06732117,0.01136397,-0.1759305,-0.07960031,-0.15735291,0.005632398,-0.119212866,-9.260577e-06,-0.017685285,-0.046574127,0.030627016,-0.28487352,-0.1062859,-0.025606466,2.3246047,-0.013024172,0.026521247,0.2167265,0.1250581,-0.0002833914,0.007343122,1,0.9641471
-0.7337335,-0.52840567,-0.1252882,0.013023135,-0.2299412,-0.7920654,0.08068233,0.032795813,0.3656888,0.20863603,0.0016041321,0.17192654,0.048688628,-0.015238351,0.0010167387,0.011131587,-2.516625e-05,0.0042926907,0.0048308475,-0.03108571,0.21805781,-0.24339297,-0.012447406,-0.95892805,0.7474936,0.0174924,0.10868817,0.10346591,-0.00036824908,0.0041960184,1,0.17973335
-1.0355896,-0.14772224,-0.23189066,-0.049338568,-0.7148396,-0.03753318,0.019154489,0.010021814,-0.06341593,-0.0046312753,0.0024989573,-0.04031971,0.0010255445,-0.040819366,0.0014696933,0.05214034,-8.64364e-06,-0.021319104,0.0045146947,-0.033778854,-1.3314338,-0.5720308,-0.051647764,-2.0316586,-0.042895477,0.01194655,-0.76728225,0.05930726,-0.00028528826,0.0029202527,0,0.0008715267
-0.9517018,-0.30683872,-0.12717627,-0.018872282,-0.0015721063,-0.03939181,0.038115714,0.024269568,-0.063096516,-0.050117258,0.0074406196,-0.16088693,0.22294855,0.109152436,0.0042516757,0.014383578,-1.322949e-05,-0.009524408,-0.017350914,0.0030720234,-0.3362324,-0.0066858,-0.03815458,2.2552772,-0.0158346,0.03156668,0.23613478,0.13644697,-0.00033719616,0.007343122,1,0.72225374
-0.91391104,-0.058737632,-0.3408177,-0.0118411165,-0.31916493,-0.013623128,-2.0249844,0.018909996,0.18352187,0.3168945,0.0015835825,-0.24140832,-0.20274207,-0.057848543,0.0066382545,0.03133115,-4.9424183e-05,-0.013093127,0.0096616475,-0.014369781,-0.2942717,-0.5542058,-0.023250531,1.9592876,-0.018939191,0.024611365,0.14767149,0.10513963,-0.011343797,0.004290281,1,0.09145415
-0.8121564,-0.0048702364,-0.14369525,0.05016859,-0.3845663,-0.24888179,0.027121553,0.009703417,-0.022553502,-0.109664835,0.0027261563,-0.04099392,-0.01437239,0.011083449,0.0017627045,-0.1002897,-8.64364e-06,-0.061889995,-0.05586228,0.010079733,-1.2310191,-0.6961328,-0.06420726,-2.5140135,-0.06770419,0.010569824,0.08985091,-0.86113524,-0.00059319637,0.0029794767,0,0.0007389699
-0.8735685,0.0039414093,-0.26483715,0.0029286302,-0.16172308,-0.21062556,0.02555326,0.009401158,-0.10957448,-0.45656526,0.0021034605,0.14739197,-0.09007598,0.07448468,0.001161537,0.008833275,-9.260577e-06,-0.00987218,-0.00063611986,-0.034625676,-1.1195406,-0.6335892,-0.046961207,-2.2069988,-0.059023086,0.010958847,-0.009290161,-0.823347,-0.0005465969,0.002392764,0,0.001097961
-1.1357667,0.047260378,-0.45669237,-0.015590886,0.050832756,0.36319932,0.053632993,0.017856589,0.14990453,0.32143673,0.008124372,-0.036679033,0.035617486,-0.04539798,0.0055592284,0.1286944,-6.685659e-06,-0.014058033,-0.15424038,0.010729829,-1.4026122,-0.22071598,0.041413646,1.9684523,-0.012999267,0.028186968,0.16384096,0.11798182,-0.0002850335,0.007039069,0,0.50844216
-1.0854003,-0.027658798,-0.50705045,-0.017602673,-0.038886014,0.040372293,0.053812593,0.015312167,-0.24199498,-0.29460526,0.007959615,0.12322554,-0.09299946,0.027197732,0.0037842006,0.0627793,-8.64364e-06,-0.024324289,0.002474617,-0.009369704,-1.6286072,-0.20876114,-0.024667503,1.7944716,-0.014348631,0.027332563,0.19851391,0.109960586,-0.00030360383,0.007039069,1,0.1501661
-0.87269044,-0.24952249,-0.26783141,-0.049244575,0.024788558,-0.36751878,0.031873245,0.00974138,-0.21178845,-0.35738045,0.0020293097,0.09170712,0.03956673,-0.037162613,0.0012694631,0.025172306,-8.64364e-06,-0.010115028,0.0049027125,-0.04565999,-1.4630669,-0.57458025,-0.07299032,-1.8178319,-0.06502088,-0.8126559,0.06605757,0.047886454,-0.0005530505,0.0026983258,0,0.0009879646
-1.0062417,-0.54439515,-0.22233006,-0.011505988,0.33089694,-0.31494325,0.03000513,0.009205895,-0.116872296,-0.22577792,0.0018112758,0.04380799,-0.07117358,0.0011517208,0.0011266065,0.03265986,-4.044135e-05,0.010725362,-0.04321615,0.032924354,0.63374007,0.76310056,0.17696986,-0.5072043,-0.017305998,-0.019555012,-0.5436251,-0.013858966,-0.0003588773,0.002260101,1,0.17094217
-1.3228079,-0.050675377,-0.42699623,0.064298436,-0.21217093,-0.06479556,0.023371715,0.008006239,-0.23647396,-0.58878046,0.0017601922,-0.247497,-0.16300197,0.0108700665,0.0009898004,0.045791782,-4.9424183e-05,-0.027712295,-0.07903395,-0.034647238,-0.94856066,-0.60279167,-0.050242532,-2.0747013,-0.06542203,0.009140906,-0.72168744,0.014518965,-0.00022926385,0.0022062548,0,0.00044001214
-0.62516767,-0.0594806,-0.20348457,0.050724555,-0.6157626,-0.45199043,0.024952639,0.011124441,-0.13472702,-0.2139429,0.0026136476,-0.20679317,-0.39550817,-0.1759493,0.0014963427,-0.028096024,-1.322949e-05,-0.05780553,-0.017882772,0.009174366,-0.70579433,-0.8569364,-0.065653324,-2.4175324,-0.07874915,0.009729354,-0.8094866,0.02990518,-0.000397905,0.003000453,0,0.00034577298
-1.0208023,0.12541714,-0.54949635,-0.046646316,0.018691175,0.05450569,0.04561547,0.023361642,0.0027412393,0.043784764,0.0075770393,-0.25894797,-0.26559067,-0.017378695,0.0040918267,-0.25621235,-1.322949e-05,-0.0585472,-0.15847641,0.0034515886,-0.34115177,-0.44637266,-0.03042805,2.1345577,-0.01854589,0.02569823,0.23884213,0.12205786,-0.00039981795,0.007343122,1,0.353836
-0.9737106,-0.26722005,-0.20239577,-0.013066285,-0.032951105,-0.013528951,0.026485257,0.0075532775,-0.20634829,-0.5444354,0.0017694584,-0.31699324,-0.10334047,0.010562496,0.0010596745,0.050211526,-8.64364e-06,-0.003392896,0.0075985817,-0.05666375,-1.4523371,-0.64416665,-0.051472355,-1.5850098,-0.051730957,0.00818099,-0.61251175,0.04275395,-0.0002873976,0.002110256,0,0.00094419834
-0.8122745,-0.71884924,-0.124203704,-0.012478924,-0.7703616,-0.38353422,0.03067173,0.019132294,0.07067991,0.1958053,0.002182869,-0.04860939,-0.059268244,-0.08019724,0.001530258,0.044799555,-4.044135e-05,-0.011365792,0.0017250378,-0.040213693,-1.3719472,-0.60807914,-0.071365304,-1.9646058,-0.044075146,-0.84825706,0.09163078,0.07086448,-0.0009894249,0.0039406796,0,0.0005936032
-0.8032578,-0.6801798,-0.14157751,-0.015839148,-0.30327913,-0.57506114,0.024954977,0.012231355,-0.10916495,-0.17051232,0.0020522883,-0.39432842,-0.030249415,-0.09261419,0.0014805794,-0.17078094,-4.044135e-05,-0.020252999,-0.058271974,0.013359587,-1.8207982,-0.86739475,-0.06659381,-1.5720859,-0.046990175,0.009184543,-0.6669084,0.040348973,-0.0006582082,0.0028597396,0,0.00020520051
-1.1319427,-0.19548002,-0.31609693,-0.041348934,-0.029477911,-0.49598628,0.045484547,0.020899506,0.2071818,0.5089519,0.007457248,-0.22607304,0.022749681,-0.015807305,0.0042671924,0.10483936,-1.322949e-05,-0.0028224827,0.0033430588,-0.009786313,-0.26939073,-0.0977959,-0.026751727,2.2017958,-0.017711649,0.030682089,0.20030707,0.12173756,-0.00037504593,0.007343122,1,0.65004385
-1.1537359,-0.019446585,-0.105430596,0.040373523,0.015607977,0.007502766,0.05138564,0.019410783,-0.023455657,0.15456995,0.007396201,0.09320418,0.052524395,0.02969143,0.004292508,0.097913794,-1.322949e-05,-0.01030549,-0.00045990778,-0.009587893,-0.30010173,-0.43726787,-0.026323631,2.2225184,-0.016112195,0.028358664,0.21774197,0.121382214,-0.00038765883,0.007343122,1,0.74604815
-0.69937944,-0.041332807,-0.31640446,-0.021474501,-0.025956823,0.26667008,0.05127087,0.01719127,-0.13256143,-0.18288246,0.007057354,0.22151643,0.009909879,0.0013263267,0.0036736683,0.09199015,-8.64364e-06,-0.0151575,0.0026670105,-0.025324315,-1.3251663,-0.2856189,-0.027649198,1.920303,-0.014090924,0.030668272,0.19954295,0.123535275,-0.00031409174,0.007343122,0,0.46266875
-0.73807,-0.19428411,-0.27823117,-0.03770938,-0.06910057,0.016392803,0.034143046,0.0095748585,-0.18584663,-0.4013443,0.0020463294,0.08005351,-0.13583408,0.020293292,0.0012294697,0.051179875,-6.685659e-06,-0.014755823,0.0041961903,-0.052431572,-1.5831414,-0.6038104,-0.06900927,-1.8995855,-0.04545909,-0.7874578,0.07117437,0.0563026,-0.0005530505,0.0026983258,0,0.0011832691
-1.4140486,-0.09226147,-0.31776395,-0.026977831,-0.06353247,0.108388335,0.045395557,0.02249437,0.09074955,0.0947977,0.0076504126,0.0146882525,-0.23198383,-0.084006876,0.004161928,-0.005559132,-4.9424183e-05,-0.020431612,-0.073226824,-0.002127321,-0.21064556,-0.24314395,-0.02924659,2.1767576,-0.014975062,0.030774537,0.21339494,0.12520885,-0.00037921342,0.007343122,1,0.5300884
-0.78473556,-0.30735427,-0.16284263,-0.041599948,-0.122280814,-0.031551424,0.029479066,0.010450733,0.08911684,0.16959201,0.0024947096,-0.07572394,-0.09792228,-0.0007988098,0.0014450405,0.0725304,-8.64364e-06,-0.008221475,0.009561753,-0.0520802,-1.2558821,-0.5359592,-0.047700506,-2.259273,-0.042676564,0.013628726,-0.7543876,0.06549346,-0.00036950357,0.00293994,0,0.0022254125
-0.83715725,-0.22545198,-0.38499257,-0.07724665,-0.101728156,-0.64166635,0.03997699,0.022317229,-0.008107597,0.02076681,0.007378039,-0.027865443,0.071806505,-0.0048955875,0.004260606,-0.06916447,-4.9424183e-05,-0.030331753,0.008668642,-0.020055478,-0.28157353,-0.06769194,-0.034856908,2.22505,-0.014740377,0.02921353,0.21824546,0.12196004,-0.0002951373,0.007343122,1,0.48954356
-0.1710799,-0.11289981,-0.33740842,-0.022590056,-0.074913025,0.033466037,0.035231058,0.02249636,0.051941104,0.11006533,0.007104299,-0.05298487,0.23968291,0.12897305,0.0043132673,0.052189432,-4.9424183e-05,-0.017582413,-0.048005376,0.0014522515,-0.3235971,-0.6169551,-0.026047094,2.1340675,-0.01577013,0.031827442,0.17588495,0.13674161,-0.0003787948,0.007343122,1,0.7960152
-0.19772415,-0.56368494,-0.101363026,-0.013086271,-0.028230324,0.027107121,0.035953775,0.01331793,-0.13545524,-0.32503766,0.0020224,0.058790345,-0.09487161,-0.004505433,0.0011570855,0.051067118,-4.044135e-05,-0.011983093,-0.011237627,0.028377116,-1.5634317,-0.57124317,0.09050741,-1.7856036,-0.038982198,0.010986782,0.07285468,0.054954167,-0.0006463201,-0.21767128,0,0.0054393136
-0.80372024,0.044119924,-0.31060356,-0.014441819,0.14403114,0.09160251,0.049540047,0.024982067,0.2021142,0.38192028,0.007174409,-0.28615335,-0.077209,0.042699352,0.0039049063,0.07002464,-4.9424183e-05,-0.006656905,0.008200739,-0.013983128,-0.12878476,-0.5316147,-0.023933418,2.1265516,-0.019723715,0.031001035,0.2311344,0.12863444,-0.000502734,0.007343122,1,0.80005807
-0.1385905,-0.026876613,-0.19867931,-0.020798055,0.11525205,-0.16640675,0.05365037,0.017683981,0.21313389,0.38042673,0.008344228,0.074656844,-0.17379935,-0.4967862,0.005695042,0.12751018,-8.64364e-06,-0.024733242,0.00071876583,-0.0130312545,-1.2079457,-0.19116312,-0.023190577,2.066257,-0.014905635,0.029318374,0.20226379,0.13256128,-0.0002780885,0.007039069,1,0.67838734
-1.0211836,-0.026761932,-0.10238821,0.058191948,-0.1963912,-0.5460202,0.051260956,0.021480726,-0.011723277,0.14701097,0.007017299,-0.51392156,-0.06840871,-0.18068634,0.0040127146,0.046400506,-2.516625e-05,-0.04490984,0.0024920925,0.010269368,-0.50896364,-0.69813365,-0.025843482,1.9185727,-0.019398987,0.02797803,0.14433578,0.14094685,-0.00048705217,0.007343122,1,0.2028008
-1.814732,-0.05655546,-0.20944133,-0.031839833,0.029304035,-0.5004751,0.04045662,0.023126375,0.1770325,0.39236242,0.0066170236,0.11572472,-0.12111145,0.01399586,0.0033366191,0.095077574,-4.9424183e-05,-0.013604409,-0.036619835,0.018420924,-0.12422621,-0.18741398,-0.02183674,2.0965643,-0.015082512,0.030609954,0.23372272,0.11012868,-0.00037975813,0.007343122,1,0.56697243
-0.8042344,0.048839815,-0.39180073,-0.013938797,-0.08592275,0.08314363,0.04852788,0.024941714,0.2129404,0.4189612,0.007174409,-0.40273523,-0.044108555,0.0481224,0.0039321333,0.07002337,-4.9424183e-05,-0.0049583646,0.0044801277,-0.013848262,-0.1648393,-0.6027061,-0.024593212,2.1298883,-0.019761343,0.03210986,0.2144046,0.12836154,-0.00050218933,0.007343122,1,0.71468526
-0.8452613,3.6712863,0.16835122,-0.021196684,-0.114764206,0.22025384,0.035724904,0.01745577,0.2223145,0.39672205,0.011434627,0.086038455,-0.058568116,0.01974635,0.0052053346,0.09978319,-8.64364e-06,-0.012560308,-0.0024131169,-0.0139835365,-0.89362305,-0.3650085,-0.021934826,2.2316868,-0.013648639,0.03071848,0.2186315,0.119044274,-0.00025100354,0.007343122,1,0.9945549
-1.5088657,-0.75822705,-0.14915702,-0.020561459,-0.09025037,0.035611168,-1.6212733,-0.37170327,-0.24698958,-0.53053904,0.0018627489,0.031393975,-0.12990503,0.015807778,0.00737401,0.04018334,-0.0010200533,-0.007304256,-0.08418479,-0.031792738,-0.7406832,-0.5225288,-0.04436568,-1.5742528,-0.048269935,0.009832969,0.03682175,0.025145272,0.010556606,0.00224216,0,0.00025963035
-0.4214421,-0.13533573,-0.21986948,-0.027473802,-0.80402577,0.0390861,0.040173113,0.023293449,0.23713212,0.49859375,0.007649443,-0.37449762,-0.059656866,0.03174203,0.003883173,0.10715919,-4.9424183e-05,-0.029148804,0.003378119,-0.0070691314,-0.26087326,-0.18933386,-0.024839632,2.2609062,-0.015091508,0.028950213,0.23797867,0.13000174,-0.00037975813,0.007343122,1,0.7497423
-1.1430907,-0.07951517,-0.13821027,0.032972034,-0.204026,0.01697648,0.026995953,0.0069271554,-0.29558218,-0.66141,0.0015932462,0.083042465,0.024787838,-0.06019244,0.0010252206,0.03387479,-8.64364e-06,-0.012948409,0.0020022134,-0.036659043,-1.2469301,-0.8096571,-0.048146058,-1.5118537,-0.052291624,0.006410773,-0.5161615,0.03853607,-0.00025143716,0.0022062548,0,0.001456106
-0.8217158,-0.15536599,-0.14569321,0.02070948,-0.23575248,0.007054767,0.027234381,0.010830333,-0.06962487,-0.27795878,0.0023188072,0.074989885,-0.009209225,-0.060608014,0.0013818522,0.022146408,-8.64364e-06,-0.018335996,0.0042502414,-0.04707257,-1.2997153,-0.7934766,-0.06621777,-2.3426044,-0.05653473,-0.8071022,0.08531414,0.066832945,-0.0005188312,0.0039484864,0,0.0010358982
-1.1033016,-0.14349397,-0.341087,-0.017511914,0.08030393,0.12076974,0.046912692,0.025923528,-0.020157682,0.11516705,0.0070121074,0.19507276,0.016182728,0.029318623,0.0039801444,0.077663854,-4.9424183e-05,-0.007036149,0.01650087,-0.011668226,-0.3245947,-0.5188781,-0.026308453,2.1699665,-0.018704077,0.03260597,0.22090591,0.14075616,-0.0004139643,0.007343122,1,0.6861609
-1.4407955,0.13380153,-0.5244548,-0.028217236,0.028468462,0.07021758,0.04270961,0.022564648,-0.021849388,0.034449175,0.0075113205,-0.19215465,-0.025273662,0.06500322,0.0042272783,-0.07308574,-4.9424183e-05,-0.018718855,0.0003420289,-0.0070666904,-0.15434055,-0.14168969,-0.051005106,2.2044282,-0.014809256,0.028805442,0.20919605,0.123563714,-0.00039556128,0.007343122,1,0.5738995
-1.4409338,-0.29592377,-0.1857058,-0.006736086,-0.056303628,-0.050889507,0.029614534,0.01289007,0.087048545,0.13159245,0.0023665049,-0.34637523,-0.02687883,-0.035247624,0.0013377648,0.033641167,-9.260577e-06,-0.105308495,-0.0028878693,0.007416438,-0.73214805,-0.8000004,-0.06363464,-2.337936,-0.05919145,0.0038092043,-0.8111092,0.064853184,-0.0004476959,0.00293994,0,0.0009377327
-0.8521838,-0.16383466,-0.38057378,-0.07644434,0.14785782,0.14522621,0.046818975,0.02439601,0.17992671,0.06898596,0.0075817537,-0.36833605,-0.19027084,-0.11645156,0.004108912,0.12018292,-1.322949e-05,-0.0066527114,-0.009261803,0.0021163311,0.07181547,-0.4188684,-0.029755581,2.1986835,-0.017563261,0.029410666,0.24000047,0.11647433,-0.00037953694,0.007343122,1,0.68770087
-0.70665276,0.008133828,-0.07380536,0.04733903,-0.06944869,-0.057067484,0.02915686,0.008175258,-0.17726351,-0.57520634,0.0016597917,0.08803337,0.042915747,0.012134416,0.001043453,0.051114295,-4.9424183e-05,-0.00930369,0.0014261497,-0.038177583,-1.0246555,-0.64142483,-0.050732207,-2.0825584,-0.06519017,0.010050372,-0.7070113,0.053798486,-0.0003024009,0.0022062548,0,0.002697823
-1.7450778,-0.79659593,-0.17637748,-0.012581826,0.0028851458,-0.03438121,0.041178796,0.013757965,-0.7486475,-1.3824606,0.0028960367,0.033572372,0.026735038,0.0055503207,0.0016344662,0.059368398,-2.4539833e-05,-0.010141138,-0.014412789,-0.0141248815,-1.4886152,-0.6221226,-0.029053006,1.0727334,-0.012765033,0.011200196,0.10149598,0.07315774,-0.00044840953,0.0041960184,0,0.003581405
-0.2124955,-0.20665139,-0.094266206,-0.011247959,0.30136663,0.030442065,0.030578993,0.009654292,-0.20381483,-0.39429414,0.0021492802,0.07183614,-0.060551353,0.0029035958,0.0011821004,0.041907903,-8.643641e-06,-0.016893772,-0.024760798,0.030544825,0.6982767,0.69742143,0.15107243,-0.7813348,-0.015727524,-0.03213497,-0.06277663,-0.5749631,-0.00030484947,0.0022949944,0,0.35170755
-1.3271539,-0.2427802,-0.13956676,0.043942213,-0.26465577,-5.075919e-05,0.024009326,0.008966557,-0.2160552,-0.563673,0.0018316854,0.055443164,-0.13623896,0.008431207,0.000989738,0.04461414,-2.2618437e-05,-0.020094406,-0.07026606,-0.036908552,-1.5251834,-0.54296803,-0.03824004,-1.697343,-0.060914833,0.009143417,0.032674138,-0.7762116,-0.0005792016,0.0022042019,0,0.0006002257
-1.5758634,-0.9133413,-0.13452372,-0.017567184,-0.13586709,0.020521948,-1.6033869,-0.506771,-0.014056957,-0.07316244,0.0027812722,-0.13746488,-0.033216074,-0.17528129,0.011739858,-0.19326466,-0.0010200533,-0.015637824,-0.05761917,0.00088991306,-0.6930174,-0.36960274,-0.07066984,-1.5201191,-0.039071463,0.013995853,0.007394104,0.04377797,0.009531354,0.003099145,0,0.00028642695
-1.288099,-0.29480237,-0.2785847,-0.034783,-0.1209934,-0.39251816,0.02613077,0.009659333,-0.025764534,0.035136346,0.0025947914,-0.42849427,-0.15199412,0.01481299,0.0017680251,0.049608238,-6.685659e-06,-0.011404578,0.00094692636,-0.03580602,-1.4160762,-0.54955953,-0.05286009,-2.0819232,-0.049555328,0.0063231695,-0.67409986,0.057213057,-0.00029153086,0.0029202527,0,0.00046572558
-0.83874196,-0.10396019,-0.2808025,-0.0503851,0.05528902,0.114939876,0.049251914,0.02471118,0.02724736,0.19782208,0.007174409,-0.12714536,-0.089535974,0.03185834,0.003911333,0.05682471,-4.9424183e-05,-0.0019405528,0.002137613,-0.011798414,-0.2891446,-0.5769982,-0.02288259,2.0877314,-0.01825695,0.030350076,0.18943211,0.13409178,-0.00042021007,0.007343122,1,0.6495602
-0.67869395,0.017751947,-0.44665006,-0.03597447,0.0009594667,-0.48912796,0.027330091,0.011727465,-0.03538236,0.06875768,0.0025254367,-0.110496126,0.076156944,-0.036411263,0.0015053923,0.008383314,-1.322949e-05,-0.023480503,-0.02653196,0.0072098332,-0.8446189,-0.6966897,-0.06381062,-2.553241,-0.06152243,0.012176348,0.10238506,-0.9821737,-0.0007036327,0.003061155,0,0.0011853374
-1.4066241,-0.17796975,-0.3652719,-0.020963285,-0.3160541,-0.22639407,0.022770647,0.010738763,-0.047310293,0.021280546,0.0024655953,-0.32072243,-0.12967387,0.029042492,0.0015528317,0.051045343,-8.64364e-06,-0.019195374,-0.05232262,-0.037808854,-1.6818719,-0.78504044,-0.049312662,-1.8259486,-0.07184646,0.012044399,-0.7950454,0.01406835,-0.00022401617,0.0029202527,0,0.00028789495
-0.5151657,-0.19424805,-0.31529644,-0.015661564,-0.13972132,-0.024352655,0.03368248,0.0103439875,-0.07482642,-0.35338545,0.0025400713,-0.36927763,-0.12867373,0.006716695,0.0013241658,0.041367475,-8.64364e-06,-0.02426895,0.0110956915,-0.052131113,-1.4565389,-0.54577,-0.05072381,-2.1751359,-0.051996775,0.014671698,0.0924991,0.062303413,-0.0005933062,-0.30101246,0,0.001496409
-0.55168307,4.1737647,0.10087955,0.11521731,-0.35139656,-0.02568387,-1.0778887,0.027853223,-0.11301463,-0.077187985,0.02437828,-0.016101552,0.03352814,-0.021536348,0.028962016,-0.12106461,-2.2618437e-05,-0.028887272,-0.025874173,0.003393538,-0.94926935,-0.11486434,-0.02642272,2.0610716,-0.013167644,0.022018211,0.18899703,0.09886445,-0.0009673555,0.004204396,1,0.9669827
-0.6375682,-0.18080683,-0.19118439,-0.03219762,0.28165436,0.05675779,0.028063064,0.0081544565,-0.13879648,-0.3200671,0.0019758884,0.07137383,-0.076356165,-0.032136627,0.0012119061,0.032275453,-8.643641e-06,-0.010745159,-0.037747264,0.03786291,0.5918601,0.724688,0.17009263,-0.8096316,-0.0156179285,-0.0057297195,-0.61658406,0.008197602,-0.0001914793,0.0023206142,1,0.25353873
-0.9065534,0.055861827,-0.4763337,-0.03596219,0.049226597,-0.2201346,0.0147255985,0.017461112,0.025361247,0.0763138,0.0073120953,0.10263002,0.18587078,0.09212175,0.00521105,-0.11922452,-6.685659e-06,0.028860858,-0.11508209,-0.001694007,-1.4781038,-0.33245915,0.041837398,1.8295516,-0.01415667,0.024388589,0.1898012,0.10540921,-0.00026815158,0.007039069,1,0.30323458
-1.0975485,-1.0555289,-0.08635,-0.0149107,0.077085294,-0.33065584,0.060609985,0.042789634,-0.01933806,-0.04910816,0.0065827332,-0.25227284,-0.19441889,0.039860208,0.0035629894,-0.2365216,-0.0010200533,0.0003512302,-0.018697368,0.0015341338,0.1127131,-0.23015067,-0.029964466,1.932297,-0.018669128,0.025917675,0.18929018,0.11787937,-0.0017268881,0.0071220826,1,0.26693428
-0.96613353,3.2337198,-0.17708872,-0.015257816,-0.13086976,-0.44261315,0.035024133,0.02128137,-0.08564931,0.058100432,0.011111528,0.18312107,-0.13331594,0.08048362,0.0050244574,0.05459909,-4.9424183e-05,-0.0055436785,-0.010662938,-0.011062925,-0.39085355,-0.4871346,-0.02124616,2.1238987,-0.016689392,0.0257078,0.21872677,0.12209422,-0.00042215,0.007343122,1,0.9642464
-0.9717041,-1.0320637,-0.15008873,-0.014828483,-0.10840632,-0.5634696,0.059759643,0.042820964,-0.03981653,0.10605908,0.0065541063,-0.21603923,-0.11713919,0.025115551,0.0036517621,0.055608094,-9.558551e-05,-0.00088631094,-0.0021340684,-0.014117802,-0.07072037,-0.30492562,-0.02619469,2.0129411,-0.015306699,0.025489658,0.19748935,0.12101398,-0.0017309026,0.0071220826,1,0.2734893
-0.43066576,3.4160964,0.059005823,-0.016899033,0.1476338,0.027244868,0.04498101,0.016580323,0.20869282,0.46384984,0.011603635,-0.442208,-0.06603724,0.026196102,0.0051962724,0.07100387,-1.322949e-05,-0.008835243,0.008717346,-0.0022393991,-0.36571756,-0.56446064,-0.022437474,2.4167407,-0.012374732,0.03040064,0.2326248,0.12401021,-0.00038000342,0.007343122,1,0.99547994
-2.0142736,-0.19876091,-0.28843522,-0.012829989,-0.016853686,-0.5602091,0.046377484,0.020894308,0.21287434,0.41237235,0.007434933,-0.16096403,-0.112099245,0.021863285,0.0033812881,0.02445727,-9.260577e-06,0.033437636,-0.03798878,-0.007461085,-0.35552993,-0.22580524,-0.025796274,2.0802095,-0.014920273,0.023567256,0.21938354,0.12505215,-0.00037881284,0.007343122,1,0.31332612
-0.55368584,-0.031890504,-0.11794068,0.08898407,-0.37227985,-0.024344292,0.048104577,0.017468812,0.30640623,0.4063023,0.008362756,0.07746333,0.09628172,0.03575677,0.005431579,0.17689233,-8.64364e-06,-0.039676275,-0.0069456324,-0.017865676,-1.4960341,-0.2300281,-0.022630394,2.0362465,-0.014893803,0.028856594,0.20119336,0.11380025,-0.0002907014,0.007039069,1,0.6759297
-1.4311913,-0.24861549,-0.2067735,-0.0059621832,-0.13917312,-0.5384887,0.026095763,0.01457333,0.10031017,0.23148128,0.00268715,-0.33257434,-0.08327937,0.0066724843,0.0014636497,0.06756358,-2.516625e-05,0.00087096926,0.0099687,-0.029244307,-1.0854939,-0.53537244,-0.042856544,-2.6727788,-0.05635256,0.0082551455,0.07739914,-0.9448531,-0.00083988253,0.002999396,0,0.00041183337
-0.5824009,0.22550566,-0.2551015,0.11358131,-0.08339824,0.056260645,-1.2664843,0.11885283,0.010412113,0.062392317,0.013691483,0.030351212,0.52981454,0.14184691,0.032909762,-0.0061166496,-2.2618437e-05,0.007751566,-0.037844338,0.001733236,-0.8797146,-0.07956927,-0.027792843,2.1092658,-0.01411867,0.021728653,0.17699245,0.0931714,0.0009801794,0.004204396,1,0.62900144
-0.7525547,-0.010757769,-0.069811605,0.010080319,0.26859304,0.21788555,0.040798783,0.010582226,-0.08226939,-0.059417076,0.0028951126,-0.011391621,-0.09097787,-0.012873629,0.001534447,0.04082474,-8.643641e-06,-0.024166476,-0.042891163,0.029078076,0.35326526,0.46429497,0.15362816,-1.2887579,-0.017892528,-1.2030895,0.0029151926,-0.0019054671,-0.0003220215,0.004005665,1,0.11308072
-1.114867,-0.10616966,-0.2804379,-0.039189354,-0.005584609,0.07859292,0.03901204,0.022933125,0.20414121,0.4939423,0.0074991873,-0.06207434,-0.021551399,-0.04044702,0.004286545,0.09826382,-9.260577e-06,-0.004343818,0.011719194,-0.0051535484,-0.24261789,-0.44648397,-0.01077776,2.2542949,-0.01429864,0.03096775,0.2279414,0.12941734,-0.00037351233,0.007343122,1,0.77294695
-0.8107818,-0.70063657,-0.10430469,-0.0044093924,-0.86662644,-0.03205235,0.026287911,0.021151796,0.034086864,0.09450312,0.0022329309,-0.0008380738,-0.04497928,-0.023956558,0.0015433463,0.035296198,-2.4539833e-05,-0.008584955,-0.009113036,-0.0565217,-1.6331775,-0.5174643,-0.06908517,-1.9496354,-0.0346911,0.015663246,0.0454594,0.078324914,-0.0009894249,-0.33958405,0,0.0010648515
-0.7436747,-0.02492784,-0.53289276,-0.007597564,0.013641396,-0.011760362,0.027476346,0.008883768,-0.16942397,-0.3688686,0.0019503034,-0.16604319,-0.027385917,-0.036746405,0.0012481,0.046497505,-8.64364e-06,-0.016372673,-0.009013714,-0.05346098,-1.421138,-0.8469302,-0.048898876,-1.8758045,-0.062006466,0.009496542,0.047098726,-0.8179885,-0.0005610233,0.0023567537,0,0.00084628904
-0.55745274,-0.5296393,-0.28575453,-0.00824994,0.30721554,0.017235577,0.027379068,0.008840655,-0.22060373,-0.54558945,0.0019535148,-0.1724365,-0.052764013,-0.023501856,0.0011145032,0.031024318,-8.643641e-06,-0.026686035,-0.023756236,0.026742836,0.47903743,0.5850403,0.15333869,-0.66548955,-0.016370783,-0.02608102,-0.040377617,-0.62656015,-0.00025969004,0.0022042019,1,0.10234818
-1.6786665,-0.9809292,-0.13837056,0.008490738,0.06073221,0.028799294,0.05789164,0.033310536,-0.038775064,-0.08692039,0.006432254,-0.11389816,-0.074957766,-0.1024425,0.0030753026,0.039023407,-4.5451732e-05,0.001663932,-0.008160379,-0.008808491,0.050281227,-0.34692076,-0.023911428,1.8775008,-0.014036028,0.018905308,0.19508931,0.1178457,-0.0017206423,0.0071220826,1,0.24911347
-1.2679508,-0.14441176,-0.36728224,-0.017329603,-0.2913196,-0.33684686,0.026028892,0.010407177,-0.011985056,0.049675327,0.0024066318,0.014730984,-0.0016759045,-0.040830486,0.001574591,0.037932336,-2.2618437e-05,-0.016430767,-0.060239688,-0.034278233,-1.5885191,-0.6791761,-0.058724497,-2.0542505,-0.07012022,0.012936146,0.079034895,-0.804177,-0.0005808646,0.0029794767,0,0.00050050445
-0.8477977,3.3961773,-0.23911306,-0.0420249,-0.36092666,-0.35213006,0.03488819,0.0172625,0.20004113,0.3422961,0.011276542,-0.09287509,0.004447325,-0.04057069,0.005203525,0.045254305,-8.64364e-06,-0.003677734,0.005390373,0.0049929465,-0.7822819,-0.33873004,-0.025775427,2.257686,-0.013745077,0.030422453,0.20870414,0.11963069,-0.00029869497,0.007343122,1,0.97235066
-0.8406075,-0.75968313,-0.1013968,-0.013429147,-0.012665198,0.022238916,0.038223293,0.016853286,-0.0968862,-0.060189947,0.002374883,-0.27456874,-0.12289249,0.02416169,0.0013864252,0.032535147,-0.0010200533,0.00016011782,0.004584265,-0.04108956,-0.75870305,-0.62349474,-0.055996537,-2.0021415,-0.04716445,0.012320851,-0.7337787,0.07036485,-0.0017464601,0.00293994,0,0.0018142669
-0.64993215,-0.016219756,-0.48949167,-0.010840851,-0.04404547,-0.0063964976,0.030740976,0.008517235,-0.110738695,-0.3331708,0.0023946476,-0.37906906,-0.13110666,-0.020638881,0.0013129105,0.027707953,-4.9424183e-05,-0.019628113,0.00037517626,-0.041915204,-1.1132133,-0.49123204,-0.048280902,-2.1830823,-0.06380724,0.01377362,-0.8172663,0.057943396,-0.00041489064,0.0026703407,0,0.0010948406
-0.84260356,-0.3809272,-0.21663415,-0.013779656,-0.12834385,-0.2869046,0.028877122,0.011812249,0.060855333,0.13334109,0.0024323976,-0.054676615,-0.14554751,-0.57313955,0.0014755751,0.059371524,-8.64364e-06,7.6939265e-05,0.009407932,-0.04797177,-1.5241448,-0.8031417,-0.047537748,-2.107271,-0.063180536,0.012326945,0.070164934,-0.912356,-0.0007460745,0.002999396,0,0.00043196924
-0.51828784,-0.70945036,-0.12833852,-0.012891577,0.2870686,0.2909192,0.043110516,0.013483441,-0.15618463,-0.46365947,0.0015323419,0.0498503,-0.0364834,-0.04075402,0.0010400969,0.038725846,-4.044135e-05,0.013429569,-0.02761698,0.02863856,0.3418719,0.20546289,0.12742205,-0.12723419,-5.9553888e-05,-0.009348185,-0.056809414,0.059936866,-0.00038277422,0.0041136323,0,0.31607196
-0.20528978,-0.010627648,-0.5511349,-0.0067518265,-0.62351805,-0.54694897,0.02780179,0.010088609,-0.15432458,-0.22552261,0.0026046399,-0.02963422,0.009466575,0.007123761,0.0017316543,-0.0767307,-8.64364e-06,-0.03556067,-0.047510345,0.0033847261,-1.2983518,-0.57551235,-0.07675937,-2.2191596,-0.062781624,-0.8931673,0.106259085,0.06892297,-0.0006132176,0.004005665,0,0.00061734393
-0.50893617,-0.029674862,-0.085121505,0.092248194,-0.042522818,0.058850702,0.052317545,0.017068436,0.24984507,0.4556231,0.0072794547,0.02875587,-0.051996734,0.04670203,0.0041985945,0.12423721,-8.64364e-06,-0.020978307,0.0063302084,-0.018876621,-1.2321976,-0.16090035,-0.024482446,2.1921904,-0.015294139,0.029863881,0.21506861,0.12864861,-0.0003084226,0.007343122,1,0.8226387
-0.4506937,0.028169023,-0.33527118,-0.022123983,0.07416317,0.07205152,0.056157604,0.017598981,0.2634732,0.41224596,0.008343742,0.1883326,0.0038757997,0.012032636,0.0055632507,0.16426013,-8.64364e-06,-0.018190034,0.0054971315,-0.018504648,-1.7056234,-0.36754876,-0.025546962,2.0667644,-0.01422973,0.030173838,0.20534752,0.124140956,-0.00030013744,0.007039069,1,0.6891703
-0.83786535,-0.16987012,-0.15653583,-0.015868776,-0.020602416,0.106548056,0.027255153,0.009444129,-0.044779047,0.04628361,0.0024994758,-0.37002257,0.015083808,-0.003938673,0.0015047202,0.055713803,-8.64364e-06,-0.019492717,-0.0012594591,-0.04767153,-1.403872,-0.75661397,-0.037488177,-2.386097,-0.061567143,0.013618838,0.086555995,-0.8982128,-0.00059233804,0.003061155,0,0.0010522828
-0.74914145,-0.17823438,-0.21199296,-0.009560104,-0.013864194,0.074323304,0.049515035,0.02519749,0.19772938,0.37038398,0.007174409,0.030819578,-0.035201613,0.06257676,0.0038944876,0.06611949,-2.516625e-05,-0.0055230693,0.012389553,-0.013196981,-0.1074406,-0.53485215,-0.022267073,2.1408699,-0.018966815,0.030395675,0.18331131,0.1422139,-0.00042021007,0.007343122,1,0.81944966
-0.68280953,0.031691145,-0.19491643,0.05178273,-0.07105163,-0.5053952,0.027662022,0.00923753,-0.112350374,-0.1865487,0.0025388254,-0.050483022,-0.049617864,0.006164087,0.0015574022,-0.081661835,-9.260577e-06,-0.012374094,-0.07121398,0.0013485157,-0.93742543,-0.7559656,-0.061920937,-2.6128037,-0.068188265,0.0117039485,0.09148706,-1.0058618,-0.0006028537,0.003061155,0,0.0007357299
-1.2865198,-0.6495068,-0.09848399,-0.012056869,-0.08449493,-0.013396183,0.028976833,0.0085203,-0.2239546,-0.57669413,0.0016849493,0.010230287,-0.114977255,0.0047183083,0.0010437806,0.047355697,-4.044135e-05,-0.006705035,-0.00096645474,-0.036662545,-1.2878566,-0.5353716,-0.050777324,-1.3197396,-0.03161347,0.0052095745,-0.50661176,0.031839,-0.0004198171,0.002110256,0,0.001246578
-0.5236927,-0.2109757,-0.32521582,-0.061293986,-0.17621619,0.052313674,0.025525343,0.012663578,-0.029279295,-0.0687463,0.0025585527,0.12599948,0.0048415875,-0.07653451,0.0015330638,-0.088824466,-4.9424183e-05,-0.011684959,-0.055692576,0.0044860165,-0.9566425,-0.62993675,-0.06264516,-2.6788094,-0.04900445,0.015000488,0.09999728,-1.0362954,-0.0005654679,0.003061155,0,0.0012478651
-0.5192389,0.030538453,-0.15517984,0.056483783,0.038758267,-0.042998306,0.050375797,0.017421551,0.2067138,0.37823448,0.008340093,-0.0046262024,0.025385307,-0.017801981,0.0055898684,0.14742222,-8.64364e-06,0.03651108,0.014622391,0.0072363145,-1.1042182,-0.1849463,-0.02608614,2.1946552,-0.013106967,0.029388415,0.20161946,0.12417341,-0.00026865245,0.007039069,1,0.82069767
-0.6074277,3.608418,-0.29977694,-0.028521866,-0.20576245,0.17234819,0.045930617,0.0150169125,0.093971856,0.24387133,0.012521777,0.059375685,-0.06880754,-0.008662907,0.0065264106,0.123590186,-8.64364e-06,-0.02452996,-0.002465783,0.0072216494,-1.1031348,-0.2147464,0.05789374,2.1622765,-0.010984466,0.0284307,0.21142316,0.11826009,-0.00026794203,0.007039069,1,0.98796785
-1.0572786,0.002925579,-0.5576578,-0.0123136435,-0.6962712,0.0070437826,0.021926742,0.008183877,-0.13039108,-0.27506652,0.002135784,-0.00018833528,-0.41926596,-0.16080773,0.0011148697,0.008055017,-8.64364e-06,-0.02210594,-0.06987469,-0.044928838,-1.6620414,-0.6973803,-0.049194977,-1.5958679,-0.046740346,0.008938347,0.074417755,-0.659445,-0.0005647902,0.0023567537,0,0.00033160124
-1.6913576,-0.29699787,-0.27029604,-0.005927919,0.2569853,-0.7487826,0.029039975,0.009113735,-0.0884918,-0.2276307,0.0016984674,0.004509596,-0.11831978,-0.5839885,0.0011382955,0.024421128,-6.685659e-06,0.012575426,-0.025011228,0.017825,0.26223543,0.53560716,0.13588656,-0.76313084,-0.019905264,-0.032302517,-0.102184676,-0.7129106,-0.00030355825,0.0022949944,1,0.012307468
-1.2164261,-0.027550478,-0.44048923,0.033235203,0.27333987,-0.26530418,0.03002179,0.008602414,0.011861852,0.07243991,0.0026125535,0.045174614,-0.11975878,0.0010827035,0.0018407236,0.04207368,-8.64364e-06,-0.00721537,-0.031058213,0.054185227,0.14867543,0.0702359,0.1471395,-1.4592675,-0.023134805,-0.03064052,-0.04836677,-0.9908071,-0.00031222333,0.0029794767,1,0.023991186
-0.28991482,-0.6995684,-0.039436847,-0.01808502,-0.035456527,0.04982601,0.028218973,0.017036743,-0.03344092,0.010631179,0.0024265947,-0.06339467,-0.55746824,-0.2112322,0.0014357107,-0.012269571,-4.044135e-05,-0.11043846,0.051135495,0.02800724,-1.3872834,-0.6054578,0.08474791,-1.8786776,-0.02806034,0.006473727,0.062488984,-0.89309514,-0.00089857314,0.0029177177,0,0.0014865311
-0.69715595,0.05179305,-0.31736818,-0.0023427608,0.06404573,0.14344199,0.04862746,0.023845455,0.19995774,0.38470277,0.0075770393,-0.27342305,-0.044131577,0.036742553,0.0041234796,0.06992726,-9.260577e-06,-0.02339103,-0.0151241,0.004281884,-0.21986799,-0.19593091,-0.027973251,2.333673,-0.018749868,0.031092957,0.24842748,0.13201378,-0.00039981795,0.007343122,1,0.8770518
-0.4760329,-0.16745415,-0.2722345,-0.018736694,-0.26074642,-0.5327269,0.054167986,0.017940138,0.26412997,0.5052366,0.007585056,0.03758288,-0.08471865,0.06336079,0.0057379617,0.11727612,-8.64364e-06,-0.018331295,0.0027916173,-0.016647415,-1.2893039,-0.12840103,-0.027959462,2.1188436,-0.015359604,0.02740939,0.20436376,0.122458026,-0.0002465849,0.007039069,1,0.56366926
-1.5406607,-0.675986,-0.010964033,-0.014532122,-0.00819256,0.04592622,0.030698052,0.011031862,-0.0625493,-0.13837613,0.0021119697,-0.027638864,-0.20774473,0.031101612,0.0012045209,-0.26426458,-4.044135e-05,-0.07638071,-0.011629782,0.0017012405,-1.2281471,-0.9232931,-0.078636184,-1.6405485,-0.039380006,0.0063420464,-0.7125242,0.02534848,-0.00065949425,0.0028597396,0,0.00055567507
-0.7155372,-0.37026298,-0.36741647,-0.030743472,-0.08956964,-0.6446406,0.034492195,0.013330601,-0.07975076,-0.07337148,0.0026042168,-0.029259643,-0.30071777,-0.01414552,0.001480918,-0.33167607,-6.685659e-06,-0.072243504,-0.04473554,0.008410577,-1.36295,-0.47258464,0.07719692,-1.9761785,-0.038011733,-0.8618228,0.084534384,0.06706559,-0.00058479764,0.0039406796,0,0.0005133193
-0.10124549,-0.05525836,-0.23488988,0.020923886,0.04382201,-0.59592587,0.053743422,0.016859977,0.21223582,0.40760386,0.0076661846,0.07879537,-0.062209766,0.041543633,0.005661338,0.11797729,-8.64364e-06,-0.020948645,0.004094159,-0.01722843,-1.3353862,-0.1260451,-0.023575634,2.058265,-0.017824529,0.027268777,0.19816633,0.13209818,-0.00027241936,0.007039069,1,0.7009864
-0.49666613,-0.17220698,-0.4606406,-0.080227844,-0.15669549,0.09455237,0.039244898,0.016749514,0.040895607,0.033990886,0.007026587,-0.061636187,0.2531339,0.11383162,0.004269434,-0.17831062,-8.64364e-06,-0.03243122,-0.014244578,0.002400524,-1.4064689,-0.4706033,-0.031931214,1.9535563,-0.01518505,0.027307587,0.20452236,0.12077704,-0.00022641987,0.007343122,1,0.34325376
-0.82803226,3.4490352,-0.23231186,-0.018144798,-0.13514702,0.36146066,0.045631543,0.014300193,-0.06390865,0.011891772,0.0125717055,0.09229044,-0.087458685,0.020053271,0.0066964505,0.055828206,-8.64364e-06,-0.019321479,0.005222654,-0.014725793,-1.1136281,-0.45789725,-0.023098474,2.1500335,-0.013043451,0.028205061,0.20498542,0.10996138,-0.00028304599,0.007039069,1,0.97280765
-0.52733403,-0.1720265,-0.40128696,-0.06423866,-0.1810604,0.1425995,0.041578855,0.022398708,0.1211101,0.27797043,0.007566182,-0.07262219,-0.7127462,-0.36995673,0.004177707,-0.06276333,-4.9424183e-05,-0.012199564,-0.0035478119,-0.011841954,-0.15987243,-0.18133566,-0.024786003,2.2036514,-0.014050046,0.031384204,0.23703979,0.13814016,-0.00027141845,0.007343122,1,0.5675899
-0.91722035,-0.10293858,-0.30807677,-0.004666323,-0.17228693,-0.41794184,0.0410974,0.02169572,-0.0662644,0.12162784,0.006956595,-0.41197458,-0.0052395975,-0.078298144,0.0040264665,0.0705766,-2.516625e-05,-0.0044563636,-0.0029387563,-0.014325036,-0.28974578,-0.59446543,-0.02062474,2.00603,-0.018308295,0.030806983,0.18744513,0.1434739,-0.0004085427,0.007343122,1,0.3143041
-0.43993276,-0.006097044,-0.14304854,0.10682282,-0.17943099,0.012358127,0.056432493,0.016866842,0.2125407,0.38041344,0.008361997,0.021398848,0.009030095,-0.024688952,0.005767645,0.15660982,-8.64364e-06,-0.036480647,-0.008370837,-0.035087198,-1.6182433,-0.33041522,-0.029702138,2.1496792,-0.01681923,0.028896682,0.20457312,0.12929644,-0.00029040087,0.007039069,1,0.6562268
-1.2773201,-0.24143377,-0.18500076,0.05477714,-0.37229133,-0.026304536,0.023395002,0.00874658,-0.101321414,-0.13266815,0.0024271302,-0.10643156,-0.46541795,-0.140613,0.001210434,-0.004034443,-2.2618437e-05,-0.016836265,-0.053111974,-0.0004325174,-1.3037133,-0.64292663,-0.056671713,-1.8572209,-0.059542514,0.012109857,0.029444605,-0.8915651,-0.0005343696,0.0029794767,0,0.00041315617
-2.0289688,-0.0032144808,-0.1845735,0.06149777,-1.489502e-05,0.029510124,0.04683586,0.01610129,0.03976374,0.2020494,0.005966151,-0.06591586,-0.10523806,0.008895702,0.0030561676,0.093416035,-8.64364e-06,-0.0021594448,-0.07191093,-0.050985906,-1.1358974,-0.51799107,-0.027259756,1.8211397,-0.014458663,0.02723006,0.20185922,0.1066505,-0.00028637366,0.007343122,1,0.17821091
-1.222097,-0.03379003,-0.2528438,0.033548947,0.060234625,0.09016562,0.060393732,0.022378353,-0.084106945,-0.40015283,0.0065658977,-0.48640484,-0.09841606,0.018893741,0.0032788848,0.04467187,-2.516625e-05,-0.0059669595,-0.0011818991,-0.011403709,-0.07035612,-0.36770666,-0.020844491,1.9893204,-0.017569823,0.019402439,0.16621351,0.13258035,-0.00039766607,0.0061393166,1,0.39881063
-0.98961186,0.03306514,-0.35154542,-0.0049365372,-0.09454662,0.025923617,0.04417568,0.02392036,-0.099772446,0.061039772,0.0074605905,-0.39765745,-0.08738291,0.024498692,0.004171315,0.0526195,-9.260577e-06,-0.0065151653,-0.0034376374,-0.014626827,-0.08534837,-0.30284485,-0.024476385,2.1317053,-0.019624809,0.029998196,0.20297143,0.12634048,-0.00040104118,0.007343122,1,0.57482076
-1.0385499,-0.110993646,-0.44533145,-0.06230102,-0.27618235,0.06343933,0.038144358,0.024164565,-0.08851144,0.055191096,0.0069269454,-0.6439166,0.019004209,-0.026457923,0.0040022708,0.07083843,-4.9424183e-05,-0.044481106,-0.031249162,0.0071193925,-0.53590536,-0.6395663,-0.028359426,1.9304827,-0.01880215,0.029157637,0.14536217,0.13579097,-0.00028736758,0.007343122,0,0.19078386
-0.79352534,-0.019733952,-0.5350935,-0.008763803,-0.06615038,0.009145948,0.028038897,0.0089428695,-0.17484352,-0.35062802,0.0022706813,0.05947991,-0.11620741,0.0030345593,0.0012505058,0.041130282,-8.64364e-06,-0.017196348,0.0012665496,-0.047760498,-1.5176505,-0.64845705,-0.048961446,-1.8848523,-0.051933173,0.0067661437,0.07523031,-0.74534994,-0.0005647902,0.0023567537,0,0.0011353061
-0.83070934,-0.15960173,-0.31739157,-0.0056224787,-0.0028717443,-0.009762586,0.02386952,0.009657766,0.07315664,0.14799234,0.0028710184,-0.030334298,-0.08240232,0.0030023148,0.0017395735,0.051656544,-6.685659e-06,-0.022439212,0.018413736,-0.032437332,-1.3978164,-0.84589225,-0.03673038,-2.3480613,-0.0624956,0.014705454,0.08504088,-0.88216484,-0.00058215065,0.0029794767,0,0.0013274262
-0.89678603,-0.5783261,-0.16603984,-0.008184093,0.2716945,0.013587054,0.027101027,0.009691571,0.021929925,-0.079782695,0.0027270932,-0.010212399,-0.08166049,-0.107720055,0.0016655683,0.07591992,-6.685659e-06,-0.16021447,0.06581071,0.021204347,0.29524678,0.55301327,0.17033212,-1.1812497,-0.015366006,-0.045314476,-0.8390182,0.03542537,-0.00022811537,0.0029202527,1,0.06960414
-0.78655285,-0.039374303,-0.4276308,-0.01762741,-0.28734258,-0.13509676,0.04325824,0.01509908,-0.31722957,-0.69175416,0.006148817,-0.040506784,-0.1767035,-0.042784125,0.003264532,0.072462216,-8.64364e-06,-0.046716627,0.00423635,0.016304703,-1.6979865,-0.19851343,0.04946012,1.7159166,-0.013064623,0.020839842,0.17329645,0.068405084,-0.00024939107,0.0048891553,1,0.06200633
-0.18482187,0.01779281,-0.5163304,-0.008113484,-0.0607917,0.29515162,0.027505726,0.012913033,0.08200337,0.18908007,0.002582275,-0.15691276,-0.04302004,-0.055306263,0.0015339802,0.059726264,-4.9424183e-05,-0.013362859,0.008429396,-0.031695083,-0.87509507,-0.6293584,-0.047435816,-2.792928,-0.06033551,0.018125191,0.10317041,-1.020976,-0.0006958565,0.003061155,0,0.0034459531
-0.6744201,-0.06306206,-0.575247,-0.0077843936,-0.16035494,-0.6194787,0.033956725,0.009476934,-0.20046581,-0.35362023,0.002224397,0.05349807,-0.13139373,-0.0008889243,0.0012579161,0.040830854,-8.64364e-06,-0.016419096,0.0040876567,-0.04452553,-1.4554238,-0.88852143,-0.056617245,-1.8316162,-0.06800405,-0.78517497,0.07801734,0.051675756,-0.0005775751,0.0026983258,0,0.00047732898
-0.8523121,3.1373403,-0.1619764,-0.014815496,0.051865753,0.033891328,0.039414622,0.013495671,-0.6720937,-1.1430018,0.0071156085,0.09395992,0.03915201,0.014554763,0.0032429455,0.06753215,-8.64364e-06,-0.018586727,0.0034657316,-0.016217966,-1.6454358,-0.3167493,-0.027134981,1.7961957,-0.012400974,0.021375371,0.15943092,0.07852074,-0.00023986974,0.0048891553,1,0.66675
-1.2082022,-0.22908297,-0.33489266,-0.0014607974,0.005191131,-0.22443557,0.023368564,0.008056641,-0.24283287,-0.59143746,0.0018241865,-0.04164611,-0.11810809,0.008993204,0.0011070983,0.0313945,-6.685659e-06,-0.0153952,0.013715623,-0.0385789,-1.4470066,-0.9026048,-0.048067734,-1.3681468,-0.07197119,0.0060682576,-0.5376249,0.027210329,-0.0002533644,0.0021707695,0,0.00068623945
-0.92448246,3.4634995,-0.12030886,-0.01657891,-0.05532188,-0.8293042,0.024033507,0.020071015,0.052275874,0.132573,0.011377601,-0.24733372,0.22705303,0.124229684,0.005483364,0.04695228,-4.9424183e-05,-0.03689019,-0.027902598,0.002137488,-0.39068222,-0.09153489,-0.025881166,2.2893465,-0.016461357,0.029990902,0.22545327,0.12073105,-0.00034967443,0.007343122,1,0.98216367
-0.82322544,-0.14525767,-0.37678173,-0.06819463,-0.26528344,-0.46940145,-1.6638787,-0.3918295,-0.091227785,-0.52610946,-0.68106747,0.024482764,-0.6448467,0.012183863,-0.34247822,-0.013860536,-8.64364e-06,-0.0010431005,-0.0017146685,0.015514974,-1.3469245,-0.6203798,-0.032923434,1.1666439,-0.018049851,0.010951422,0.087850995,0.04991878,-0.0023512503,0.0027184903,0,0.00078619545
-0.7483957,-0.2323025,-0.1829339,-0.01978017,-0.057047162,0.18731579,0.029800287,0.0097821755,-0.08951092,-0.373026,0.0025458152,-0.016288945,-0.09766664,-0.03232461,0.0013228402,0.052567624,-1.322949e-05,-0.0031152214,-1.0871736e-06,-0.03485871,-1.1776159,-0.80283755,-0.047784295,-2.3512568,-0.05061118,0.011075051,0.06421603,-0.85528994,-0.00073711463,0.0026509794,0,0.0011091321
-0.67740035,0.014017564,-0.34402245,-0.013890146,0.07794759,0.09944794,0.04267957,0.025052184,-0.108595446,0.0005285012,0.007120003,0.26672038,-0.08587181,0.008444542,0.0038131678,0.04735194,-4.9424183e-05,-0.0077452823,0.0028151216,-0.014374207,0.03524024,-0.48296064,-0.024278775,2.1416037,-0.019754596,0.031703096,0.23700275,0.13075192,-0.000502734,0.007343122,1,0.8036383
-1.2147636,-0.116977945,-0.5275411,-0.014759598,-0.28344017,-0.066768736,0.030392118,0.007610102,-0.0018455144,-0.21241644,0.001670036,-0.028442906,-0.00052264135,-0.42260152,0.0010426935,0.037944417,-8.64364e-06,-0.016201654,-0.05946815,-0.03999855,-1.5678658,-0.81989413,-0.04266159,-1.2533422,-0.110899046,0.00724847,0.06515749,-0.7011708,-0.0002758695,0.0022042019,0,0.0006489216
-0.85519296,-0.057212617,-0.120838754,0.061883908,-0.15772702,-0.17754366,0.024217881,0.024160203,0.16173337,0.25462663,0.0070187543,0.24915898,0.06720439,0.057346996,0.0042520124,0.011645623,-4.9424183e-05,-0.0050638393,-0.0106390165,-0.013734848,-0.10394638,-0.51064783,-0.024622303,2.1525939,-0.015155069,0.03134161,0.21784528,0.13598713,-2.2444892e-05,0.007343122,1,0.80612355
-0.88463116,-0.1071968,-0.37228614,-0.028995197,0.05875406,0.062220577,0.054605182,0.017765777,0.07114015,0.27004364,0.008320917,0.09193514,0.014331091,0.019778859,0.005699739,0.14415623,-8.64364e-06,-0.025691193,0.016986888,-0.01541513,-1.2236948,-0.11934001,-0.02464456,2.0734794,-0.01412748,0.029626528,0.19850537,0.1282772,-0.0002780885,0.007039069,1,0.61429656
-0.70837796,3.4505708,0.005981491,0.11802564,-0.02811182,0.17233622,0.031017259,0.016739454,0.2075288,0.38623658,0.011424755,0.09681044,-0.014474439,-0.010927363,0.0054061622,0.13222046,-6.685659e-06,-0.0134683,0.004868844,-0.0141583,-0.87915486,-0.3813563,-0.022685459,2.3183672,-0.013651178,0.03066232,0.21111555,0.12359959,-0.0002353217,0.007343122,1,0.99479383
-0.39047778,0.057663023,-0.25894272,-0.017796708,-0.087915964,0.023903763,0.04507887,0.022292161,-0.12302654,-0.13405557,0.007373645,0.22489099,0.028493863,0.0028892667,0.0038217437,0.0678118,-4.9424183e-05,-0.014571253,0.0022401672,-0.014044256,-0.29049182,-0.2544767,-0.025560714,2.2278523,-0.015469591,0.031366155,0.23343961,0.1343123,-0.0003950166,0.007343122,1,0.8179551
-0.34848988,-0.23685732,-0.2153586,-0.019248554,0.023616957,0.008115593,0.030474149,0.008402039,-0.12196118,-0.3496311,0.0024156792,-0.3257389,-0.5846676,-0.23244289,0.0013193135,-0.026708659,-4.9424183e-05,-0.003972407,-0.0031178335,-0.03752961,-1.2153913,-0.6045848,-0.050953094,-2.215081,-0.044782795,0.010052731,-0.76123923,0.05627251,-0.00042006152,0.0026098276,0,0.00071258825
-1.0592862,-0.12668326,-0.33147463,-0.012966783,-0.40789303,0.022801813,-1.6967068,0.0123477755,-0.72864485,-0.7233626,0.0019761764,0.0625434,-0.006282633,-0.04755108,0.0030120383,0.013752986,-4.9424183e-05,-0.0046466617,0.012881563,-0.03200428,-0.30966657,-0.44300437,-0.04213655,-1.657604,0.42101255,0.012950985,0.07917948,0.061916046,-0.0025275603,0.0025895082,1,0.0009903366
-1.3308407,-0.10525167,-0.32230997,-0.010587015,-0.09604161,-0.29915828,0.048810605,0.020301826,-0.06653027,0.12136861,0.007354403,-0.12750942,-0.049479987,-0.12578402,0.004253629,0.05184662,-4.9424183e-05,-0.012555179,0.020144172,-0.013648869,-0.25100318,-0.20083247,-0.023442453,2.1048386,-0.020475652,0.02886354,0.20386903,0.12296043,-0.00037351233,0.007343122,0,0.42436862
-0.9094815,0.018711193,-0.12812647,0.055559203,-0.18589543,0.08560024,0.03932483,0.023554545,-0.086692765,0.06721316,0.0069086193,-0.3605866,0.019925248,-0.036547095,0.0040222323,0.065670654,-2.516625e-05,-0.003909741,0.00060795835,-0.011691236,-0.052581057,-0.5440037,-0.009122918,1.9686191,-0.019931903,0.02945693,0.21199583,0.13249572,-0.00030957808,0.007343122,0,0.59800434
-1.9814545,-0.09569595,-0.32803184,-0.024928764,-0.0516358,-0.015925908,0.031927187,0.018949665,0.051028382,0.010070395,0.0058589256,-0.019435298,0.21563675,0.1016933,0.0031811355,-0.1429321,-2.2618437e-05,-0.04318233,-0.106034376,-0.041288756,-1.036126,-0.074280135,-0.027905203,1.8447611,-0.015858253,0.029854437,0.20611258,0.0968322,-0.0002638344,0.007343122,1,0.20218411
-0.6976193,-0.011789782,-0.06776801,0.10322579,-0.36909086,-0.4722281,0.051032837,0.016317774,-0.02047783,0.15515952,0.00840864,0.11362695,-0.12420921,0.019828629,0.0057881842,0.10629925,-8.64364e-06,-0.028911974,-0.009788397,-0.024471857,-1.011503,-0.16702938,-0.024153154,2.1621463,-0.015516357,0.028985094,0.20270368,0.117873386,-0.0002368647,0.007039069,1,0.5156662
-0.95104825,-1.0480521,-0.113185175,-0.01902261,-0.014281702,0.068778865,0.06294382,0.042611115,-0.100105725,-0.00806938,0.0064106593,-0.2893669,-0.0055901203,-0.026799899,0.0037692552,0.06542422,-0.0010200533,0.00033733834,0.0031062656,-0.014804435,-0.07361016,-0.22960508,-0.026897784,1.9901758,-0.013260287,0.026308434,0.20462032,0.12891619,-0.0017206423,0.0071220826,1,0.4214406
-0.1908749,-0.74653774,-0.09629164,-0.025821812,-0.048661686,0.028528942,-1.6627617,-0.4884612,0.083194405,0.15068316,0.0025259072,-0.04891158,-0.0927667,0.0009316382,0.009637316,0.05481597,-4.044135e-05,-0.04942332,0.000979923,0.009330696,-1.1860803,-0.40829712,-0.062273156,-2.0143297,-0.03182815,0.014155359,0.071442716,0.056699134,0.0034484223,0.0030132602,0,0.001286012
-0.11056239,-0.10882448,-0.208537,-0.0019015515,0.036841772,-0.6473992,0.046466827,0.01683217,0.25319576,0.41748396,0.0070603793,-0.0954282,-0.037524268,-0.1024781,0.004189635,0.12749603,-8.64364e-06,-0.016232451,0.004285113,-0.02117438,-1.2496235,-0.6016836,-0.022758404,2.0324934,-0.01984389,0.02905339,0.20555304,0.12960368,-0.00028107318,0.007343122,1,0.52066094
-0.77896273,-0.06289105,-0.16687629,0.14800133,0.022544077,0.25970596,0.048218966,0.0238333,0.002660757,-0.1713763,0.0071706045,-0.328025,-0.11556976,0.026902419,0.0038789834,0.03546301,-4.9424183e-05,-0.006380734,0.0028997958,-0.012009242,-0.13253078,-0.515771,-0.022061381,2.078502,-0.017459374,0.029761385,0.20400375,0.13598761,-0.00041077402,0.007343122,1,0.6716275
-1.2800616,-0.09293561,-0.1846259,-0.030912582,-0.4442849,-0.4083511,-1.5517364,0.062060654,0.06719201,0.21843562,0.002835469,-0.088119395,-0.29153708,-0.040919684,0.008475637,0.08735908,-6.685659e-06,-0.04062335,-0.007955765,-0.010440742,-1.3362391,-0.5315363,-0.02166854,1.6724106,-0.015267468,0.014884696,0.1487199,0.084329076,-0.0012308522,0.004204396,1,0.018012894
-1.1643609,0.023526752,-0.4021659,-0.013144531,-0.10937927,0.048572853,0.04762924,0.024876008,-0.09090182,0.06171688,0.0074750725,0.18862392,-0.113858715,-0.00150719,0.0041639623,0.05579801,-1.322949e-05,-0.006243789,-0.00012647898,-0.012048047,0.12321611,-0.34641024,-0.033284888,2.221952,-0.01962162,0.029862499,0.22804385,0.10971509,-0.00040104118,0.007343122,1,0.7064287
-0.8291168,-0.57000893,-0.22996941,-0.010560113,0.28712162,0.008701455,0.028126098,0.00953422,-0.076832265,-0.05867184,0.0027102416,0.0011631048,-0.095469564,0.00504438,0.0015288853,0.029340893,-6.685659e-06,-0.008935983,-0.03785287,0.039291654,0.49051735,0.5430822,0.17047475,-1.2108577,-0.014966276,-0.0138038825,-0.7202931,0.035349537,-0.00022301952,0.0029202527,1,0.098535106
-1.094952,-0.14153191,-0.19886737,-0.021763483,0.011955447,0.28414637,0.03765348,0.020496318,0.21726745,0.4043015,0.0071014236,0.0737322,0.0032954367,0.008070213,0.0041494025,0.1456487,-6.685659e-06,-0.01853772,0.0050140554,0.00032961555,-1.3191543,-0.6107359,-0.01650018,2.005785,-0.015594755,0.030028224,0.20717299,0.126179,-0.00029050923,0.007343122,1,0.5425936
-0.9486153,0.026666064,-0.4715099,0.0013721786,0.031628028,0.000711991,0.040347505,0.017949658,-0.10923999,-0.44245195,0.0068247276,-0.5596543,0.0201907,-0.039029352,0.0034657235,0.06047095,-2.516625e-05,-0.012599395,-0.0017383702,-0.009391136,-0.55353457,-0.2525756,-0.017357443,2.0663395,-0.015490861,0.027521376,0.21046747,0.11896593,-0.00038245335,0.007343122,1,0.31339896
-0.75952566,-0.15946488,-0.30465648,0.0019232964,-0.055746205,-0.28145778,0.027394447,0.012025188,0.077717915,0.23725423,0.0025637082,0.008541991,-0.038040284,-0.02389128,0.0015288455,0.020900525,-9.260577e-06,-0.009505352,0.02344529,-0.03177718,-0.94848335,-0.6183797,-0.046356466,-2.712963,-0.058608305,0.0159708,0.09791428,-0.98842204,-0.0006753412,0.003061155,0,0.0015031813
-1.2060502,-0.1568633,-0.6598237,-0.011238616,-0.3442589,-0.52485156,0.025027988,0.0075066453,-0.27398196,-0.6258322,0.0017695737,-0.06793592,-0.16655196,-0.5250784,0.0011262395,0.03048622,-8.64364e-06,-0.012709649,-0.002993842,-0.03684696,-1.6831287,-0.7534568,-0.037105728,-1.4690502,-0.06441055,0.008665716,0.029275095,-0.6286818,-0.0005594897,0.0022042019,0,0.0001076726
-0.6340384,-0.25931272,-0.41104597,-0.074270874,0.06293999,-0.13062464,0.042907316,0.01961353,0.026501233,0.09447621,0.0072009275,0.058157735,-0.47545204,-0.19681421,0.004038221,-0.24087581,-2.2618437e-05,0.0007971946,-0.021315949,0.00204288,-1.1113516,0.029442905,-0.03739022,1.9655584,-0.008209225,0.028042622,0.18249178,0.11473299,-0.0003013141,0.007343122,1,0.2797533
-0.114838876,0.06951168,-0.20253685,0.12152769,-0.2238151,-0.81185544,0.03734659,0.021374127,-0.007059756,0.07224493,0.0074242726,-0.026965782,0.04645893,0.022272987,0.004077199,-0.03813681,-4.9424183e-05,0.009705475,0.04165897,0.0005024565,-0.12354672,-0.115635924,-0.0242438,2.2902236,-0.014191771,0.030169765,0.23468478,0.13872606,-0.00025573664,0.007343122,1,0.8117119
-1.5412908,-0.5276586,-0.15338285,-0.00051670696,-0.11479501,0.015726266,0.03239277,0.010870883,-0.29686305,-0.6855321,0.0016013767,0.01581756,0.0119433915,-0.02405584,0.0009369007,0.03479069,-4.5451732e-05,-0.0027307477,-0.0010754664,-0.030220488,-1.2171466,-0.6583313,-0.05015767,-1.6456758,-0.032636255,-0.000514566,0.04485503,-0.74651694,-0.001012507,0.0021784534,0,0.0005258364
-1.0964895,-0.042763155,-0.06983174,0.056328155,0.26240242,0.035694323,0.030437084,0.009561379,0.079351306,0.13174422,0.0027569968,-0.06298822,-0.048192132,0.007630299,0.0017444902,-0.00651002,-8.643641e-06,-0.349145,-0.11817827,0.02483248,0.485489,0.60918194,0.1756093,-1.3484899,-0.017498618,-0.040528417,-0.74138147,0.010519929,-0.00024506846,0.0029202527,0,0.11847056
-0.64835984,2.9913428,-0.2464228,-0.016939875,0.043408524,-0.0387182,0.039847676,0.01814976,-0.07716687,0.04782245,0.011370255,0.07636688,0.062089935,-0.03721086,0.005203899,0.012494008,-4.9424183e-05,-0.01344287,0.0084370645,-0.009975681,-0.38326576,-0.23314661,-0.032586336,2.272927,-0.012771926,0.029898677,0.23056902,0.13132164,-0.00038224278,0.007343122,1,0.98589754
-0.71774036,-0.39169034,-0.17055748,-0.031031854,0.10919095,-0.31361035,0.028495662,0.011492411,0.070870996,0.18032342,0.0023543623,-0.057188213,-0.1606853,-0.025563922,0.0016372162,0.059743334,-8.64364e-06,-0.08772846,-0.004617718,0.04936788,-1.243843,-0.60602933,-0.07285248,-2.1908154,-0.05313766,0.010250536,0.069061115,-0.87509894,-0.0006550309,0.0029177177,0,0.0016619483
-0.9715124,-0.49736774,-0.26944667,-0.015870333,0.029281007,-0.47885674,0.0446768,0.013983062,-0.084094234,-0.5262398,0.0055507235,0.08845509,-0.10259227,0.036140367,0.0033442914,0.06715871,-6.685659e-06,-0.004926487,-0.000725288,-0.008146645,-1.973452,-0.3947441,-0.011863016,1.4971087,-0.014422063,0.019554911,0.13754478,0.101989634,-0.0003231953,0.005614225,0,0.03573853
-0.62917995,-0.054494094,-0.5859653,-0.011276082,-0.21769878,0.021037264,0.030199347,0.009677397,-0.037757833,0.020999845,0.0027516452,-0.024601558,-0.12749551,-0.016949626,0.0017396816,0.04427755,-8.64364e-06,0.0052966936,0.0067190537,0.01987564,-1.3666142,-0.5802484,-0.068049684,-2.2691329,-0.04755831,0.013476029,-0.8673901,0.05841621,-0.00031110412,0.0029202527,0,0.0012816912
-0.8210829,-0.60303575,-0.16015066,-0.0032971504,-0.27896935,-0.28617355,0.027347902,0.0093052685,-0.067221776,-0.22915128,0.0022218486,-0.07817835,-0.076303124,0.020872956,0.0013003012,0.037666272,-2.4539833e-05,-0.0037617465,-0.0039253375,-0.053744353,-1.5654975,-0.6838613,-0.04666272,-1.6448208,-0.04257546,0.009309151,-0.016976068,-0.78469294,-0.0009450995,0.002569301,0,0.0006542257
-0.65599793,-0.04092959,-0.5134911,0.002184701,-0.06315221,-0.2666499,0.026726183,0.008285817,-0.19553477,-0.67659277,0.0018380183,-0.10046186,-0.10796249,0.011177109,0.0010166165,0.03440928,-2.516625e-05,-0.011097504,0.0049861455,-0.037048947,-1.0133953,-0.51787245,-0.049734812,-1.9768931,-0.06811558,0.010217252,-0.74675983,0.04510178,-0.00031374255,0.0022062548,0,0.001022153
-0.59130096,2.8054838,-0.25185773,-0.020634484,-0.101177,0.09794026,0.03531853,0.01969284,0.2037472,0.37242842,0.011492572,-0.066156566,-0.044234455,0.046733487,0.005181628,0.07526811,-1.322949e-05,-0.0030890785,0.0059152497,-0.012071486,-0.23593968,-0.23516916,-0.022126496,2.3338156,-0.01684883,0.030266616,0.23228653,0.13153745,-0.0002955505,0.007343122,1,0.9920183
-0.68192357,-0.20074004,-0.37379605,-0.059341438,-0.049131583,0.013120485,0.030059077,0.00872676,-0.07812908,-0.13617386,0.002759546,-0.037524585,-0.48966637,-0.18236879,0.0017012841,-0.22062473,-8.64364e-06,-0.037052356,-0.030249566,0.012683517,-1.3814119,-0.59457713,-0.07290584,-2.2095757,-0.040076,0.011612753,-0.77495617,0.061125915,-0.00028905517,0.0029202527,0,0.00055457134
-0.6548818,-0.3094287,-0.1358479,-0.018528452,-0.6750142,-0.077834494,0.034078505,0.013780988,0.076712064,0.13084364,0.0024495046,0.06522087,-0.014897069,-0.0433655,0.0014359473,0.070746124,-8.64364e-06,-0.00897998,0.0012517134,-0.042886466,-1.3663663,-0.8367572,-0.072157726,-2.3648076,-0.05738093,-0.83056843,0.1108434,0.077166535,-0.0007563837,0.0042447317,0,0.000994134
-0.76595026,-0.086447485,-0.3198534,-0.010360495,0.16497487,-0.4236687,0.049514648,0.020975782,0.21624814,0.43031636,0.007458917,0.08360784,0.03040522,-0.025017418,0.0042594513,0.10077162,-1.322949e-05,-0.015563196,0.026829414,-0.0027748137,-0.17339987,-0.19548596,-0.023949318,2.32087,-0.016509695,0.03147249,0.22664125,0.12825903,-0.00037752162,0.007343122,1,0.85810393
-0.6686558,0.015414635,-0.39635253,0.0040657856,-0.24888231,-0.28048497,0.029303469,0.009619907,-0.23251894,-0.48726165,0.0018841404,0.095821045,-0.11606212,0.037608366,0.001145582,0.036507428,-6.685659e-06,-0.010888024,0.003366078,-0.04672994,-1.4620395,-0.91108346,-0.062642805,-1.7551816,-0.071017995,-0.8170192,0.0645267,0.04693669,-0.0005305086,0.0026983258,0,0.00073905196
-0.85526955,-0.3379309,-0.14916071,-0.017125472,-0.04409915,-0.30734694,0.028915491,0.0075383848,-0.063009106,-0.26003006,0.002099754,-0.059288602,-0.17877285,0.014696485,0.0013370573,0.023634618,-8.64364e-06,-0.0028144198,0.00860114,-0.05096199,-1.3508257,-0.46398047,-0.047438238,-1.7074615,-0.04443025,0.0056554307,-0.66969174,0.040552974,-0.0003205117,0.0025296272,0,0.0015540237
-0.7489729,-0.3009418,-0.37909913,-0.058320437,-0.31615356,-0.25073406,0.027085932,0.009166486,-0.04212585,-0.10045554,0.0024404267,-0.051102325,0.013624907,-0.050917994,0.0016905005,-0.11935869,-6.685659e-06,-0.04925341,-0.084182546,0.013407256,-1.4859842,-0.5897161,-0.07719723,-1.937425,-0.049201652,0.009946786,-0.72130007,0.054356594,-0.00028875464,0.0029202527,0,0.00069629273
-1.023824,-0.7671952,-0.21863987,-0.016922453,-1.3856596,-0.90780926,-1.3792596,-0.4296288,0.013682581,-0.080408834,0.0015646828,-0.14990167,-0.036124486,-0.13078834,0.012167856,-0.05311541,-0.0002463661,-0.013189937,-0.022817869,0.0039715394,-0.58608854,-0.33192182,-0.06087231,-1.3263576,-0.036018293,0.006091448,0.017838895,0.058134913,0.0013277669,0.003099145,0,0.00014627735
-0.59244734,-0.31524473,-0.16709918,-0.012943978,0.00058099756,-0.34700468,0.029867612,0.007377387,-0.05549493,-0.2506252,0.0020615864,0.068477035,0.0062030456,-0.02878623,0.0013516587,0.054056726,-8.64364e-06,-0.0016171198,0.005528734,-0.054684356,-1.4196032,-0.8469422,-0.046278816,-1.6591122,-0.05707258,0.010025929,-0.6044971,0.053665925,-0.00031922047,0.0025296272,0,0.0020072095
-0.83659714,-0.41611227,-0.26932946,0.0013831034,0.25607085,-0.6575326,0.026504802,0.007872365,-0.04672593,-0.12471126,0.002423676,0.05028901,-0.09879416,-0.016259715,0.0014691924,0.030440029,-6.685659e-06,-0.00028498907,-0.02796085,0.054820366,0.17575584,0.1324674,0.1043452,-1.2664815,-0.017615357,-0.041166816,-0.07116981,-1.1328349,-0.0002863548,0.0029794767,0,0.015247183
-0.95966095,0.11667505,-0.38619065,-0.050675187,-0.26324797,0.09183536,-1.9834516,-0.0275142,0.11018136,0.316497,0.012331651,-0.31432235,-0.22040534,-0.61408114,0.016323172,0.04069551,-4.9424183e-05,-0.0008440142,0.0056802994,-0.008492305,-0.228318,-0.5756824,-0.023392068,1.9663289,-0.017200986,0.023347288,0.15654139,0.101124845,-0.0028138438,0.004290281,1,0.062653325
-1.1892847,0.02487505,-0.32919535,-0.013626997,0.09837687,0.06816768,0.048326477,0.02441014,-0.08254396,0.07313547,0.007148293,-0.007058704,-0.14366865,-0.004261817,0.0039147404,0.055128366,-4.9424183e-05,-0.0059903893,0.0010466636,-0.012257981,-0.09201909,-0.52051383,-0.03766633,1.9959656,-0.019711882,0.029050788,0.17635025,0.12018291,-0.000502734,0.007343122,1,0.57055706
-0.7354982,3.259777,-0.13765411,-0.024780963,0.033786763,-0.06742407,0.034683652,0.018572835,0.028691355,0.05768406,0.011607669,-0.032619357,-0.23827891,-0.043138698,0.005167878,-0.15434578,-4.9424183e-05,-0.019998383,0.04113164,-0.006757709,-0.2332459,-0.03962677,-0.024342736,2.3540878,-0.0130061135,0.030968877,0.24638739,0.122955546,-0.00038224278,0.007343122,1,0.9889121
-0.77895766,-0.062115237,-0.058674872,0.12116218,-0.9721007,0.061878964,0.0436039,0.022521975,-0.115632914,-0.06773436,0.0072037773,-0.24590434,-0.43396965,-0.09154622,0.003947103,-0.18280596,-2.516625e-05,-0.014813462,-0.009622158,0.0037882426,0.03502219,-0.49966997,-0.03024971,1.8301746,-0.017747883,0.027410503,0.20380884,0.12723076,-0.00049329794,0.007343122,1,0.2539008
-0.5388035,-0.40289718,-0.1965489,-0.03190758,-0.058820143,-0.15281364,-1.8744397,-0.41699275,-0.15885551,-0.39505216,-0.64743304,0.06519656,-0.12963457,0.0004570498,-0.33728492,0.03703055,-8.64364e-06,-0.008517266,0.003881199,-0.028110253,-1.5921615,-0.25159714,-0.025638247,1.2253928,-0.012901947,0.012158155,0.0877137,0.056128487,-0.004109529,0.0026532426,0,0.0031260296
-1.8141989,-0.0020153665,-0.7481259,0.004204217,0.2523787,-0.032693844,0.029254599,0.009580719,-0.05765764,-0.020372268,0.002718111,-0.046296615,-0.07471995,-0.010205095,0.0015979244,0.0067343614,-6.685659e-06,-0.036747135,-0.02618567,0.028195454,0.45485115,0.6179702,0.17468178,-1.0006634,-0.01630325,-0.026079252,-0.89934725,0.015434382,-0.0002501643,0.0029202527,1,0.039079618
-0.4732171,-0.07811432,-0.29449645,-0.02189824,-0.07441247,0.09183352,-1.6020722,0.11190028,0.21870764,0.3425774,0.013636091,-0.0073319287,0.18023048,0.015007077,0.016373781,0.13272914,-8.64364e-06,0.0450777,-0.012867571,0.007875312,-1.1582195,-0.20747444,-0.032370783,1.9634588,-0.013259223,0.022510102,0.16292913,0.07641928,-0.0010889098,0.004204396,1,0.36301377
-0.844908,-0.19840081,-0.30696362,-0.0078147985,-0.08207709,-0.8444622,0.024349334,0.0100645805,-0.25559488,-0.76982105,0.0017206456,0.07203598,0.035774425,-0.01915528,0.0010270482,0.052064758,-4.9424183e-05,-0.013157577,0.005364096,-0.031241503,-1.0910604,-0.5595024,-0.048529714,-1.7687172,-0.0545129,0.008562345,0.034676548,-0.85096765,-0.0005830563,0.0022402124,0,0.00055800506
-1.4392544,-0.74519897,-0.13833404,-0.013933808,-0.13388649,-0.0025452052,-1.5400937,-0.31112817,-0.24908113,-0.5979351,0.0017513856,0.05933913,0.024860123,-0.019567909,0.0077193845,0.05301155,-9.558551e-05,-0.008299294,-0.06889486,-0.027446063,-0.94268584,-0.6357295,-0.04212443,-1.6015301,-0.03779068,0.009343633,0.04354109,0.020046148,0.0028323908,0.00224216,0,0.000243094
-0.18386458,-0.30491516,-0.3205791,-0.052247968,-0.016580317,-0.6497252,0.034278013,0.009742722,-0.12095951,-0.22500919,0.0026062976,-0.04754484,-0.03549983,0.022668866,0.0017402867,-0.10819776,-8.64364e-06,-0.026433917,-0.054556172,0.0022639544,-1.3213555,-0.5097122,-0.09022958,-2.3714404,-0.04784217,-0.9203507,0.080333814,0.073522635,-0.00059116865,0.004005665,0,0.00077070843
-0.7289945,-0.09745229,-0.19181818,-0.023142053,0.040662292,0.120151296,0.05021541,0.021249028,0.22314493,0.46493325,0.0075066057,-0.14698736,0.01588289,-0.0064581027,0.004251266,0.09684617,-1.322949e-05,-0.010745838,-0.0044512386,-0.0051645525,-0.25105122,-0.051928986,-0.027373511,2.3136318,-0.012742139,0.031784363,0.23329234,0.13759497,-0.00037504593,0.007343122,1,0.9019291
-0.55755997,-0.8681479,-0.1612256,-0.02687404,-0.3246092,-0.37685084,-1.4825479,-0.52070165,-0.04701809,-0.1288172,0.0016711926,-0.2428056,-0.09186381,0.033016834,0.010520918,-0.012936414,-0.0010200533,-0.00071212533,-0.009652655,0.0054974523,-0.66252685,-0.47808403,-0.060528226,-1.9190483,-0.051214095,0.011821866,0.05014209,0.059845768,0.002708954,0.003099145,0,0.00039455213
-0.7189429,3.9354026,-0.023645144,-0.02073607,0.06734725,-0.34300575,0.026228772,0.017967064,0.18407609,0.27319002,0.01232841,-0.17587858,0.03080477,0.022376677,0.006622504,0.045075987,-2.2618437e-05,0.013214137,0.0133160595,0.0044782087,-0.54208094,-0.2652474,-0.023476137,2.1879632,-0.013766433,0.030044582,0.16822393,0.11786583,-0.00029303788,0.007039069,1,0.99360305
-0.7458609,-0.16546124,-0.3067022,-0.042599548,-0.2584363,-0.20390628,0.022226213,0.02532296,-0.083117925,0.10446772,0.0069618346,-0.3979695,0.081387416,0.025065277,0.004119668,-0.0005549086,-4.9424183e-05,-0.0022537045,-0.0019236433,-0.014682991,-0.12625392,-0.531939,-0.03200286,1.9533638,-0.019008905,0.029687732,0.20790896,0.13495654,-2.343877e-07,0.007343122,1,0.42046642
-1.8773164,0.009180796,-0.45385343,-0.009541999,-0.29146302,-0.7538406,0.03689916,0.019924363,0.18523422,0.46634534,0.0076322667,0.079408556,-0.068877436,0.08559975,0.0038111196,0.072527975,-9.260577e-06,-0.008712384,-0.00057344337,-0.0066459114,-0.22231188,-0.4892478,-0.024508445,2.1530724,-0.01553687,0.024521112,0.22471558,0.12038721,-0.00040086178,0.007343122,1,0.32801348
-1.3349981,0.037960142,-0.0775269,0.06266129,-0.04937627,0.057774846,0.044385213,0.021529995,-0.044412542,0.027631702,0.0070731365,-0.16849601,0.0011926468,-0.027650965,0.004064482,0.07040582,-4.9424183e-05,-0.008522349,-0.0093065165,-0.012107276,-0.54011387,-0.7873908,-0.022173077,1.9941036,-0.01720792,0.029565977,0.18011764,0.12936369,-0.00048727336,0.007343122,1,0.39757174
-1.169058,0.031384647,-0.34724382,-0.014859793,0.016670221,0.05082968,0.04726266,0.024447821,-0.09816415,0.044577196,0.007148293,-0.3917634,-0.11693701,-0.0027782344,0.003909632,0.054608937,-4.9424183e-05,-0.006939201,-0.00061771716,-0.014315281,-0.14341046,-0.5677925,-0.023763256,1.8939792,-0.019730996,0.026288051,0.2346461,0.122774,-0.000502734,0.007343122,1,0.4150801
-0.6304113,0.11348801,-0.33681393,-0.0292551,0.028150126,0.064827986,0.04276428,0.022611754,0.026495503,0.07572994,0.0076487437,-0.030107599,-0.37700883,-0.12614733,0.0041543865,-0.18973754,-4.9424183e-05,-0.010156194,-0.012246273,-0.0059439326,-0.1315407,-0.17559601,-0.030581007,2.2545705,-0.015109638,0.028125165,0.25159445,0.12005256,-0.00040180708,0.007343122,1,0.7222208
-0.48398173,0.02654196,-0.3514728,-0.01272558,0.089147486,0.025161566,0.02781794,0.012502782,-0.08461453,-0.07179801,0.002739199,-0.19079022,-0.026508246,0.015657691,0.001505956,0.034040924,-4.9424183e-05,-0.017430577,-0.0040384512,-0.03488614,-0.97323024,-0.6449457,-0.058498595,-2.6570492,-0.06073721,0.016166171,0.099948384,-0.990049,-0.0007021023,0.003061155,0,0.0018326394
-0.7240082,-0.33685935,-0.27298388,-0.07561727,-0.28780168,-0.5341706,0.025188804,0.01066752,-0.08088083,-0.05063667,0.0025708678,0.07153292,-0.17098151,0.0033671877,0.0015510658,0.049721647,-2.2618437e-05,-0.012357979,0.0016452535,-0.05428875,-1.3644928,-0.61244625,-0.054048844,-1.9662784,-0.060591806,0.01218345,-0.6898872,0.06529102,-0.0002940149,0.0029202527,0,0.00083024835
-1.164474,-0.844792,-0.16938098,-0.035027128,-1.3518089,-0.5137357,-1.4631602,-0.447349,0.06252759,0.10842812,0.0009919781,-0.16259299,-0.034551382,-0.031072713,0.010200219,0.017668579,-0.0010200533,-0.010958089,-0.067270204,-0.028625954,-0.7792956,-0.4930294,-0.042126946,-1.3600166,-0.04293845,0.012389482,0.04684911,0.04190274,0.002708954,0.003099145,0,0.00016205522
-1.0937104,0.06930387,-0.5098259,-0.039670568,0.07804477,0.030335637,0.05189788,0.017163629,0.006165161,0.004418936,0.008478819,0.0133011695,-0.38289493,-0.060721952,0.005050538,-0.42247775,-8.64364e-06,0.034029663,-0.13369676,0.0024190983,-1.6495191,-0.27250642,-0.032070056,1.8022317,-0.013685255,0.02229707,0.20246226,0.09924559,-0.00030390435,0.007039069,1,0.104503915
-0.42884314,-0.24560565,-0.32123205,-0.050913688,-0.12157339,-0.44707477,0.040020365,0.022696257,0.22820592,0.5389695,0.007516143,-0.4013907,-0.07440846,0.05319299,0.0041998355,0.09225166,-4.9424183e-05,-0.0073942654,0.009521409,-0.010783939,-0.24872802,-0.20116214,-0.031691793,2.2762003,-0.019320415,0.030436924,0.22524114,0.13234614,-0.00027141845,0.007343122,1,0.7439786
-0.8002094,0.023182618,-0.36554584,-0.015452057,-0.034000434,-0.4374117,0.04556527,0.02287214,0.19765972,0.4425413,0.0074060704,0.10166111,-0.024689391,-0.05305779,0.004182567,0.044836834,-4.9424183e-05,-0.011551923,0.011362685,0.0005043323,-0.13827865,-0.18679407,-0.024766339,2.315254,-0.020464212,0.03213172,0.2503132,0.12758203,-0.00040180708,0.007343122,1,0.8221203
-0.63716507,0.019334694,0.016474599,0.18094543,-0.18744601,-0.78525317,0.06164439,0.02477586,-0.31301647,-0.7591745,0.0033258332,-0.42629793,-0.11338925,0.058361407,0.0019623274,0.042376492,-4.9424183e-05,-0.008124498,-0.0055004414,-0.0145979,0.117675185,-0.44739607,-0.022700993,1.7834132,-0.021031577,0.022411399,0.16042212,0.11747339,-0.00040200207,0.004971542,0,0.24658225
-1.2349805,-0.42825362,-0.1790079,-0.034697223,0.28185433,-0.42371032,0.025123063,0.0076069683,-0.19532236,-0.55231863,0.0018359419,-0.27501324,-0.12808394,-0.023460874,0.0011202726,0.031010356,-8.643641e-06,0.0082105445,-0.046364557,0.026883218,0.75402987,0.7358383,0.16227342,-0.556003,-0.017177973,-0.025690366,-0.43003517,0.0072489604,-0.00017370081,0.0021707695,0,0.076136164
-0.24313109,-0.11292592,-0.35071978,-0.019708037,0.089627616,0.058921095,0.057062056,0.02052905,-0.122927554,-0.2627757,0.0064439313,-0.40868148,0.015281685,-0.018649912,0.0033442993,0.055926993,-4.9424183e-05,-0.0069685113,0.014708583,-0.01524623,-0.07403994,-0.5245808,-0.023095626,1.9998865,-0.019274179,0.0285721,0.20817441,0.13050242,-0.0004139643,0.007343122,1,0.6229736
-0.7320518,-0.29823843,-0.34679,-0.0013026821,0.3115282,0.003374957,0.028836675,0.009701518,-0.072883055,-0.04631268,0.0028953596,-0.040725417,-0.060488068,-0.0138843125,0.0015212875,0.02001065,-6.685659e-06,-0.026400313,-0.05960166,0.029707111,0.5041846,0.732394,0.16175291,-1.1667138,-0.0168724,-0.009350257,-0.031449582,-0.61892027,-0.00029909937,0.0029794767,1,0.15131177
-0.75014275,-0.48946574,-0.11154309,-0.015942633,-0.038891315,-0.002738556,0.030485086,0.01118749,-0.1516468,-0.30876982,0.001813574,0.074008204,-0.09172949,-0.014423859,0.0011493646,0.042727713,-4.044135e-05,-0.014179296,-5.6292236e-05,-0.052361485,-1.5462295,-0.58456457,-0.04548853,-1.7736126,-0.033516444,0.009733276,0.048588865,-0.75752884,-0.00072032027,0.0022949944,0,0.0014244397
-0.9331398,-0.1117406,-0.41690943,-0.047472242,-0.2590154,-0.030730875,-1.8303733,-0.4791823,-0.20903446,-0.46900833,-0.4747349,0.031354565,0.010010517,-0.08713054,-0.26302886,0.050734386,-8.64364e-06,-0.027268391,0.010227674,-0.03241201,-1.7607963,-0.26217845,-0.027655527,1.2008181,-0.013856936,0.012570929,0.08519883,0.052661754,-0.0017107227,0.0024306073,0,0.0018842671
-0.50076884,-0.4197369,-0.20027563,-0.025114926,-0.07937105,0.12657659,0.044992186,0.02443219,0.21597923,0.5148558,0.0074468013,-0.07179022,-0.059353925,0.014581116,0.0040227883,0.09420751,-1.322949e-05,-0.00088002137,0.010575576,-0.008004625,-0.121197894,-0.3998267,-0.023198532,2.3222103,-0.013912249,0.02814709,0.21793628,0.12769137,-0.0005350282,0.0071220826,1,0.86363894
-0.86129266,-0.1822471,-0.3130893,-0.0032669,-0.017024364,-0.0031152146,0.025214415,0.0077351327,-0.26268068,-0.6656807,0.0017562384,0.008960841,0.026247075,-0.0032157735,0.001132324,0.042880796,-6.685659e-06,-0.016405841,0.00949392,-0.0532037,-1.4074285,-0.90437126,-0.051214505,-1.4906616,-0.062176432,0.008105725,-0.01741095,-0.79011476,-0.00053897436,0.0022042019,0,0.0009459615
-0.7858309,-0.083961114,-0.3118483,-0.013854836,0.0124152405,0.07500703,0.0492708,0.024439143,-0.11810873,0.06752393,0.007148293,-0.37946987,-0.121385165,0.023854021,0.003909632,0.05165159,-4.9424183e-05,-0.007757355,-0.00042464602,-0.01520271,-0.13687223,-0.48330715,-0.025288796,2.012862,-0.019730996,0.028745528,0.2368941,0.13334973,-0.000502734,0.007343122,1,0.55968213
-1.3581597,-0.17441382,-0.17422025,0.04522488,0.04495594,0.08924149,0.044421084,0.02112178,-0.07088366,0.11531974,0.0075380597,-0.44308296,-0.10494885,0.027208287,0.0041813445,0.071029894,-4.9424183e-05,-0.012171593,-0.0068183998,-0.0101116095,-0.4571251,-0.19161355,-0.02230552,2.1971877,-0.0141971065,0.029698746,0.22684833,0.12757687,-0.0003703221,0.007343122,1,0.50686926
-0.71042997,-0.2995889,-0.25503126,-0.04556511,0.27138996,-0.34651187,0.025778454,0.010015194,-0.008868795,0.020172821,0.0024524112,0.036805,-0.031060988,-0.022417646,0.0017687456,0.04218921,-8.64364e-06,0.0005087026,-0.0297049,0.037376475,0.31741056,0.5097819,0.19098304,-1.237951,-0.02319053,-0.027589342,-0.7233535,0.07268753,-0.00022434846,0.0029202527,1,0.098838
-0.5931522,0.025682198,-0.14807723,0.04175855,-0.10341356,-0.4716278,0.046163246,0.021459006,0.18531553,0.37733474,0.0075239167,0.014394073,-0.05774908,0.071217164,0.0041648527,0.07190813,-1.322949e-05,-0.0029935094,0.006495985,-0.013885517,-0.06964459,-0.31730875,-0.023989085,2.2269871,-0.024777072,0.029525196,0.23018567,0.13001883,-0.00039008132,0.007343122,1,0.8428395
-1.350768,0.010743837,-0.34867403,-0.0029341804,0.049918547,0.012529416,0.049289834,0.020169532,-0.0154102985,0.107463285,0.0073872833,0.2000965,0.03109717,0.023503244,0.0042624194,0.08267177,-9.260577e-06,-0.013891103,0.008994239,-0.008623391,-0.3757709,-0.2656972,-0.024454866,2.2355301,-0.01381495,0.0277581,0.2454414,0.12579097,-0.00039709487,0.007343122,1,0.6981701
-0.5734235,-0.20834881,-0.1790186,-0.018181903,-0.040485777,-0.00090388674,0.028441211,0.009599731,0.07961321,0.17249426,0.0027267092,-0.0119519085,0.010396195,-0.019139703,0.0017884725,0.062035352,-8.64364e-06,-0.018306013,0.005517305,-0.050513525,-1.283895,-0.8820985,-0.040629227,-2.6494808,-0.06153635,0.010862942,0.08172856,-0.953178,-0.00057838374,0.0029794767,0,0.0014796841
-0.7248279,0.12579301,-0.42947817,-0.028151186,0.020754935,0.050863896,0.04352966,0.022600692,0.055247843,0.15164927,0.0075113205,-0.18425936,-0.019582748,-0.035047237,0.0042272783,-0.10388211,-4.9424183e-05,-0.015295455,0.0074194595,-0.0057916087,-0.17432606,-0.16132738,-0.043661557,2.2829564,-0.01493107,0.029920988,0.23642348,0.12678355,-0.00039556128,0.007343122,1,0.77575046
-0.74126416,-0.0025138403,-0.079072595,0.060147416,-0.100994095,-0.38853124,0.047939178,0.02021847,0.18165065,0.37038496,0.007434421,-0.06385872,-0.024606772,-0.033610728,0.0043089613,0.029381126,-4.9424183e-05,-0.01471361,0.0036005059,-0.009169334,-0.15274243,-0.16683485,-0.025937926,2.3075383,-0.021291979,0.03142732,0.22994298,0.13428698,-0.00039237103,0.007343122,1,0.8346672
-1.0145507,0.027245842,-0.2724418,-0.013673317,0.030275386,-0.0065149223,0.047541104,0.025286991,0.19073819,0.3246693,0.007036986,-0.2834111,0.010331819,-0.0065379045,0.0039777984,0.08844348,-4.9424183e-05,-0.0070480746,0.006186415,-0.012929707,-0.30654967,-0.57054794,-0.024708934,2.1063416,-0.018706417,0.032003768,0.23587497,0.13655426,-0.0004964882,0.007343122,1,0.6793394
-0.86882955,-0.08048396,-0.26635626,-0.011744079,-0.013873294,-0.062063303,0.050241143,0.024990143,-0.10662222,0.028884789,0.007149962,0.3035714,-0.07839413,0.005094304,0.003914172,0.049597405,-4.9424183e-05,-0.0072362213,-0.0007764917,-0.013843656,-0.14431976,-0.4593972,-0.02511549,2.1482284,-0.019937852,0.031162482,0.21860486,0.13547918,-0.000502734,0.007343122,1,0.70344734
-0.6899975,0.006060582,-0.39252183,-0.008883392,-0.030319754,0.031951703,0.029412575,0.01214732,0.09061092,0.30387998,0.0027576098,-0.0035833674,-0.09401499,0.013799735,0.0015265454,0.058855176,-1.322949e-05,-0.014405401,0.0111437505,-0.026103405,-0.8915021,-0.55584335,-0.0488026,-2.9444942,-0.050122134,0.01824422,0.13087974,-0.96014404,-0.000701157,0.003061155,0,0.0025022193
-0.65242344,0.034188505,-0.21649666,-0.02022879,-0.06758797,0.14567062,0.04427863,0.020013507,0.07429861,0.14685479,0.0075076097,0.08513614,0.2724889,0.110253885,0.004527168,-0.037476342,-1.322949e-05,-0.017331632,-0.036439385,0.0010134913,-0.059252255,-0.28154162,-0.028380234,2.29128,-0.014567373,0.031126264,0.24526365,0.13212836,-0.00037702254,0.007343122,1,0.90293854
-0.5045179,0.0049569486,-0.08511146,0.107940406,-0.2187527,0.09193371,0.044101298,0.019801844,-0.45164445,-1.1500981,0.0035503819,-0.30018958,-0.10321046,0.004346335,0.0020324402,0.046952613,-1.322949e-05,0.0042702253,-0.0023278925,0.0051966077,-0.32896745,-0.2568014,-0.033326462,1.9829552,-0.015730763,0.023145279,0.15671164,0.09259888,-0.00023686566,0.004971542,1,0.30018628
-0.6989571,-0.024796015,-0.30741835,0.07578525,-0.25442153,-0.8516392,0.022469463,0.011510773,0.022548862,-0.0073612407,0.002575522,-0.42585212,-0.021722637,-0.064755425,0.0016596083,-0.13566552,-1.322949e-05,-0.025564209,-0.046769172,0.0004792144,-0.98597777,-0.75972223,-0.051085513,-2.8044193,-0.064005144,0.014760416,0.07840872,-0.91909635,-0.0005706063,0.003061155,0,0.00027252643
-1.1850336,-0.3778347,-0.2738579,-0.038691636,0.27825728,0.09730235,0.02804217,0.009650045,-0.05761266,-0.15388052,0.0027593286,-0.021474632,-0.1671939,-0.03093178,0.0016741918,-0.20281723,-8.643641e-06,-0.2668319,0.015071663,0.02611064,0.7179679,0.8171839,0.17779762,-1.1829679,-0.014742922,-0.049698196,-0.7360678,0.0003346852,-0.00022811537,0.0029202527,1,0.07071566
-0.5378994,-0.039099265,-0.45716587,-0.00960449,-0.03155942,-0.11480447,0.028496308,0.009012271,0.039337292,-0.033062957,0.0025396282,0.055589218,-0.16770738,-0.10863542,0.0014744649,0.042532954,-8.64364e-06,-0.04160227,-0.021073438,0.013536049,-1.2320274,-0.6361951,-0.081369646,-2.1776938,-0.04346563,0.014753896,-0.90440613,0.05592868,-0.00031856593,0.003000453,0,0.0017221719
-1.1753536,-0.24332769,-0.15601638,-0.016082952,-0.0075444113,0.21641529,0.029027255,0.011079532,-0.07739186,-0.10284219,0.002541164,-0.051987268,-0.057898685,0.03304143,0.0013453237,0.054871954,-8.64364e-06,-0.0024785136,-0.0009933038,-0.03753239,-1.6148611,-0.87660974,-0.04325434,-1.8820957,-0.053460736,0.0121834045,0.07077392,-0.8220554,-0.0006587978,0.0029177177,0,0.001135886
-0.19603412,-0.019652216,-0.39048594,-0.008291068,-0.76074606,-0.3572267,0.020851556,0.0133200735,0.06087652,0.18224621,0.0025665606,0.02626464,-0.051669054,-0.0517024,0.0014777943,0.04808925,-4.9424183e-05,-0.01993845,0.0024886117,-0.030501556,-0.91099906,-0.52686065,-0.052119628,-2.679905,-0.06872795,0.0149389,0.12692922,-0.93925273,-0.0006958565,0.003061155,0,0.0014242288
-0.75590175,-0.053618044,-0.18306924,-0.027820107,-0.12647384,0.07980213,-1.5234457,0.118211076,0.21463293,0.33765548,0.01363608,0.035006788,0.17832741,-0.0123375915,0.019502247,0.12513496,-6.685659e-06,0.00029515615,-0.10437386,0.009431175,-1.2101358,-0.11747459,0.039766256,1.9160893,-0.01206582,0.018681474,0.15265554,0.08571842,-0.0010738058,0.004204396,1,0.3164808
-0.89298177,-0.18474792,-0.16668257,-0.007869675,-0.4822759,-0.19732697,0.02146641,0.010215808,0.0873747,0.1503814,0.0023647523,-0.008268315,-0.04360579,-0.020494174,0.0015050111,0.039310653,-8.64364e-06,-0.019861553,0.0047396044,-0.05093779,-1.1597736,-0.733414,-0.047815293,-2.4565718,-0.059351888,0.012677562,-0.83153415,0.06033057,-0.00029275008,0.003000453,0,0.00094687357
-1.2651844,-0.10256743,-0.3672782,-0.011358428,-0.5559571,-0.43141797,0.039007775,0.023384811,0.16596037,0.36618572,0.0074060992,0.10005837,0.008157002,-0.04223864,0.0041694627,0.05329452,-4.9424183e-05,-0.014341929,0.022322351,-0.0056904866,-0.18165146,-0.17792046,-0.024985164,2.1892595,-0.02048503,0.030093921,0.20928952,0.12193872,-0.00037975813,0.007343122,1,0.5387769
-0.44599363,3.2225008,-0.08227755,-0.030006168,-0.34299663,-0.44924402,0.037144102,0.015757028,-0.028719146,0.0032687143,0.011447727,0.01973785,0.03104412,-0.062483836,0.0047641154,0.044918194,-1.322949e-05,-0.018993255,-0.002630259,-0.010276571,-0.3448681,-0.38904515,-0.0205656,2.2562752,-0.012008387,0.026861275,0.23092303,0.13122563,-0.0003762365,0.007343122,1,0.9783691
-1.5594939,-0.8639003,-0.1702912,-0.023371872,-0.36084673,0.031972524,-1.6222347,-0.4984046,-0.001360439,-0.05236553,0.0025828944,-0.18356729,-0.31820443,-0.028436385,0.016559351,-0.2585645,-0.0010200533,-0.01968922,-0.09143615,0.0013759427,-0.79667705,-0.51532435,-0.07283823,-1.5986135,-0.04000796,0.01237699,0.031172572,0.037448395,0.010912541,0.003099145,0,0.00013365723
-0.80402064,-0.19946711,-0.2060338,-0.0065742284,-0.23297195,0.061009265,0.038547456,0.011377672,-0.16606237,-0.4156121,0.0017840021,-0.2470973,-0.1325339,0.022450991,0.0010633287,0.025828162,-2.516625e-05,-0.0035961191,0.0023049335,-0.03877499,-0.58888227,-0.5057304,-0.045101073,-1.9386041,-0.079443365,0.009615978,-0.7250137,0.063598685,-0.0003316009,0.0023560994,0,0.0022673232
-0.7682398,-0.7517115,-0.093778856,-0.0124795735,-0.0506688,-0.005797082,0.030720618,0.017477898,0.06276118,0.120402396,0.0022415933,0.02438719,-0.01167106,-0.03222313,0.001587557,0.060649794,-4.044135e-05,-0.010622667,-0.01077044,0.029154336,-1.5472337,-0.5977878,0.08798332,-2.068763,-0.028906152,0.009529454,0.067974344,-0.9390589,-0.00089480623,0.0029177177,0,0.0016525026
-1.0874642,0.018870413,-0.09106116,0.06186332,0.048753943,0.09497705,0.051453914,0.02420656,-0.063106366,0.043124355,0.0071428064,0.26997837,-0.09082089,0.036577098,0.0039154068,0.059090596,-4.9424183e-05,-0.0040072706,0.00039491354,-0.010754175,-0.030629829,-0.48204923,-0.024261322,2.1329114,-0.020522384,0.028958466,0.21474172,0.13466287,-0.00049329794,0.007343122,0,0.79295003
-0.69108945,-0.0336845,-0.3690173,-0.0107636135,-0.18306439,0.064057246,0.027104877,0.0095350435,-0.15578657,-0.4695154,0.0018464716,-0.1905293,-0.07874565,0.026398243,0.0010256541,0.03367736,-4.9424183e-05,-0.013428868,-0.0097394185,0.011059681,-0.9573628,-0.66574454,-0.092511125,-2.1366851,-0.056119233,0.008563894,-0.701378,0.048159923,-0.00031319784,0.0023560994,0,0.0013960846
-0.85250866,-0.2108128,-0.17483315,-0.0052842726,-0.8484635,-0.049641993,0.022461642,0.013456614,0.005072443,0.10690292,0.0026903215,0.004971307,-0.0007441698,-0.057165314,0.0017176677,0.04611452,-6.685659e-06,-0.023032555,-0.00054903433,-0.038593348,-1.531966,-0.55929285,-0.06740052,-2.2343483,-0.050522186,0.017116453,0.06864694,0.081218496,-0.00058869296,-0.35063255,0,0.0012580102
-1.4388555,-0.004809559,-0.3342897,-0.01273734,-1.1089758,0.12635636,0.04220777,0.02580701,-0.08010631,-0.17608403,0.007176107,0.07412429,-0.2671376,-0.06586932,0.0035991766,0.03507043,-4.9424183e-05,-0.0067701675,-0.03360887,-0.011120396,-0.1629761,-0.6509032,-0.025687784,1.8896053,-0.019519985,0.028569777,0.20430022,0.11988554,-0.000502734,0.007343122,1,0.13860714
-1.4567302,-0.14294662,-0.30192545,-0.016085817,-0.06392656,-0.06265253,0.028350404,0.009123189,0.042585287,-0.07008661,0.002587238,-0.024377568,-0.3228069,-0.05248586,0.0014403963,-0.32622963,-8.64364e-06,-0.027954478,0.042116165,0.0007201179,-1.326225,-0.6517707,0.084313184,-1.9091166,-0.044121653,0.0074003004,-0.7610667,0.03151058,-0.00027243735,0.0029202527,0,0.00067598006
-0.23407744,0.07306409,-0.43284595,-0.010822111,0.03269933,0.06631358,0.046710245,0.022578966,0.122448936,0.3348807,0.0076494245,-0.019941676,-0.696518,-0.43189305,0.004189458,-0.043192282,-4.9424183e-05,-0.011161293,-0.0037324582,-0.009060935,-0.20052022,-0.19978583,-0.02561029,2.2400124,-0.015199063,0.031754047,0.23931535,0.1346262,-0.00040180708,0.007343122,1,0.7384304
-0.7120354,-0.16060707,-0.2331667,0.0006117573,-0.28388223,-0.028237615,0.041458514,0.010948879,-0.4721637,-0.84000903,0.001699159,-0.011399393,0.061821554,0.011461523,0.001147805,0.034139585,-6.685659e-06,-0.010143459,0.004843622,-0.0450721,-1.34384,-0.43730843,-0.04270407,-1.3235017,0.24463812,0.01650117,0.08446278,0.07661758,-0.00024217258,0.004334671,0,0.0047702193
-0.7221342,-0.31351778,-0.1642435,-0.005650007,-0.44477972,-0.36174196,0.029373199,0.010088864,-0.25320038,-0.678499,0.0016226589,0.09551788,-0.06728542,-0.0049410705,0.0010966642,0.041772872,-6.685659e-06,-0.0027693452,0.008201464,-0.045747288,-1.4291929,-0.64717406,-0.046079658,-1.4939998,-0.05319062,0.012491449,0.07067261,0.06225226,-0.0005498522,-0.19678988,0,0.0013730426
-0.7149965,3.0092084,-0.2160101,-0.012142444,-0.02383675,0.011820028,0.03429903,0.019114815,0.20891239,0.40482423,0.011500838,0.044503458,-0.00323921,-0.021395842,0.00527563,0.08814673,-4.9424183e-05,-0.00797347,0.016159564,-0.007516223,-0.21863648,-0.115006335,-0.022266613,2.3835056,-0.012537625,0.031691868,0.23664396,0.13344046,-0.00037599698,0.007343122,1,0.99493057
-0.80803674,-0.10566561,-0.2120998,-0.0157121,0.0017245017,0.034270756,0.047863923,0.023051249,0.24098863,0.5327882,0.0076494245,-0.36898324,-0.059746377,-0.005140316,0.004160373,0.08976067,-4.9424183e-05,-0.009364155,0.014232149,-0.002632749,-0.2261,-0.12361166,-0.02301584,2.341714,-0.015056983,0.03131071,0.24430607,0.13479011,-0.00037975813,0.007343122,1,0.8568552
-0.88273203,-1.0545064,-0.13493448,-0.016155377,0.040949572,0.23294821,0.06370817,0.032810543,-0.07604103,0.05164798,0.0065812375,-0.2682887,-0.06782237,0.022666046,0.0037778004,0.056208543,-0.0010200533,0.00047787747,0.0029114792,-0.014357633,-0.21619259,-0.19110283,-0.024508616,2.0362685,-0.014064967,0.026562931,0.21093144,0.12824573,-0.0017268881,0.0071220826,1,0.49235433
-0.8149398,0.10955023,-0.5162657,-0.026229534,0.067465805,0.014955337,0.05315888,0.016828073,0.008320057,0.07126714,0.0083418805,0.09269538,0.06182201,0.021914255,0.0052558905,-0.15033752,-8.64364e-06,0.027645174,-0.06622448,0.0021720254,-1.3024623,-0.5608991,-0.030449586,2.0374472,-0.015117284,0.024135942,0.21809258,0.11413103,-0.00030013744,0.007039069,1,0.37473795
-1.2363114,0.0005402233,-0.2112871,0.06097135,0.06068927,0.08524603,0.046511825,0.01949528,0.23353888,0.40287054,0.008480895,-0.051449757,-0.08959613,-0.007977597,0.0056371624,0.12197343,-2.2618437e-05,-0.022200614,0.0021437635,-0.0050171227,-1.3041699,-0.21923943,-0.029070552,2.0610282,-0.014859001,0.026396865,0.18506029,0.11907903,-0.00027336465,0.007039069,1,0.5656882
-1.1916999,-0.9024452,-0.18536605,-0.030419214,-1.3866386,-0.59055924,-1.4323485,-0.4564641,-0.02660562,0.007977529,0.0013803742,-0.18662709,-0.01688848,-0.073267356,0.011651613,0.040719274,-0.0010200533,-0.01040916,-0.07456314,-0.02956643,-0.7428331,-0.47177354,-0.041046396,-1.3046062,-0.04224782,0.012246146,0.03338017,0.041470297,0.0013277669,0.003099145,0,0.00011913987
-1.4926311,-0.9147254,-0.06633046,-0.021921715,-0.09153756,0.1238661,-1.5039583,-0.5072484,-0.06323093,-0.14279303,0.0028106077,-0.2894635,-0.11872543,-0.25573394,0.013070289,-0.31320778,-9.558551e-05,-0.11857084,-0.06668937,0.00036253707,-0.85238826,-0.72106874,-0.072244324,-1.7951287,-0.04512078,0.010503851,0.04742836,0.0380117,0.0018994666,0.003099145,0,0.0001007554
-1.0199357,0.0059602577,-0.12981811,0.07098399,0.077241704,-0.3456194,0.04743461,0.01682363,-0.09119299,-0.48370582,0.0067352448,-0.39647755,0.046469733,-0.038526114,0.0033918004,0.02363311,-4.9424183e-05,-0.009462052,-0.0038125122,-0.012861284,-0.4332354,-0.23295201,-0.023650864,1.9499342,-0.021324513,0.023771789,0.20673501,0.11012627,-0.00037926307,0.007343122,1,0.34584227
-0.94322145,-0.24385281,-0.14614889,-0.021528572,-0.32842532,-0.6011557,0.044405367,0.024751486,-0.018887931,-0.083691426,0.007173728,-0.1253252,-0.24520959,-0.028900685,0.0038911665,-0.15118526,-4.9424183e-05,-0.011022354,-0.025453936,0.0030402439,-0.27189502,-0.65408194,-0.023231352,1.9457711,-0.017754192,0.030436575,0.16687402,0.13597669,-0.00041966542,0.007343122,1,0.17325613
-1.008239,-0.2848341,-0.17723559,-0.011734917,0.076910354,0.067472056,0.044757694,0.025711946,-0.071476415,-0.17210062,0.00702357,0.22667235,-0.024896242,-0.075750865,0.0039554536,-0.061489042,-2.516625e-05,-0.010591712,-0.020503687,0.0014243495,0.25499782,-0.3146165,-0.02845868,2.1079948,-0.017351259,0.026558494,0.21201874,0.13769099,-0.0004139643,0.007343122,1,0.7170482
-0.72257394,-0.028120898,-0.053787146,0.011494875,0.2858932,0.013842416,0.032636862,0.007767785,-0.07120735,-0.15277025,0.0025519736,0.084300466,-0.081824794,0.0050268522,0.0014082524,0.034649618,-8.643641e-06,0.004561425,-0.031476267,0.042145114,0.5391943,0.6756658,0.1706205,-0.92677253,-0.017040808,-0.012063006,-0.6686871,0.009467157,-0.00024154647,0.0029202527,0,0.30293202
-1.2976122,-0.33519897,-0.20715107,-0.020900793,-0.27568242,0.024002708,0.0353896,0.013936907,0.045857687,0.17981377,0.0024848832,0.10143636,-0.015527661,-0.054274287,0.0014956563,0.052253988,-1.322949e-05,-0.0057068956,0.005118578,-0.028189084,-0.950563,-0.59082556,-0.072889686,-2.6766632,-0.049140282,-0.97821194,0.09344839,0.07147218,-0.0007447283,0.0042447317,0,0.0009875576
-1.6943655,-0.24599068,-0.24611823,-0.048860636,-0.054872025,-0.3180079,0.054880183,0.025295492,-0.102723636,-0.5028482,0.0052277977,-0.4398607,0.016223568,-0.047754794,0.0026861238,0.06580216,-4.9424183e-05,6.759763e-05,-0.060266357,0.0039373916,-0.08939178,-0.4749653,-0.021641277,1.6662114,-0.017966738,0.021105338,0.14790522,0.099010035,-0.00045385727,0.0059182774,1,0.09597115
-1.0046675,-1.229695e-05,-0.2264085,0.037825983,0.10319389,0.09133202,0.06463513,0.03438028,-0.18412553,-0.4549591,0.004509921,0.3736361,0.021885157,0.018240064,0.0024856224,0.057564676,-2.516625e-05,-0.0052686953,-0.002008625,-0.014366574,0.24111465,-0.28121927,-0.021612508,2.0121922,-0.01711741,0.02448926,0.13591534,0.13310081,-0.00030921787,0.004971542,1,0.76104623
-0.88279,3.0241094,0.071862325,0.078121446,-0.13598263,0.055671904,0.038338978,0.018886056,0.22283483,0.43881536,0.011682937,0.09525876,-0.079547174,0.02652652,0.0053609493,0.07488909,-4.9424183e-05,-0.008808271,0.0018891683,-0.00994118,-0.20322765,-0.19326441,-0.023117563,2.3851247,-0.013332422,0.031737324,0.23482972,0.13081703,-0.00028221522,0.007343122,1,0.99556065
-0.4401214,-0.1415282,-0.16249731,-0.028910382,-0.19040625,0.051799223,0.046468258,0.018539865,0.28429896,0.3903712,0.008341423,-0.017637836,0.011931345,-0.030809421,0.0055635856,0.16317955,-8.64364e-06,0.048929904,0.033382796,0.007666318,-1.3836176,-0.15075894,-0.031739637,2.049358,-0.012864403,0.028805932,0.20075814,0.116735846,-0.0002780885,0.007039069,1,0.7091052
-0.5394639,0.04423942,-0.40306208,-0.007513145,-0.21168043,-1.0371599,0.042773426,0.0117125,-0.0033111933,-0.42257196,0.0016669737,0.023150897,-0.0051881485,0.026542068,0.0010319268,0.04060602,-8.64364e-06,-0.0197103,0.0050860895,-0.031667706,-1.3925558,-0.7236329,-0.022766087,-1.0771804,0.5437491,0.017055696,0.089117,0.059980348,-0.00029664647,0.004417057,0,0.0068435087
-0.8628887,0.01879008,-0.31268594,-0.014540392,-0.11139588,0.06407245,0.048114527,0.022165472,-0.13046762,-0.15279186,0.0075109964,0.120304294,-0.11310606,-0.032705132,0.0037488516,0.056085315,-4.9424183e-05,-0.016595697,-0.004459493,-0.012536461,-0.24731717,-0.24985625,-0.023403144,2.1457431,-0.015974144,0.031721696,0.24982615,0.13037163,-0.00040126237,0.007343122,1,0.64877903
-1.5355676,-0.09264131,-0.3137788,-0.06855661,0.054799866,-1.0004404,0.055916645,0.028557139,-0.32689187,-0.7851498,0.0031456954,-0.42938456,-0.007910739,-0.10436736,0.0018289158,0.03756049,-4.9424183e-05,-0.008294435,-0.012926555,-0.01582725,-0.2587812,-0.54984665,-0.01875558,1.5715611,-0.018218262,0.01936196,0.09989347,0.11649596,-0.0003186539,0.004971542,1,0.028070599
-1.3506122,0.06775739,-0.40759665,-0.0060054115,0.08673836,-0.28097835,0.04461353,0.022888845,0.19163814,0.4518618,0.0074044014,0.028594024,-0.023951786,-0.07999584,0.0041871923,0.03486994,-4.9424183e-05,-0.0054613086,0.0054980936,-0.0063209236,-0.16949591,-0.21398346,-0.024823638,2.2491627,-0.020465046,0.031244561,0.22061707,0.1244809,-0.00040180708,0.007343122,1,0.73062795
-1.5015533,0.0634615,-0.5082263,0.004054006,-0.28286168,-0.3475225,0.041604824,0.0107528865,0.029150723,-0.10959071,0.0017332742,0.017932622,0.04783171,0.0012957902,0.0010893428,0.010022144,-6.685659e-06,-0.015239645,0.004187432,-0.014232038,-1.3262972,-0.34941822,-0.015415427,-0.90377384,0.60899615,0.013919422,0.09746824,0.06610002,-0.00024188841,0.004334671,0,0.012851069
-1.323257,0.01658587,-0.12667173,0.034165703,0.27929074,-0.7878995,0.028621411,0.008878214,-0.008491648,0.025130743,0.0026839352,0.058405284,-0.07356195,0.015339603,0.0017384867,0.019330937,-6.685659e-06,-0.019004768,-0.0246225,0.040705055,0.05103454,0.078941196,0.12741207,-1.4143806,-0.01820473,-0.03357234,0.002893827,-1.0157771,-0.00031222333,0.0029794767,1,0.017249526
-0.87511086,-0.23962004,-0.33460116,-0.05434185,-0.17738663,0.05890381,0.027587056,0.012025757,-0.0862774,-0.17808783,0.0028728924,-0.40148103,-0.28895852,-0.028749373,0.0016932698,-0.36012027,-6.685659e-06,-0.02998101,-0.09162949,0.0046603507,-1.8497368,-0.66291934,0.08307376,-1.9908211,-0.048563067,0.013966487,0.09898219,0.059170406,-0.0005081505,-0.35063255,0,0.00046289645
-0.42846864,-0.15773763,-0.21265694,-0.03188025,-0.80319077,-0.032720845,0.04940151,0.018267866,0.21389596,0.4093466,0.008478837,-0.004854078,-0.150905,-0.033379532,0.00521455,0.12621918,-8.64364e-06,0.06585879,0.018326454,0.009611495,-1.3994828,-0.25500843,-0.036075708,2.062592,-0.013277426,0.025409995,0.20040056,0.1195644,-0.0002818554,0.007039069,1,0.44738325
-1.2881609,-0.6602065,-0.19389012,-0.0124532785,-0.3489822,-0.02720037,-1.5895907,-0.3422204,-0.12970772,-0.2573645,0.002592107,-0.18325044,-0.12304993,0.03191443,0.016417108,0.019484438,-0.0002463661,-0.00039234414,-0.006992602,-0.03299531,-0.7103001,-0.5573062,-0.045325868,-1.7254193,-0.04831517,0.0041426383,0.04501257,0.052780516,0.010556606,0.0027391273,0,0.00030690158
-0.69538176,0.034234434,-0.59842885,-0.0017110382,-0.023796821,-0.012476219,0.028912812,0.008996158,-0.10019895,-0.13481505,0.0025825638,-0.15931937,-0.14343047,-0.253343,0.0016957436,-0.22736348,-6.685659e-06,-0.012141889,-0.11892895,0.013210093,-1.3951521,-0.6810216,-0.097363405,-2.0293458,-0.04658868,0.009309936,-0.742404,0.05471448,-0.0003073372,0.0029202527,0,0.0006697777
-1.8635861,-0.033531267,-0.29644933,-0.0075089918,-0.21957585,0.18759371,0.037815407,0.018969787,-0.07199675,0.06201299,0.008024014,0.1771935,0.020572245,0.0020625095,0.0050285854,0.07425453,-6.685659e-06,-0.02093052,-0.013611411,-0.01248977,-1.9185326,-0.5515787,-0.024293143,1.7113837,-0.016228374,0.022695843,0.18277907,0.09994779,-0.00022086714,0.007039069,0,0.08135218
-0.68729955,3.2109172,0.06458029,0.14349106,0.04510829,-0.0041252268,0.03435989,0.017379211,0.043266505,0.080688424,0.011597043,-0.022196833,0.03425474,-0.011893514,0.005608628,0.0050324267,-2.516625e-05,-0.023714194,0.009136104,-0.006200798,-0.210478,-0.09977712,-0.027869986,2.3916328,-0.012653045,0.030211745,0.22766562,0.13034928,-0.00036656094,0.007343122,1,0.9954816
-0.904865,-0.2327118,-0.28649133,-0.0067664385,0.31276742,-0.32755387,0.027019255,0.009895557,-0.020946888,-0.07138216,0.0025321078,-0.031365536,0.028726516,-0.038982105,0.0016675778,-0.0025749682,-6.685659e-06,-0.17067984,0.04138074,0.018873362,0.36216292,0.52658343,0.15803665,-1.4069145,-0.016130421,-0.041099943,-0.7656463,0.016766243,-0.00022811537,0.0029202527,1,0.05700296
-0.15318468,-0.017586308,-0.3188037,-0.0061750086,-0.3192007,-0.5420193,-2.012823,-0.027191956,0.20398073,0.35149696,0.0044227797,0.060241435,-0.030675102,-0.054431178,0.01665534,0.06847562,-8.64364e-06,-0.009055854,-0.004463697,-0.017013459,-1.5169563,-0.7109445,-0.024133142,1.8318759,-0.01688611,0.020500302,0.15987183,0.093677975,-0.0010541696,0.004204396,0,0.049352713
-0.2464787,-0.1521126,-0.12775803,0.028200267,-0.041486684,-0.04702363,0.024189545,0.011515826,-0.07383631,-0.11420513,0.0024075888,-0.3872728,0.034816355,-0.009432072,0.001428933,0.044396494,-4.9424183e-05,-0.01267116,0.002493285,-0.03747803,-1.0791154,-0.55454963,-0.044995118,-2.4674613,-0.048701067,0.014024751,-0.9191989,0.0728271,-0.00036912374,0.003000453,0,0.0022027504
-0.9464694,0.019329017,-0.17096326,0.026990378,-0.16685086,-0.44627458,0.041044537,0.021483302,-0.06860838,0.07506985,0.0073203593,-0.41135886,-0.12636904,0.04548056,0.0041643917,0.04555639,-9.260577e-06,-0.0627511,-0.008795592,0.0041181534,-0.14964752,-0.4010442,-0.013720434,2.0958016,-0.021282539,0.027872346,0.21750139,0.12473231,-0.00030202232,0.007343122,1,0.44482908
-1.0406553,-0.107432574,-0.20836379,-0.014426601,0.14495435,-0.4405394,0.042575553,0.024398515,-0.07430326,0.006365381,0.006887608,-0.32279032,0.069751866,-0.030413816,0.0037909895,0.016109431,-4.9424183e-05,-0.0067445464,-0.004299061,-0.013972202,-0.133799,-0.5137856,-0.021668088,1.8181382,-0.020231878,0.026400477,0.17524114,0.13044272,-0.00042476918,0.007343122,1,0.3840374
-1.4896668,-0.13921641,-0.30347937,-0.026317237,-0.04859803,0.0019784835,0.031203454,0.008907711,-0.30987266,-0.6171641,0.0017561791,0.055405024,0.019201463,-0.01620813,0.0010841668,0.032595642,-6.685659e-06,-0.012278432,-0.007136821,-0.03324189,-1.5117855,-0.492267,-0.07947807,-1.4987555,-0.04545492,-0.6762415,0.056060966,0.045699444,-0.0005492836,0.0025372817,0,0.00087340677
-0.89678365,-0.5768896,-0.11080792,-0.01445354,-0.1583904,-0.10693597,-1.6813911,-0.36977077,-0.28368965,-0.5860498,0.0020170584,0.03315736,-0.11959615,-0.0016839432,0.007492617,0.04106673,-0.0010200533,-0.0014036202,0.0037282535,-0.033119697,-0.7614853,-0.44362795,-0.04613678,-1.8588492,-0.04827286,0.010362609,0.059951928,0.05175192,0.0029247182,0.00224216,0,0.0003793748
-0.123175815,-0.37575176,-0.18369554,-0.015324439,-0.08121515,-0.37685266,0.045132685,0.024369482,0.20618026,0.5215677,0.007420101,-0.35745502,-0.051608246,0.06019929,0.0040245997,0.10022232,-4.9424183e-05,0.00029900463,0.012722341,-0.011607962,-0.25741416,-0.1408266,-0.024307458,2.221624,-0.018753653,0.026711386,0.21618068,0.12983687,-0.00053448346,0.0071220826,1,0.8283664
-0.79320085,0.10033178,-0.33647254,-0.03838061,-0.001605095,0.022045294,0.04560602,0.024429483,0.01893593,-0.028170686,0.007173728,-0.58066565,-0.31600478,-0.03523686,0.0038789995,-0.311023,-4.9424183e-05,-0.056818,-0.16270004,0.0030408911,-0.4657026,-0.5837896,-0.028748954,1.9998779,-0.019182444,0.028054032,0.19660172,0.12326291,-0.000502734,0.007343122,1,0.2371046
-0.6035108,-0.25705874,-0.13292316,-0.017421754,0.26294458,-0.4967421,0.02973642,0.0105134435,-0.038564544,-0.046870057,0.0022176509,0.08485586,-0.019272286,-0.054748327,0.0014370201,0.033662442,-8.643641e-06,0.014596721,-0.025570957,0.0358279,0.41952956,0.58382446,0.16549337,-1.0566676,-0.017685518,-0.009523482,-0.6357978,0.013336274,-0.00027446978,0.0028597396,0,0.14896384
-0.6743902,0.032985955,-0.18929376,0.070509024,-0.04332062,0.050561577,0.034717537,0.023700502,0.2107409,0.31856155,0.0070325,-0.5347999,-0.007871601,-0.028709633,0.00400752,0.08941496,-4.9424183e-05,-0.03563657,-0.0023097591,0.004780251,-0.45413116,-0.66216743,-0.025762344,2.1037574,-0.016845021,0.030338105,0.19651394,0.14125553,-0.00040452825,0.007343122,1,0.65916646
-0.122697406,-0.0669141,-0.19758928,-0.021190666,-0.03063891,0.046092894,0.049083244,0.02409019,0.22907375,0.4061558,0.0075770393,-0.29308093,-0.052788965,0.017991198,0.004119993,0.07397578,-1.322949e-05,-0.025384046,-0.01458075,0.0041272733,-0.2673583,0.0061037643,-0.027463812,2.3587205,-0.01796969,0.03162847,0.23673944,0.13659595,-0.000377769,0.007343122,1,0.9248692
-0.07611948,-0.007841734,-0.13963436,0.088059254,0.13804072,0.13608041,0.043644443,0.019378018,0.2522391,0.43130526,0.007131588,-0.07354467,-0.0027982153,-0.04982423,0.004300208,0.15949085,-8.64364e-06,-0.019231608,0.0063879043,-0.017709572,-1.1440436,-0.48610768,-0.022957427,2.2072854,-0.016921857,0.031539265,0.2122819,0.12658438,-0.00030312213,0.007343122,1,0.86093754
-0.92949575,0.011814898,-0.42986676,-0.0030632808,0.28418806,-0.1724406,0.030142302,0.0079986015,-0.15020439,-0.31850776,0.0018848955,0.023186103,-0.08755266,-0.037852235,0.0011099596,0.0228678,-8.643641e-06,-0.009180678,-0.032295674,0.03586933,0.5487798,0.6520499,0.15535417,-0.85433614,-0.016458526,-0.0103582535,-0.5681224,-0.014068263,-0.00021352824,0.0023206142,1,0.13617782
-0.8870905,0.0945976,-0.5873215,-0.041263826,0.0138329575,-0.44806126,0.039159287,0.019360809,-0.028573968,0.0108559355,0.0070635034,-0.087313354,0.015199996,0.007527715,0.004127744,-0.16685075,-8.64364e-06,0.009359021,-0.019931639,0.0022306675,-1.2922931,-0.56509835,-0.04412643,1.891768,-0.020596538,0.026697922,0.18916924,0.11039485,-0.00031255817,0.007343122,1,0.15044677
-0.82873726,-0.62318236,-0.10971638,-0.018805558,-0.01971139,0.050995972,-1.677178,-0.37481818,-0.28322926,-0.5756355,0.0020170584,0.01087932,-0.110009514,0.009044121,0.007492617,0.04131534,-0.0010200533,-0.00086004724,0.005181642,-0.035115834,-0.7371142,-0.5479203,-0.050013624,-1.8533226,-0.048253108,0.012362947,0.058248907,0.052542966,0.0029247182,0.00224216,0,0.00048525943
-0.78186584,-0.62552565,-0.2330255,-0.03158658,-0.5022154,-0.017447274,0.04676091,0.020358143,0.24370213,0.44212022,0.0070443368,0.067240395,-0.03675161,-0.008995056,0.003902828,0.139832,-8.64364e-06,-0.005913255,0.0038730896,-0.01930847,-1.4347533,-0.46495935,-0.025155006,1.8873186,-0.014555338,0.02470124,0.19937354,0.12693909,-0.0004510798,0.0071220826,1,0.27424794
-0.9533776,-0.19982247,-0.3593178,-0.05963205,-0.3089534,0.076052524,0.055871062,0.024444522,-0.32422522,-0.7908843,0.0051952656,-0.68912226,0.032058373,-0.015957665,0.0025717749,0.054121487,-2.516625e-05,-0.0021013946,-0.0017087235,-0.014715642,-0.03213091,-0.4645483,-0.023948835,1.6751916,-0.01785933,0.023351744,0.118932776,0.12265802,-0.0003186539,0.004971542,0,0.11363107
-0.5212905,-0.054492876,-0.5054243,0.045896716,-0.01663415,-0.20539126,0.030380277,0.0104696145,-0.37336397,-0.81112796,0.001741866,0.046847824,0.02806785,-0.042502794,0.0011352042,0.016605634,-4.9424183e-05,-0.016431704,-0.0031022385,-0.034727175,-1.0359591,-0.6034414,-0.07244994,-2.0463688,-0.07842358,-0.8462001,0.05558022,0.052475486,-0.0006076651,0.002619668,0,0.0009414824
-0.8739617,-0.5061598,-0.16042712,-0.008807883,-0.3306086,0.3760616,0.029740598,0.011067705,-0.17341697,-0.39615744,0.0018137661,-0.009749163,-0.083618455,0.008480173,0.0011192025,0.039490197,-4.044135e-05,-0.006119667,0.003245129,-0.051202033,-1.5521895,-0.8739485,-0.04797557,-1.6957273,-0.042735275,0.00869138,0.051318433,-0.7579353,-0.00072032027,0.0022949944,0,0.0008849225
-0.8738111,-0.02011324,-0.50841165,-0.015967615,-0.06091953,-0.011511461,0.025013193,0.008682247,-0.18939556,-0.48371932,0.0022664233,-0.31770223,-0.11973684,-0.018441426,0.0011334181,0.03896706,-4.9424183e-05,-0.014912276,0.0023127818,-0.030699395,-1.1219147,-0.56801915,-0.047327068,-2.2221596,-0.058952656,0.012738627,-0.8415571,0.042823426,-0.00031374255,0.0023560994,0,0.0006230325
-1.0999258,-0.14417219,-0.22757544,-0.027487114,-0.03525131,0.043381225,0.041792553,0.019611519,-0.08792592,-0.019748954,0.0070788204,0.12981899,0.04212667,0.04213756,0.004053124,0.092919044,-8.64364e-06,-0.02317407,0.00069395464,-0.011854247,-1.4288416,-0.47386527,-0.039713092,1.9051297,-0.015741922,0.026151134,0.17794359,0.1055985,-0.00029050923,0.007343122,1,0.27274415
-0.87662965,0.040271886,-0.990619,-0.012820273,0.24889077,-0.53058887,0.027959941,0.00928817,-0.075568505,-0.05984422,0.0024981536,-0.44490728,-0.17915228,-0.2704371,0.0015427892,0.017925996,-8.64364e-06,0.0001353218,-0.026643064,0.03792864,0.27276906,0.4390033,0.1666628,-1.2534437,-0.016372452,-0.020694735,-0.6848905,0.04139046,-0.0002463974,0.0029202527,1,0.015912252
-0.5948696,-0.041177284,-0.34514588,-0.011049062,-0.0025125775,0.00209415,0.04505377,0.02559287,-0.074485935,0.038551003,0.007012538,0.17584258,-0.05439198,-0.010445651,0.003979783,0.027181549,-4.9424183e-05,-0.008563621,0.012628652,-0.013495202,-0.10937752,-0.4346094,-0.023972709,2.0960066,-0.019259948,0.03101418,0.2163463,0.13857591,-0.0004139643,0.007343122,1,0.7488442
-0.12151505,-0.8184062,-0.13928652,-0.017589442,-0.01832819,0.07701883,0.05621071,0.01792828,-0.28781736,-0.7047285,0.004535977,0.19214848,-0.078624435,0.010546674,0.0023367235,0.056578558,-9.558551e-05,-0.005724256,0.0018994184,-0.013018165,-0.4526331,-0.28178367,-0.02727397,1.9735984,-0.010225928,0.019202556,0.15133387,0.09596664,-0.0007159787,0.004750503,0,0.4244192
-0.6555322,-0.077611715,-0.6765747,-0.00841114,0.056438353,-0.32363597,0.026476234,0.0072425315,-0.1880318,-0.48234385,0.0016417579,-0.3293642,0.07222283,-0.045535196,0.0011102596,0.011310025,-8.64364e-06,-0.016552813,0.0027508172,-0.059048627,-1.4993236,-0.88887846,-0.05150044,-1.4900063,-0.06969661,0.010160166,-0.6856782,0.037864055,-0.00027446804,0.0023206142,0,0.0006687597
-0.13982277,0.03778673,-0.16838446,0.03423586,0.015327238,0.065246835,0.044696596,0.02201335,0.21663661,0.41889045,0.0075089796,0.109050356,0.012164817,0.007324559,0.004289734,0.10816074,-4.9424183e-05,-0.0152305635,0.0014862153,-0.0036118596,-0.20942256,-0.19788761,-0.022864677,2.410161,-0.013982705,0.03160418,0.24145526,0.14366776,-0.0003640763,0.007343122,1,0.9599395
-0.7104894,-0.7158334,-0.16265742,-0.010255181,-0.2889905,-0.13065417,0.041423008,0.013199442,-0.37049544,-0.7547071,0.0015462146,0.0021394233,0.04589454,0.01707654,0.0009902436,0.040664345,-4.044135e-05,-0.004459959,0.0055092233,-0.04890272,-1.3006531,-0.5004735,-0.045279693,-1.2130345,0.1516583,0.016142143,0.075687036,0.074284054,-0.0003829153,0.0041960184,0,0.0031479627
-1.7083434,0.0672479,-0.6649205,-0.01427109,0.2575752,-0.97256154,0.026462045,0.009627455,0.056061726,0.11386053,0.0024121413,-0.07558153,-0.093232445,-0.037064955,0.0015203877,0.017729735,-8.64364e-06,-0.024315722,-0.11673379,0.016360503,0.34480718,0.4538202,0.16093524,-1.2885128,-0.016479133,-0.015512896,-0.78546035,-0.016560718,-0.0002463974,0.0029202527,1,0.013527472
-0.50211364,3.899805,0.1903667,-0.0100353565,-0.053057436,-0.30743086,0.042593982,0.015303537,0.21481314,0.41677576,0.011417414,-0.39947164,-0.06926176,0.041961685,0.005133292,0.09477938,-8.64364e-06,-0.0087999,-0.0005246808,-0.013780436,-1.0462348,-0.19552325,-0.026194077,2.2049038,-0.01443556,0.029467594,0.20839696,0.11767994,-0.00029867305,0.007343122,1,0.9923292
-1.236269,-0.3907015,-0.26009953,-0.022527726,0.3031929,0.097106494,0.02628745,0.009840382,-0.030760802,0.021669488,0.0024987552,-0.16467796,0.011923921,-0.0030831944,0.0015367186,0.053237844,-8.643641e-06,-0.044739507,-0.13054343,0.0139201125,0.5500043,0.7268958,0.14716427,-1.139716,-0.015995234,-0.017200932,-0.024131872,-0.543788,-0.00029533246,0.0029794767,0,0.11433282
-0.2208445,-0.06745837,-0.3422913,0.036947835,-0.013136294,-0.031167855,0.027498018,0.008933782,-0.17592804,-0.37323484,0.0023016485,0.064383924,-0.10457312,0.010856864,0.0012877367,0.0422108,-2.2618437e-05,-0.021342216,-0.0030328236,-0.054757454,-1.3794175,-0.73123837,-0.04846477,-2.213117,-0.07101223,0.010568126,0.03800712,-0.8194485,-0.00056057743,0.0023567537,0,0.0016314681
-0.179645,-0.075599976,-0.14508906,0.04770528,0.24106511,-0.6355378,0.037890572,0.008511744,-0.28017822,-0.4880157,0.0017686124,-0.2116315,-0.10974064,-0.60330373,0.001151839,0.025959902,-8.64364e-06,-0.018329991,-0.03770318,0.018558538,0.38820973,0.42047623,0.12126145,-0.9762306,-0.018365977,-0.9531285,-0.003553064,0.027989276,-0.00027884525,0.0025372817,0,0.03279288
-0.78692955,-0.23682162,-0.20762405,-0.04633581,0.2387229,-0.07074216,0.025877878,0.0102893645,0.07502776,0.07953106,0.0025825638,-0.06324725,-0.024390943,-0.049017157,0.0017692342,0.022603659,-8.643641e-06,-0.36038575,-0.108733214,0.035503283,0.445122,0.5450953,0.1603404,-1.5725865,-0.015234381,-0.036434215,-0.71307933,0.025470901,-0.00022434846,0.0029202527,1,0.06837746
-0.83444947,-0.2895057,-0.3892546,-0.08122041,0.111351706,-0.6079731,0.046657115,0.025152056,-0.05817834,-0.09954208,0.00712536,0.13243608,-0.3509091,-0.112411745,0.0038721827,-0.1784062,-4.9424183e-05,-0.006996649,0.0009562756,0.0028073075,0.062376037,-0.37468085,-0.035042726,2.0139358,-0.017702976,0.029904755,0.19252743,0.13276447,-0.00042476918,0.007343122,1,0.34107986
-0.75258446,-0.2664555,-0.23651816,-0.013599985,-0.0054944493,-0.028839504,0.029446034,0.013170947,-0.12049136,-0.20385373,0.0025528076,-0.27912527,-0.11499138,0.043475814,0.0014411743,0.024297439,-9.260577e-06,-0.11443715,-0.0117756445,0.010053729,-0.82646704,-0.79642165,-0.07616381,-2.302231,-0.060741715,0.0077633704,-0.80439174,0.06456156,-0.0004514628,0.00293994,0,0.0011055724
-0.18972601,3.5094602,-0.16518217,-0.027886033,0.035479657,-0.490162,0.02277026,0.0195528,0.20905559,0.34985983,0.011500158,-0.19371457,0.04287083,-0.05228747,0.005272211,0.085006475,-4.9424183e-05,-0.01390505,-0.020149492,-0.006031569,-0.3425153,-0.14565809,-0.03297283,2.433089,-0.012819186,0.031385325,0.23200688,0.13286783,-0.00037599698,0.007343122,1,0.9956928
-1.6144321,-0.9198872,-0.14449063,-0.020383382,-0.1326436,0.025911594,-1.6403217,-0.5016442,-0.011957518,-0.081856765,0.0027812722,0.015216328,-0.0061905887,-0.014952428,0.011739858,-0.05985508,-0.0010200533,-0.015628176,-0.058868866,0.00088683085,-0.66824955,-0.4228842,-0.070756584,-1.6372398,-0.03907034,0.013445,0.01863295,0.043149177,0.009531354,0.003099145,0,0.00036732908
-0.7847481,-0.30838233,-0.1616043,-0.014709484,-0.03114367,-0.23600017,0.03009621,0.010210831,-0.028031038,0.052977413,0.0024021792,0.056536093,-0.12626874,-0.009642845,0.0016025174,0.06567172,-8.64364e-06,-0.0059943562,0.0060209124,-0.055678632,-1.4116366,-0.6008129,-0.0502879,-1.9676753,-0.051885277,0.011576987,-0.7262475,0.057634126,-0.0003354096,0.0028597396,0,0.0018991441
-0.6810609,0.0020887353,-0.16583306,0.090986125,0.06187847,0.10176319,0.04799417,0.021437362,0.16520478,0.18694666,0.007642474,-0.110759676,-0.17083862,-0.12232132,0.004169703,0.029752154,-4.9424183e-05,-0.015076851,-0.042642873,-0.0058900113,-0.2056791,-0.1724061,-0.038889695,2.2018876,-0.015489302,0.030152185,0.2357363,0.13784555,-0.00039237103,0.007343122,1,0.8312556
-0.6750593,-0.25107563,-0.20547779,-0.019890187,-0.5525527,-0.32507965,0.025109608,0.008071078,-0.22555771,-0.5716929,0.0016917343,-0.1308729,0.01749747,-0.052088305,0.0011173687,0.0063583623,-8.64364e-06,-0.0178318,0.0062743337,-0.051768914,-1.6269708,-0.795866,-0.047633957,-1.4126179,-0.06270753,0.009157875,-0.6072033,0.03808481,-0.00025281968,0.0021707695,0,0.000548582
-0.59293437,-0.38892394,-0.19439723,-0.025818652,-0.22507282,0.0033153873,0.028438399,0.011822366,0.1000229,0.18835245,0.0026023495,-0.056689907,-0.058280297,0.009968289,0.0016136753,0.06770877,-8.64364e-06,-0.06399723,-0.0027994588,0.016285077,-1.3860211,-0.63030064,-0.06177792,-2.4762442,-0.0433932,0.0129097,0.07205969,-0.9053283,-0.0006587978,0.0029177177,0,0.0013782241
-1.3175333,0.041144535,-0.4654597,-0.008416239,-0.27995765,-0.29692635,0.024002016,0.008606467,-0.190346,-0.5291814,0.0017838298,-0.012389493,-0.14819872,0.01600689,0.0010019006,0.039319374,-2.2618437e-05,-0.01517138,-0.072971635,-0.040788554,-1.5864047,-0.48611307,-0.03820987,-1.4568863,-0.07485715,0.008111919,-0.013992025,-0.6994755,-0.0006714428,0.0022042019,0,0.0005089066
-0.12569614,3.4914336,0.042562183,0.07640054,-0.1676798,0.023707803,0.02670177,0.017299471,0.22844353,0.35624835,0.012521786,-0.089901775,-0.010990108,-0.044446427,0.006874292,0.13327299,-8.64364e-06,-0.017230107,0.0019032332,-0.013968929,-0.6409491,-0.38488516,-0.02156405,2.3503776,-0.01385954,0.02991824,0.21571141,0.112267196,-0.00026960354,0.007039069,1,0.99635327
-0.6293292,-0.026236843,-0.35878515,0.041145325,-0.15717643,-0.24178387,0.028159127,0.009927499,-0.05134257,-0.07069014,0.002548659,-0.3279973,-0.092486516,0.058818683,0.001528154,0.0050659557,-1.322949e-05,-0.01561929,-0.0104171755,-0.036487404,-1.1144903,-0.74891216,-0.052938513,-2.7144449,-0.07629229,0.013777782,0.08248644,-0.9043952,-0.0006963995,0.003061155,0,0.00062635867
-1.5434675,-1.5168133,-0.1873189,-0.030097999,-0.24173664,0.03556231,0.050670557,0.024559177,0.1606524,0.27843982,0.00546569,0.013217373,-0.06790064,-0.025247995,0.004749578,0.0727073,-4.044135e-05,-0.011844036,-0.010002515,-0.021488957,-2.079763,-0.5359657,-0.029326659,1.610316,-0.0123647535,0.022766482,0.1495068,0.11281047,-0.00067882036,0.00681803,0,0.022826012
-1.025881,-0.1928682,-0.3222119,-0.049418658,-0.48208886,0.10708032,0.024756022,0.01325151,0.061582357,0.124555655,0.0026920096,0.0029084168,-0.48268065,-0.2412889,0.0015056861,0.060608063,-8.64364e-06,-0.019614328,-0.01772724,-0.017297415,-1.3058201,-0.8006725,-0.06918766,-2.5119562,-0.055939663,-0.89049447,0.10346317,0.07344185,-0.00060735946,0.0043097176,0,0.0003718827
-0.20266934,-0.8667114,-0.16321862,-0.0137830265,-0.061845437,-0.087373726,-1.6445249,-0.31424657,-0.032037083,-0.19785224,0.0018365796,0.022510013,-0.028734721,-0.033205234,0.0075103785,0.029132495,-4.044135e-05,-0.005374226,0.013118208,-0.044892024,-1.1452379,-0.5864336,-0.028888697,-1.1559182,0.32296073,0.009354693,0.044544563,0.04714748,-0.0037516563,0.0022046738,0,0.0022214572
-0.080964394,-0.40080604,-0.18038592,-0.02300759,-0.53882784,0.13914146,0.040344015,0.029241167,0.016240342,0.18988015,0.007269687,-0.31703115,-0.037755035,0.02744723,0.0036838704,0.0770697,-1.322949e-05,-0.06003845,0.010026504,0.004908386,-0.23059428,-0.23582636,-0.030238437,2.1707072,-0.017319605,0.026229136,0.22514045,0.1223437,-0.000534807,0.0071220826,1,0.72161865
-0.8287224,-0.19166256,-0.29864588,-0.0023193078,-0.020706566,-0.017511347,0.0237922,0.00962169,-0.15721929,-0.53749925,0.0018621067,-0.044899736,0.014452986,-0.03134401,0.0011159703,0.042973682,-9.260577e-06,-0.012849179,0.011186152,-0.031449713,-1.1524469,-0.9326689,-0.04097457,-2.1573822,-0.058100764,0.0095521975,0.06500792,-0.8155664,-0.0005800308,0.002392764,0,0.0007908993
-0.22452116,-0.6430524,-0.093085,-0.022895906,0.036590043,-0.13186178,-1.4318191,0.017414015,-0.17388509,-0.29985306,0.0018803696,-0.28127706,-0.054831166,-0.039783914,0.002671563,0.010854044,-4.044135e-05,-0.01063946,0.0009934481,-0.047861617,-1.3362321,-0.7060181,-0.05586614,-1.6927139,-0.044100747,-0.6677871,0.04433316,0.03851475,-0.0033757114,0.00187784,0,0.00041066666
-1.0173002,4.102145,0.19916089,0.00051331596,0.05436239,-0.34831464,0.032942798,0.015656676,0.14274588,0.20381358,0.011386192,0.002546458,-0.17430645,-0.5257645,0.006585859,0.100860454,-1.4532401e-05,-0.020448131,-0.017436499,0.0039830646,-1.1757091,-0.25061497,0.037851803,2.044922,-0.013384894,0.026606271,0.18264686,0.113193855,-0.0002666358,0.007039069,1,0.9771224
-0.5848774,-0.05224746,-0.35950837,0.060855925,-0.21112466,0.0036929757,0.027656203,0.009724937,-0.05819746,-0.0017928166,0.0027389182,0.07295039,0.011611372,-0.013439164,0.0018674295,0.046636008,-8.64364e-06,-0.020380706,-0.0006046559,-0.054676857,-1.4092932,-0.9257234,-0.047760952,-2.6631048,-0.07087203,0.013340536,0.04458776,-0.8565384,-0.000593741,0.0029794767,0,0.000890309
-0.37259728,0.022448622,-0.49703148,-0.014902284,-1.1338894,-0.45886,0.0328469,0.019085385,-0.20850077,-0.1630021,0.007533342,-0.15787742,-0.015992805,-0.0758894,0.00498756,-0.29592428,-2.2618437e-05,-0.049480338,-0.029677723,0.0029738485,-1.5227629,-0.29768628,-0.039433382,1.7073017,-0.020348946,0.0268923,0.18956764,0.11212787,-0.00029860387,0.007039069,1,0.038704693
-0.54487574,-0.793312,-0.033975895,-0.030880008,0.0096767,-0.1266656,-1.6107894,-0.46676454,-0.030024592,-0.07782796,0.0023311393,-0.042721182,0.045236103,-0.030440856,0.009618246,-0.033006053,-4.044135e-05,-0.07616845,-0.07370771,0.002993329,-1.1655109,-0.5698401,-0.062472273,-1.7605544,-0.033314034,0.011459691,0.06710685,0.05940751,0.0034484223,0.0030132602,0,0.00064892316
-0.73713857,-0.2667682,-0.20637427,-0.020123241,-0.21119863,-0.08308225,0.027417643,0.009286488,-0.12421163,-0.726795,0.0016881404,0.07876177,0.07331965,0.03978895,0.001078243,0.01430449,-1.322949e-05,-0.00051957945,-0.004832523,-0.03480282,-1.1177886,-0.9139727,-0.050250236,-1.5967642,-0.055640865,0.0071347198,0.05043698,-0.82842517,-0.0003689126,0.0021784534,0,0.0012736134
-1.3017453,-0.77684903,-0.0126125235,-0.0205339,0.116639964,-0.14930755,-1.5315806,-0.5042479,-0.039282076,-0.041866504,0.0028319827,-0.21655084,0.024410876,-0.044363625,0.01218904,-0.025712622,-9.558551e-05,-0.11136507,-0.01953671,0.0043839654,-0.7425491,-0.6578492,-0.0614924,-2.0228312,-0.04719984,0.013487949,0.056835156,0.051279835,0.0028937804,0.003099145,0,0.00032528944
-1.3730993,-0.320198,-0.22729357,-0.015588096,-1.3700697,-0.07684805,0.03890943,0.017581861,-0.11532307,-0.2751293,0.0017919523,-0.22407328,-0.1362948,-0.6421809,0.0011733557,0.0025789116,-2.516625e-05,-0.00027943178,-0.01785551,-0.035555817,-0.72805387,-0.5605717,-0.04244827,-1.4274601,-0.06456384,0.005578647,0.0279427,-0.8360665,-0.00065432175,0.0026509794,0,0.00022881408
-0.80173415,-0.066203825,-0.41850728,0.042250726,-0.25676656,-0.29905224,0.022388795,0.00903686,-0.27678272,-0.6745418,0.0019230123,-0.0061398097,-0.13654484,0.030929418,0.0011723231,0.0415233,-1.4532401e-05,-0.01676427,-0.006821016,-0.03650153,-1.4145218,-0.64883745,-0.03496664,-1.6797991,-0.07772031,0.008000174,0.021053307,-0.73076046,-0.00056513655,0.0022042019,0,0.0006145481
-1.0171491,-0.19992754,-0.33972326,-0.018838925,-0.26469684,-0.13124937,0.03370889,0.012397353,-0.7099905,-1.5528389,0.0034726444,0.0007487671,0.15579629,0.06573543,0.0022188707,0.08710539,-8.64364e-06,-0.033837546,0.0037324175,-0.029051822,-1.1874977,-0.18201137,-0.027073363,1.2948529,-0.014310277,0.01235168,0.12689124,0.065561175,-0.00023867916,0.004334671,0,0.021238277
-0.82136565,0.048912253,-0.36678547,-0.017408662,-0.097739816,0.083361745,0.043252487,0.024920091,0.17947674,0.34697384,0.007499192,-0.26907247,-0.056655303,0.055409115,0.0041557057,0.07042517,-1.322949e-05,-0.0068679,0.0071434136,-0.01364764,-0.0171323,-0.33451518,-0.02443075,2.2909825,-0.01961183,0.030530985,0.2483463,0.11906598,-0.00028149376,0.007343122,1,0.82220006
-1.047451,-0.001270359,-0.48473576,-0.007475867,-0.12591282,-0.018289587,0.028002847,0.0084343245,-0.07192359,-0.14629547,0.0026972785,-0.07376587,-0.10709711,-0.010212127,0.0014160265,0.04490069,-8.64364e-06,-0.016870474,-0.017279685,0.013694687,-1.467801,-0.5364785,0.08472963,-1.9877024,-0.046125367,0.014049576,0.058981013,-0.84219474,-0.0005198902,0.0029794767,0,0.0011806913
-0.7637368,-0.027100123,-0.3943967,-0.008512257,-0.1647781,0.012418731,0.04106116,0.010684946,-0.016657481,0.089529134,0.0025871554,-0.058451947,-0.05663272,-0.09343061,0.0015421285,0.03396405,-4.9424183e-05,-0.01595994,-0.0025074107,-0.03536758,-0.84455484,-0.5171745,-0.059624612,-2.7459223,-0.060794882,-1.0949173,0.13693379,0.08329107,-0.0007061657,0.0043097176,0,0.0014483181
-1.886674,-0.23965229,-0.27289936,-0.029251365,-0.4639905,-0.4548303,0.038106006,0.028662033,-0.06999063,-0.07615443,0.005589684,-0.18644844,-0.0059559634,0.0010168188,0.0028716722,-0.14088961,-4.9424183e-05,-0.010692957,-0.07644552,-0.050272193,0.026784226,-0.4306446,-0.027406495,1.6009914,-0.017187687,0.02486344,0.18911403,0.11137621,-0.0006342685,0.0071220826,1,0.083591565
-0.83546036,-0.17242469,-0.24744722,-0.050025146,-0.030246245,0.1725935,0.025636367,0.0084531335,-0.25800595,-0.61141247,0.0016614089,-0.040959533,0.029426986,-0.009089058,0.0010344746,0.051795103,-4.9424183e-05,-0.006913459,0.006376284,-0.03553954,-1.0995404,-0.61108774,-0.049203567,-1.7686863,-0.050405025,0.005237984,-0.6912902,0.040663082,-0.0002854478,0.0022062548,0,0.0019973484
-1.133289,-0.68091303,-0.12006152,-0.019349355,-0.52522355,-0.47102726,0.026823716,0.0081816465,-0.07971859,-0.28926957,0.0020707608,-0.19517715,-0.042513113,-0.057558585,0.0012756509,0.009986258,-9.558551e-05,-0.07291444,-0.015120372,0.00745827,-0.9352589,-0.5127233,-0.07228607,-2.003228,-0.028701354,0.0095857475,-0.5916568,0.046675194,-0.00043929837,0.0026098276,0,0.00044242147
-1.2366307,-0.18792282,-0.44032565,-0.086406134,0.020091766,0.04014166,0.046084084,0.016330339,-0.04831125,0.025130622,0.008342398,-0.10138969,0.22239256,0.12828219,0.005224385,-0.15418531,-8.64364e-06,-0.03708345,-0.095150575,-0.005263013,-1.88781,-0.3280063,-0.030242622,1.7920034,-0.012705943,0.026674114,0.17374755,0.10706881,-0.0002612066,0.007039069,1,0.116695926
-0.80834305,-0.0081070075,-0.18170877,0.02835154,-0.746316,0.020515222,0.04858724,0.019904204,0.24384107,0.5207088,0.007641685,0.118508786,-0.02286406,0.06694372,0.003929705,0.09469723,-9.260577e-06,-0.023759527,0.00276882,-0.007494659,-0.2015718,-0.1652252,-0.02568049,2.2761183,-0.01461289,0.030118743,0.2326712,0.12896954,-0.00039142574,0.007343122,1,0.83951014
-0.09538449,-0.66823757,-0.23837379,-0.03471872,0.032695282,0.03130065,0.051164266,0.020412853,0.2556251,0.4029941,0.007043627,-0.08458254,-0.04580459,0.024380429,0.0038922552,0.124546036,-8.64364e-06,-0.055583786,-0.0061449315,0.00781824,-1.378523,-0.20796913,-0.030251496,1.9987135,-0.014097318,0.025475852,0.1985614,0.12898976,-0.0004510798,0.0071220826,1,0.6153026
-0.597182,-0.20880307,-0.24845095,-0.036474798,0.2924682,0.03873593,0.027740166,0.008613941,-0.23449278,-0.5574059,0.0019535148,0.018267257,-0.08088886,-0.014666409,0.0011119395,0.03136468,-8.643641e-06,-0.029061306,-0.025276786,0.02707409,0.77592736,0.6780293,0.1532409,-0.57599264,-0.016412234,-0.022559762,-0.04658363,-0.5851412,-0.00025969004,0.0022042019,1,0.22901598
-0.9062926,-0.36234513,-0.17453387,-0.030498983,-0.5491747,-0.1095852,0.023645932,0.0073475246,-0.11256093,-0.24668393,0.001896452,0.016208516,-0.0610644,-0.4739426,0.0011629901,0.053566314,-8.64364e-06,-0.003511275,0.0009859628,-0.036205262,-1.3177594,-0.62511766,-0.05483499,-1.7059313,-0.04298964,0.009627068,-0.57773423,0.042952985,-0.00028363068,0.002260101,0,0.00072954886
-0.82459944,-0.7703697,-0.10879578,-0.018423406,-0.1506568,-0.00046358636,-1.6240944,-0.53825897,0.08416063,0.12239107,0.0030930683,-0.13847086,-0.020860543,-0.024268564,0.012507778,0.050312445,-0.0010200533,0.0022487806,0.015479366,-0.034825083,-0.89380515,-0.47083077,-0.045435406,-2.3598256,-0.046478134,0.015251533,0.06980538,0.064759895,0.0018994666,0.003099145,0,0.00049156696
-0.881714,4.056391,0.1890459,-0.024882732,-0.075271666,-0.6062163,0.02062886,0.01994468,0.0008716523,0.115470365,0.010973995,-0.5695216,0.24769092,0.1288952,0.0052698436,0.0035725415,-4.9424183e-05,-0.0417076,-0.03886181,0.0034448074,-0.47340965,-0.6120896,-0.026145866,1.9889077,-0.016635029,0.027474113,0.1730423,0.120913714,-0.0003816317,0.007343122,1,0.9772915
-0.1605426,3.6148076,0.11726964,0.1122617,0.07553201,-0.34101433,0.033288386,0.014476069,0.0028898658,0.02295299,0.011700098,0.019303719,0.024458488,0.015245094,0.0065577184,-0.11136476,-2.2618437e-05,-0.0002493293,-0.029481122,0.0023443052,-0.9656922,-0.18202324,-0.027299386,2.1970303,-0.017658906,0.027181754,0.19939731,0.10668114,-0.00026960354,0.007039069,1,0.99170566
-1.5435745,-0.22006364,-0.32262316,-0.0050944774,-0.18865739,-0.0013459304,0.025577521,0.008411034,-0.36184552,-0.6916441,0.0018538056,-0.042391904,-0.09750322,0.0077055893,0.0009575908,0.030040877,-6.685659e-06,-0.018198822,0.0037864356,-0.030659134,-1.3179963,-0.82993686,-0.05159177,-1.4916396,-0.0630869,0.000787827,0.05473967,-0.7002969,-0.00054988294,0.0022402124,0,0.00039605855
-0.109620616,-0.041107807,-0.12834387,0.026289875,-0.15305723,-0.4977374,0.04449744,0.0109497495,-0.6747611,-1.6479648,0.0034660643,0.0027709792,-0.122498214,-0.0055609345,0.0022446138,0.064372204,-8.64364e-06,-0.019843452,-7.484696e-05,-0.025938135,-1.5170988,-0.6682743,-0.027856106,0.92507243,-0.031006053,0.016905777,0.11946526,0.08072859,-0.00020764505,0.004334671,0,0.0126071
-0.51382077,-1.4930922,-0.12078949,-0.0243467,-0.32115784,0.14572434,0.04686194,0.025001286,0.26592168,0.36047056,0.005634384,-0.085896626,-0.033528123,0.030055555,0.004296209,0.1337814,-4.044135e-05,-0.046363097,0.028536096,0.008006573,-1.62497,-0.12893207,-0.029428203,1.667363,-0.010512344,0.026523927,0.17931387,0.108823545,-0.00068258727,0.00681803,1,0.20078832
-0.8065744,0.02631788,-0.33932427,-0.038930774,-0.13667966,0.033823267,0.02706618,0.012827537,0.076573074,0.23825838,0.002582275,-0.2550401,0.013656467,-0.022935655,0.001540133,0.0385054,-4.9424183e-05,-0.011734178,0.006103782,-0.034401793,-0.9071846,-0.55945224,-0.048054703,-2.7696378,-0.060512073,0.016435385,0.11010294,-0.9842439,-0.0006953119,0.003061155,0,0.0017271594
-1.4017779,0.049608927,-0.069647655,0.090036154,0.03818918,0.10252616,0.046568207,0.019810392,0.203995,0.38942277,0.008477264,-0.05277263,-0.11460345,0.010718846,0.0055013,0.11551474,-2.2618437e-05,-0.0052455766,0.013396688,-0.00040096234,-1.357527,-0.2490655,-0.02953762,2.0391808,-0.01668831,0.029004674,0.1937781,0.11493804,-0.0002954136,0.007039069,1,0.54715335
-0.5479146,0.03851272,-0.09617805,0.07770335,-0.19509226,0.071866,0.05144457,0.016691888,0.26494727,0.47825694,0.008279969,-0.013589372,-0.020647114,-0.04312411,0.0058901017,0.15636107,-8.64364e-06,-0.02210327,0.0052476902,-0.01893467,-1.0888138,-0.16087735,-0.024682527,2.2458699,-0.015107613,0.029663919,0.20808373,0.12048713,-0.00023309777,0.007039069,1,0.82463837
-0.92579925,-0.045541853,-0.28245062,0.05466339,-0.030387351,-0.29714492,0.02397554,0.008401906,-0.13839118,-0.39850137,0.002088926,-0.2913517,0.034910053,-0.032982163,0.0012203052,0.04083579,-4.9424183e-05,-0.0148372175,-0.0041585807,-0.032415792,-1.0517284,-0.5514995,-0.046408165,-2.378684,-0.07013486,0.010766349,-0.65876365,0.04326806,-0.00030696002,0.0023560994,0,0.00089303066
-0.18582393,-0.06131159,-0.074412555,0.050512277,-0.11716257,0.009641427,-1.5439531,-0.0039241905,-0.21690482,-0.5930679,0.0017480202,0.026196549,-0.158871,-0.004515351,-0.0003739657,0.054133657,-8.64364e-06,-0.02238158,-0.019965298,0.027828084,-1.4197273,-0.84184134,0.100281864,-1.5263042,-0.06254667,-0.64465046,0.050271977,0.026120892,-0.0027617828,0.0017966881,0,0.00078981335
-0.2014851,-0.28978604,-0.17008501,-0.014677452,-0.07889904,0.0110978335,0.028890133,0.014409211,-0.04798524,0.019652177,0.0026815173,0.113678955,-0.08339283,0.023815826,0.0014673679,0.053152967,-4.9424183e-05,-0.003588125,0.004502397,-0.034516934,-1.0552217,-0.6216484,-0.046730522,-2.616362,-0.050620776,0.011952967,0.09308368,-1.0127087,-0.0008353234,0.002999396,0,0.0026299586
-0.98334134,-0.37989205,-0.18792008,-0.01575979,-0.13697122,0.23796794,0.0443669,0.028573368,-0.05464344,0.07197334,0.0067695426,-0.41088256,0.0020297845,-0.020378562,0.0039355224,0.07497894,-2.516625e-05,0.0026928533,0.000143248,-0.014314669,-0.24969377,-0.5630202,-0.022663824,1.8665575,-0.0167075,0.028463334,0.13895611,0.13731478,-0.0006291647,0.0071220826,0,0.4022868
-0.7345725,-0.63287145,-0.035872597,-0.014082493,-0.46128282,-0.46539626,-1.0408717,0.009215421,-0.08497045,-0.112201735,0.002520458,-0.002091118,-0.01683509,-0.09444011,0.004933652,-0.10724519,-4.5451732e-05,-0.014604119,-0.041128237,0.0019446998,-1.0032853,-0.67986476,-0.05017197,-1.969537,-0.028575415,0.01033296,-0.5601938,0.049391244,-0.011001219,0.002146229,0,0.00031218427
-0.8903356,-0.14042561,-0.34910578,-0.020785417,-0.13006613,-0.05811968,0.048595037,0.024416372,-0.112831414,0.036179274,0.007148293,-0.37176335,-0.10911158,-0.011008744,0.0039169393,0.050424658,-4.9424183e-05,-0.008071996,0.0075522433,-0.014227842,-0.22823271,-0.6127267,-0.02266062,1.9586678,-0.01997775,0.030273601,0.21735758,0.13175361,-0.00041966542,0.007343122,1,0.36187434
-0.6461207,-0.11207306,-0.45253325,-0.08972806,-0.37009048,-0.2621419,0.045397103,0.016222678,0.025427213,0.027439408,0.007025583,-0.115670905,-0.17559092,-0.73712057,0.0041734735,-0.41826376,-8.64364e-06,-0.04258432,-0.083298124,-0.012422655,-1.3690647,-0.3723875,-0.02806686,1.9248371,-0.014820256,0.026755733,0.17819162,0.12145357,-0.00024619163,0.007343122,0,0.05171476
-0.83784735,0.025144203,-0.32652354,0.00032385753,-0.1737829,0.19686255,0.023570344,0.012751192,-0.07886153,-0.1370415,0.00252393,-0.34287047,0.03439005,-0.01334857,0.0013979914,0.0443232,-2.516625e-05,-0.010514383,-0.00023110105,-0.03479628,-1.1205982,-0.6348818,-0.048020378,-2.3605728,-0.06053141,0.016720725,0.051780373,-0.9879069,-0.0005757644,0.003061155,0,0.0011729879
-0.8661629,-0.09779283,-0.21712631,-0.021325937,-0.09506593,0.05900138,0.04784744,0.02296664,0.22108527,0.49629596,0.0076494245,-0.3828235,-0.066689216,0.021683514,0.0041940347,0.08652513,-4.9424183e-05,-0.01564856,0.005282365,-0.0111318575,-0.2596222,-0.19838424,-0.024279686,2.244687,-0.015471449,0.029865857,0.2412286,0.1345693,-0.00037921342,0.007343122,1,0.7969476
-0.8316759,-0.10413232,-0.27292606,-0.040200893,-1.0521896,-0.0064704902,0.042398732,0.020396288,0.01934989,0.08123923,0.007644058,-0.03560805,-0.17893153,-0.098437704,0.0038777315,0.04148568,-1.322949e-05,-0.004554061,0.0046740887,0.0019132023,-0.19649936,-0.35751256,-0.03143309,1.9920169,-0.01427031,0.027356192,0.23320563,0.11923347,-0.00037881284,0.007343122,1,0.35113674
-0.9672886,-0.20881268,-0.13346076,-0.015825765,-0.02517687,0.06248736,0.027082227,0.012866817,-0.10458099,0.1053337,0.002738617,-0.025627628,-0.5164541,-0.22614592,0.0014860356,-0.03157768,-4.9424183e-05,-0.016891023,-0.006744981,-0.025073707,-0.9413883,-0.64811623,-0.040925365,-2.5414178,-0.056144174,0.015003515,0.10711414,-1.0208913,-0.0006800534,0.003061155,0,0.00074079284
-1.1961982,-0.059473243,-0.22478986,0.029940292,-0.105138294,-0.45642638,0.044678856,0.019926982,0.20466106,0.49863693,0.0075963642,0.11020039,-0.10520269,0.028658668,0.0042169355,0.09012785,-4.9424183e-05,-0.0075039035,0.002339362,-0.008818891,-0.1920425,-0.15188235,-0.03216731,2.2412586,-0.019025508,0.030552022,0.20942484,0.12315489,-0.00036977738,0.007343122,1,0.7507623
-0.85153633,-0.675462,-0.107050575,-0.018143075,-0.10978215,-0.0688852,-1.6507249,-0.39637423,-0.2633841,-0.53500575,0.001873004,0.029278776,0.013112006,-0.027342783,0.007916219,0.045766912,-9.558551e-05,-9.854467e-05,0.0065198513,-0.033124473,-0.73352814,-0.4029347,-0.044961303,-1.8850554,-0.04552958,0.010958145,0.042043656,0.051666126,0.0025378442,0.00224216,0,0.0004873447
-0.8117775,0.058901563,-0.64556426,-0.013317815,0.2709481,0.1829652,0.028106036,0.010097093,0.040422246,0.04951395,0.0025825638,-0.12462632,-0.07599259,-0.07895824,0.0017654111,0.013823492,-8.643641e-06,-0.2893913,-0.109508775,0.039774004,0.4601007,0.57946277,0.17195271,-1.4931791,-0.015858406,-0.045094278,-0.69817495,0.0074324794,-0.0002463974,0.0029202527,1,0.07785338
-0.54802203,-0.16583164,-0.31618428,-0.013041065,0.042845704,-0.01419489,0.029094849,0.009986803,-0.047169097,0.020306956,0.0025576977,-0.37091622,0.026774965,-0.047460154,0.0017615253,0.02892714,-8.64364e-06,-0.026292538,0.017129507,-0.056117225,-1.289574,-0.60633063,-0.05650504,-2.3584795,-0.06055695,0.01284038,-0.79764783,0.050316565,-0.00028905517,0.0029202527,0,0.0014713415
-0.09341574,-0.09495481,-0.23911723,-0.018695448,-0.091154724,-0.49406138,0.040916562,0.020088289,0.2242836,0.44316182,0.007064184,-0.147859,-0.015408872,-0.042113785,0.0042089843,0.14817962,-8.64364e-06,-0.016184652,0.0024996637,-0.018370748,-1.1889384,-0.49646384,-0.02378672,2.021031,-0.020783264,0.028371431,0.20698237,0.12585008,-0.00028996455,0.007343122,1,0.57136613
-0.20829979,-0.31910703,-0.18329528,-0.016411867,-0.038083818,-0.0747442,0.036432747,0.025598701,-0.033099227,-0.045086753,0.0074453345,0.034079004,0.22509784,0.10130714,0.004252422,0.021802157,-4.9424183e-05,-0.009667391,-0.0214981,0.0031786656,-0.16205582,-0.18608405,-0.027165571,2.2718818,-0.018194836,0.031889874,0.23793243,0.13739993,-0.00034448964,0.007343122,1,0.85954386
-1.117733,-0.59651583,-0.27607065,-0.039704125,-0.27891785,0.16995892,0.046840936,0.019942489,-0.053080007,-0.008274328,0.0070154136,-0.06438168,-0.047418326,0.007081091,0.0038231544,0.09741916,-8.64364e-06,-0.045477662,0.019252528,0.00254659,-1.4402261,-0.21279044,-0.028954921,1.7742206,-0.014123026,0.025831359,0.17087588,0.113356,-0.0004510798,0.0071220826,1,0.1480739
-1.5421233,-0.755349,-0.14627627,-0.019708829,-0.105676584,0.023824928,-1.6199558,-0.38712487,-0.2623452,-0.5549592,0.0017936367,0.03201242,-0.0032829272,-0.035795122,0.0077829193,0.05361573,-0.0010200533,-0.005179343,-0.08217613,-0.031426925,-0.701088,-0.53545475,-0.044680815,-1.6810011,-0.047551557,0.009970131,0.035285205,0.02426263,0.0015435307,0.00224216,0,0.00023380456
-1.0198103,-0.053068385,-0.2471361,0.04764016,-0.10413404,0.004073471,0.03053878,0.009136105,0.07809828,0.16186982,0.0027891407,-0.010030522,-0.14601402,0.015459892,0.0018062775,0.060891602,-8.64364e-06,-0.005990168,0.0077626673,0.010037361,-1.1299073,-0.7639804,-0.07768763,-2.5379727,-0.065693595,0.009527656,-0.76258713,0.05299726,-0.00030600827,0.0029202527,0,0.0016264461
-0.836996,3.4325583,-0.21086194,-0.030428115,-0.8160572,0.06427006,0.031991404,0.018441517,-0.0434079,-0.050361097,0.011608234,-0.034461122,-0.24409872,-0.12053815,0.0048517203,-0.21642096,-4.9424183e-05,-0.018632086,-0.045697216,-0.019140763,-0.36907625,-0.109661676,-0.028101277,2.199266,-0.0122829415,0.029616922,0.24109517,0.11821084,-0.00038224278,0.007343122,1,0.9508112
-0.13059895,-0.027922815,-0.2265684,0.104579955,-0.1740003,0.05425541,0.050448533,0.019701976,-0.10394538,-0.2580575,0.006463758,-0.11525232,0.006868459,-0.082748204,0.0035123895,0.052082352,-4.9424183e-05,-0.0060813846,0.0002102452,-0.015209718,-0.099240415,-0.51471907,-0.02196867,2.0463831,-0.019838344,0.027707402,0.17514023,0.13018864,-4.630968e-05,0.007343122,0,0.7104748
-1.2974647,-0.20620283,-0.23849511,0.09399911,-1.1322956,-0.17083855,0.032938257,0.01999957,-0.1690195,0.0033587636,0.007594919,0.003994487,-0.5361936,-0.1399852,0.0038827937,-0.22086635,-4.9424183e-05,-0.02605628,0.0362977,0.0012860302,-0.20931251,-0.10342143,-0.028993327,1.9960376,-0.00051834085,0.027513344,0.20867597,0.12044465,-0.0003748812,0.007343122,1,0.12924305
-0.7588021,-0.2938365,-0.2512867,-0.028908903,-1.4846811,0.039021716,0.027813936,0.018579733,0.13861498,0.088415906,0.0019647533,-0.15408283,-0.37172902,-0.15323323,0.0014084587,0.02772669,-4.9424183e-05,-0.010009064,-0.0061422577,-0.037129246,-0.87737757,-0.6457096,-0.045711383,-1.9442346,-0.06497667,0.011600813,0.07391172,-0.9264764,-0.0007587763,0.002999396,0,0.00049323856
-1.3774282,-0.41364262,-0.17836824,-0.017286453,-0.22553577,-0.24944316,0.02759701,0.010660384,-0.06874112,-0.1641257,0.002397181,-0.017006615,0.0139189735,0.006449983,0.0015284995,-0.042834707,-1.322949e-05,-0.010994219,-0.056342233,-0.019077582,-0.8587031,-0.8368541,-0.064583614,-2.3794158,-0.061019503,0.010995182,-0.8027808,0.056068182,-0.0002875466,0.003000453,0,0.00045134808
-0.8588938,-0.24971226,-0.32510126,-0.009600542,0.25311148,0.06964859,0.037781775,0.011690453,0.061108325,0.0931932,0.0028728924,-0.079250425,-0.050068073,-0.0020533062,0.0017450913,0.031650044,-6.685659e-06,-0.12927441,-0.017542128,0.022925146,0.37517354,0.4981146,0.15446423,-1.4675589,-0.01686854,-1.0623555,-0.034955435,-0.008333374,-0.00030940858,0.004005665,0,0.063843675
-0.18416135,0.029869566,-0.5589751,-0.010366814,-0.56061894,-0.1141504,0.022854628,0.009861798,0.04617666,0.15819699,0.0027262915,-0.14011349,-0.02070843,-0.067597695,0.001764753,0.061049767,-8.64364e-06,-0.049001478,-0.096297905,0.0293549,-1.3803198,-0.49201316,0.1003693,-2.538777,-0.04481996,0.00882211,0.078043535,-0.8609732,-0.0005161233,0.0029794767,0,0.0014162874
-1.4217243,-0.8814749,-0.09553317,-0.02902092,-0.25813144,0.011424186,-1.5502423,-0.47955477,0.051400036,-0.06547128,0.0021633264,-0.30660504,-0.05004785,-0.059243254,0.016957317,-0.12300846,-9.558551e-05,-0.08934858,0.015726753,0.000488407,-0.88083106,-0.57282025,-0.07401895,-1.8127815,-0.037210006,0.00972993,0.06502197,0.036435004,0.0034860452,0.003099145,0,0.000191165
-1.3723055,-0.8388047,-0.18005605,-0.027417194,-0.3340058,-0.66519797,-1.4664888,-0.5293235,-0.015352207,-0.11833974,0.0016131565,-0.15386584,-0.31480938,-0.01442627,0.010840871,-0.25601676,-0.0010200533,-0.02200764,-0.092692144,-0.00045921124,-0.77629745,-0.5170654,-0.06253852,-1.8273222,-0.040376723,0.012699052,0.05601038,0.040895928,0.001134763,0.003099145,0,7.553434e-05
-0.90371203,-0.008221581,-0.39924887,-0.0046140137,-0.52251744,0.15923215,0.054299116,0.034042504,-0.11951376,-0.44983172,0.0066546155,0.18063317,0.021653922,0.0041953023,0.0030272768,0.06997777,-9.260577e-06,-0.012417161,-0.0023319602,-0.009899226,0.2520502,-0.5258085,-0.018082665,2.0565894,-0.018519295,0.022745477,0.21146047,0.09754782,-0.00030074065,0.004971542,1,0.54812664
-0.92027545,-0.2646176,-0.14139248,-0.004813789,-0.7475057,-0.012950638,0.019622382,0.00917633,-0.2249164,-0.45911607,0.0019405804,-0.00060248876,-0.62024,-0.21788658,0.0010925279,-0.019848434,-6.685659e-06,-0.02256064,-0.010688759,-0.051995482,-1.5526072,-0.5896169,-0.048100557,-1.4729241,-0.04706256,0.0056668287,-0.0048355926,-0.7336897,-0.00054274127,0.0022042019,0,0.00029742773
-1.1528822,-0.07645119,-0.21145555,0.06211268,-0.56859905,-0.30308434,0.028918225,0.008726256,-0.10498816,-0.1366875,0.0027481415,-0.031833697,-0.09960208,-0.5960198,0.0020417215,-0.23113184,-2.2618437e-05,-0.001813626,-0.05063764,-0.00020293158,-1.0471121,-0.5255502,-0.07389819,-2.4157944,-0.0667044,-0.9321301,0.033330992,0.05690189,-0.00059977226,0.004005665,0,0.00022050604
-0.18884401,-0.01071961,-0.12574199,0.0963945,-0.477991,-0.2835257,0.037611663,0.022471411,-0.11288066,-0.06656343,0.0070537003,-0.14909054,0.021055669,-0.036149032,0.004321071,-0.073343344,-4.9424183e-05,-0.01857464,-0.008008858,0.0035742011,-0.29850203,-0.6278273,-0.026804775,1.8756517,-0.017183356,0.03043042,0.16894402,0.13183498,-0.00048705217,0.007343122,1,0.47338843
-1.5017387,-0.29485717,-0.32196242,-0.03551318,0.23320523,0.16847642,0.025602616,0.009610216,-0.0558723,-0.16572008,0.0025490297,-0.06676769,-0.06545066,-0.09638383,0.0016992057,-0.16139327,-6.685659e-06,-0.20689292,-0.025639141,0.021441443,0.4631416,0.5456581,0.1718561,-1.2385536,-0.014650107,-0.045445953,-0.7137884,0.029471098,-0.00022434846,0.0029202527,1,0.034684043
-0.7290049,3.5770276,0.19740328,0.1571317,0.04628966,-0.40127346,0.043355875,0.0122565385,-0.0142677855,0.03742341,0.011826838,0.02002514,-0.26150995,-0.030316988,0.0066135833,-0.2199024,-8.64364e-06,-0.01628498,-0.029116463,0.002944275,-0.84192204,-0.1829735,-0.026290176,2.175288,-0.012869253,0.026263332,0.20019789,0.10567052,-0.0002752827,0.007039069,1,0.97956365
-0.82597363,0.03244698,-0.30365324,-0.013229143,0.0019308229,0.32705984,0.04540904,0.022519862,-0.087899834,-0.010185963,0.0070803775,0.1734356,0.052627742,0.016735952,0.0039561247,0.061479785,-4.9424183e-05,-0.016459983,0.001675108,-0.012586911,-0.37813136,-0.48245668,-0.024186766,2.1109424,-0.016488787,0.03220044,0.24044323,0.13322075,-0.00049670937,0.007343122,1,0.75171196
-0.6596948,-0.1477337,-0.16251594,-0.016880887,-0.022859566,-0.41032898,0.027596723,0.011974652,0.10242973,0.22925588,0.0025634978,-0.07843695,-0.012303166,-0.031325974,0.0015279673,0.057679884,-1.322949e-05,-0.035207663,-0.03643319,-0.0025120492,-0.8464615,-0.7077943,-0.057675283,-2.7250865,-0.060358427,0.010289427,0.08767311,-1.0253282,-0.00067781686,0.003061155,0,0.0015063982
-1.2461188,0.094634056,-0.2617186,-0.0055827573,-0.1091909,-0.82187945,0.045914557,0.024487019,0.005192587,-0.06611549,0.007339486,0.14872086,0.053118706,-0.07720885,0.0043021943,0.01762231,-4.9424183e-05,-0.006750584,-0.006314828,-0.008951462,0.13226146,-0.24796706,-0.024110986,2.1787684,-0.020020086,0.03157825,0.1963549,0.12382622,-0.000406145,0.007343122,1,0.54441565
-0.24175714,-0.14835139,-0.3402065,-0.009072412,-0.7990456,-0.059969775,0.03771317,0.012744812,-0.12467757,-0.6281656,0.0017324899,0.03481444,0.027320707,0.023655947,0.0010159384,0.041817665,-1.322949e-05,-0.019409595,0.0131396875,-0.020987237,-1.0580919,-0.7061037,-0.019284768,-1.6101367,0.5551894,0.016985435,0.10526194,0.066143304,-0.00030395316,0.004417057,0,0.007887382
-1.3237252,-0.21405022,-0.3452792,-0.0032034956,-0.053602174,-0.034693997,0.029085875,0.008056122,-0.07226548,-0.18124825,0.0025200238,-0.36812437,-0.13616247,-0.0072555747,0.0014116543,0.02936526,-6.685659e-06,-0.019473277,-0.043686047,0.02113338,-1.4630426,-0.60016704,0.08636981,-1.8865261,-0.044673666,0.0051469165,-0.714303,0.040504195,-0.00026891538,0.0029202527,0,0.0006913389
-1.3883481,-0.22510321,-0.2015526,-0.014328241,0.008326522,-0.0015175142,0.02183431,0.01000087,-0.15197839,-0.35124597,0.0016618854,0.06568581,0.067696355,0.040896554,0.0011294761,0.017809756,-2.2618437e-05,-0.018191442,-0.11011375,0.011963308,-1.6068649,-0.7625543,0.066583104,-1.7453276,-0.05692356,0.006312836,0.052097395,-0.7195246,-0.00042645662,0.0023567537,0,0.0009381902
-0.2882708,-0.026561575,-0.056863293,0.036376063,-0.0026198642,0.0040511526,0.029014109,0.0068406886,-0.29762462,-0.64470816,0.0018838514,0.0063583977,-0.52567434,-0.22220255,0.0011145464,-0.02959191,-8.64364e-06,-0.015610404,-0.0018171755,-0.051905286,-1.2737715,-0.88764393,-0.051514287,-1.4806236,-0.06470999,0.0084158415,-0.6224769,0.044447485,-0.0002693722,0.0021707695,0,0.0016675314
-0.82082194,-0.62367,-0.07323879,-0.017142644,0.30826598,0.007265295,0.030079694,0.012284959,-0.0032352624,0.028861074,0.002106005,-0.10590861,-0.035953958,-0.04175427,0.0015607093,0.015728572,-4.044135e-05,-0.4280921,-0.1248142,0.0395404,0.436257,0.59306896,0.17581019,-0.9901862,-0.012589748,-0.049630586,-0.675286,0.00990153,-0.00059478753,0.0028597396,0,0.08864309
-0.059916794,-0.106151976,-0.208081,-0.03106158,-0.14023042,0.327986,0.0475563,0.017805314,0.24772055,0.4322666,0.007025583,-0.068646275,0.017902669,-0.018234372,0.0041899867,0.15072502,-8.64364e-06,0.0051305536,0.011292516,0.007479884,-1.0901992,-0.3304147,-0.029143116,2.150288,-0.014908832,0.028222667,0.21387413,0.1339102,-0.00024619163,0.007343122,1,0.84845454
-0.9388797,-1.199914,-0.12987666,-0.018418856,-0.020544022,0.028987039,0.048148315,0.042382255,-0.11199965,-0.11602152,0.006509972,-0.3833203,-0.08216733,0.022468029,0.0032742654,0.046790276,-0.0010200533,0.00049181463,-0.00032176595,-0.015121853,-0.14436191,-0.81670815,-0.024007743,1.7347038,-0.014134806,0.024399837,0.18388706,0.12872264,-0.0018280363,0.0071220826,1,0.15036955
-1.4972216,-0.1901278,-0.35572731,-0.018247787,0.02943708,0.028906457,0.045687243,0.022927782,0.22676608,0.43326488,0.007241398,-0.07844571,-0.068313785,0.020049592,0.00395397,0.06807699,-4.9424183e-05,-0.008734921,0.01667467,-0.0068662707,-0.43117008,-0.7723813,-0.022578184,2.1183088,-0.016489044,0.030330189,0.17346694,0.12803906,-0.00042043126,0.007343122,1,0.47570756
